Date,Symbol,Status,Reason,Rank,Score,Sector,Old_Weight,New_Weight,Check,Regime_On
2024-07-12,AAPL,not selected,skipped: sector cap (Technology already 4),8.0,55.2576,Technology,0.0,0.0,weekly,1
2024-07-12,ANET,not selected,skipped: sector cap (Technology already 4),13.0,52.1369,Technology,0.0,0.0,weekly,1
2024-07-12,AVGO,not selected,skipped: sector cap (Technology already 4),7.0,56.5382,Technology,0.0,0.0,weekly,1
2024-07-12,CVLT,not selected,skipped: sector cap (Technology already 4),10.0,54.214,Technology,0.0,0.0,weekly,1
2024-07-12,LRCX,not selected,skipped: sector cap (Technology already 4),19.0,42.1175,Technology,0.0,0.0,weekly,1
2024-07-12,NVDA,add,selected (rank 4),4.0,58.2147,Technology,0.0,0.0804,weekly,1
2024-07-12,ORCL,not selected,skipped: sector cap (Technology already 4),11.0,53.8485,Technology,0.0,0.0,weekly,1
2024-07-12,RCL,add,selected (rank 16),16.0,47.4768,Consumer Discretionary,0.0,0.1582,weekly,1
2024-07-12,TSLA,add,selected (rank 14),14.0,51.1533,Consumer Discretionary,0.0,0.0686,weekly,1
2024-07-12,UI,add,selected (rank 6; sector cap relaxed: fewer than 10 fit the cap within the top 20),6.0,56.6713,Technology,0.0,0.1236,weekly,1
2024-07-12,APLD,not selected,skipped: sector cap (Technology already 4),17.0,46.9989,Technology,0.0,0.0,weekly,1
2024-07-12,ARM,add,selected (rank 1),1.0,64.1585,Technology,0.0,0.058,weekly,1
2024-07-12,ASTS,add,selected (rank 9),9.0,54.7948,Communication Services,0.0,0.0206,weekly,1
2024-07-12,CIFR,not selected,skipped: sector cap (Technology already 4),18.0,44.8333,Technology,0.0,0.0,weekly,1
2024-07-12,CVNA,add,selected (rank 2),2.0,63.7619,Consumer Discretionary,0.0,0.0506,weekly,1
2024-07-12,SOUN,not selected,skipped: sector cap (Technology already 4),12.0,53.6021,Technology,0.0,0.0,weekly,1
2024-07-12,TRGP,add,selected (rank 20),20.0,42.0367,Energy,0.0,0.2384,weekly,1
2024-07-12,CRDO,not selected,skipped: sector cap (Technology already 4),15.0,50.1676,Technology,0.0,0.0,weekly,1
2024-07-12,LITE,add,selected (rank 5),5.0,57.3672,Technology,0.0,0.1147,weekly,1
2024-07-12,CLS,add,selected (rank 3),3.0,61.6947,Technology,0.0,0.0869,weekly,1
2024-07-19,BKR,add,selected (rank 9),9.0,44.1973,Energy,0.0,0.1951,weekly,1
2024-07-19,HOOD,hold,selected (rank 5),5.0,55.4635,Financials,0.058,0.0868,weekly,1
2024-07-19,RCL,drop,rank 12 outside top 10,12.0,40.3399,Consumer Discretionary,0.1582,0.0,weekly,1
2024-07-19,TSLA,drop,rank 13 outside top 10,13.0,38.9798,Consumer Discretionary,0.0686,0.0,weekly,1
2024-07-19,UI,hold,selected (rank 7),7.0,51.4688,Technology,0.1236,0.1408,weekly,1
2024-07-19,ASTS,hold,selected (rank 4),4.0,57.5436,Communication Services,0.0206,0.0234,weekly,1
2024-07-19,CIFR,hold,selected (rank 1),1.0,59.402,Technology,0.2384,0.0447,weekly,1
2024-07-19,CVNA,hold,selected (rank 8),8.0,46.4477,Consumer Discretionary,0.0506,0.0581,weekly,1
2024-07-19,JOBY,add,selected (rank 10),10.0,43.75,Industrials,0.0,0.0737,weekly,1
2024-07-19,MARA,hold,selected (rank 2),2.0,58.8694,Technology,0.0869,0.0505,weekly,1
2024-07-19,MSTR,add,selected (rank 6),6.0,52.2496,Technology,0.0,0.0514,weekly,1
2024-07-19,TRGP,add,selected (rank 3),3.0,57.6061,Energy,0.0,0.2754,weekly,1
2024-07-19,LITE,drop,rank 20 outside top 10,20.0,28.6018,Technology,0.1147,0.0,weekly,1
2024-07-26,BKR,hold,selected (rank 5),5.0,50.2179,Energy,0.1951,0.1391,weekly,1
2024-07-26,CVLT,add,selected (rank 8),8.0,46.9966,Technology,0.0,0.1568,weekly,1
2024-07-26,HOOD,drop,rank 34 worse than 20 (picks only from ranks 1-20),34.0,16.2045,Financials,0.0868,0.0,weekly,1
2024-07-26,UI,hold,selected (rank 2),2.0,55.9957,Technology,0.1408,0.1062,weekly,1
2024-07-26,UNH,hold,selected (rank 4),4.0,51.3305,Health Care,0.0505,0.1499,weekly,1
2024-07-26,LMT,add,selected (rank 6),6.0,48.3929,Industrials,0.0,0.2344,weekly,1
2024-07-26,ASTS,hold,selected (rank 1),1.0,64.4771,Communication Services,0.0234,0.0179,weekly,1
2024-07-26,CIFR,hold,selected (rank 7),7.0,47.1545,Technology,0.0447,0.0364,weekly,1
2024-07-26,CVNA,hold,selected (rank 3),3.0,52.2499,Consumer Discretionary,0.0581,0.0449,weekly,1
2024-07-26,JOBY,drop,rank 11 outside top 10,11.0,45.6482,Industrials,0.0737,0.0,weekly,1
2024-07-26,MSTR,hold,selected (rank 10),10.0,45.9484,Technology,0.0514,0.0408,weekly,1
2024-07-26,RKLB,add,selected (rank 9),9.0,46.5588,Industrials,0.0,0.0736,weekly,1
2024-07-26,TRGP,drop,rank 30 worse than 20 (picks only from ranks 1-20),30.0,22.8055,Energy,0.2754,0.0,weekly,1
2024-08-02,BKR,drop,rank 13 outside top 10,13.0,30.5842,Energy,0.1391,0.0,weekly,1
2024-08-02,CVLT,hold,selected (rank 6),6.0,55.6556,Technology,0.1568,0.0471,weekly,1
2024-08-02,MCK,add,selected (rank 3),3.0,61.0986,Health Care,0.0,0.1702,weekly,1
2024-08-02,REGN,add,selected (rank 4),4.0,60.1258,Health Care,0.0,0.1616,weekly,1
2024-08-02,UI,hold,selected (rank 8),8.0,43.2062,Technology,0.1062,0.0639,weekly,1
2024-08-02,UNH,hold,selected (rank 2),2.0,63.0966,Health Care,0.1499,0.0964,weekly,1
2024-08-02,NOC,add,selected (rank 10),10.0,39.0717,Industrials,0.0,0.1287,weekly,1
2024-08-02,LMT,hold,selected (rank 5),5.0,59.2898,Industrials,0.2344,0.1519,weekly,1
2024-08-02,ASTS,hold,selected (rank 1),1.0,78.5866,Communication Services,0.0179,0.0114,weekly,1
2024-08-02,CIFR,drop,rank 19 outside top 10,19.0,9.7888,Technology,0.0364,0.0,weekly,1
2024-08-02,CVNA,hold,selected (rank 7),7.0,53.0265,Consumer Discretionary,0.0449,0.043,weekly,1
2024-08-02,MSTR,drop,rank 18 outside top 10,18.0,14.0643,Technology,0.0408,0.0,weekly,1
2024-08-02,RKLB,drop,rank 17 outside top 10,17.0,22.4177,Industrials,0.0736,0.0,weekly,1
2024-08-02,TRGP,add,selected (rank 9),9.0,39.2293,Energy,0.0,0.1258,weekly,1
2024-08-09,CVLT,hold,selected (rank 5),5.0,57.3433,Technology,0.0471,0.056,weekly,1
2024-08-09,MCK,drop,rank 31 worse than 20 (picks only from ranks 1-20),31.0,10.2542,Health Care,0.1702,0.0,weekly,1
2024-08-09,REGN,hold,selected (rank 4),4.0,59.6201,Health Care,0.1616,0.1801,weekly,1
2024-08-09,UI,hold,selected (rank 8),8.0,49.6973,Technology,0.0639,0.0753,weekly,1
2024-08-09,UNH,hold,selected (rank 9),9.0,49.1766,Health Care,0.0964,0.1127,weekly,1
2024-08-09,UPST,add,selected (rank 2),2.0,64.1485,Financials,0.0,0.0295,weekly,1
2024-08-09,NOC,hold,selected (rank 10),10.0,46.4089,Industrials,0.1287,0.157,weekly,1
2024-08-09,LMT,hold,selected (rank 3),3.0,63.4404,Industrials,0.1519,0.1823,weekly,1
2024-08-09,ASTS,hold,selected (rank 1),1.0,77.0997,Communication Services,0.0114,0.0139,weekly,1
2024-08-09,CVNA,hold,selected (rank 7),7.0,49.9235,Consumer Discretionary,0.043,0.0522,weekly,1
2024-08-09,TRGP,hold,selected (rank 6),6.0,57.0544,Energy,0.1258,0.141,weekly,1
2024-08-16,CVLT,hold,selected (rank 3),3.0,64.459,Technology,0.056,0.0843,weekly,1
2024-08-16,FTNT,add,selected (rank 9),9.0,47.3712,Technology,0.0,0.0844,weekly,1
2024-08-16,NVDA,add,selected (rank 6),6.0,48.9526,Technology,0.0,0.0717,weekly,1
2024-08-16,REGN,hold,selected (rank 5),5.0,59.437,Health Care,0.1801,0.2536,weekly,1
2024-08-16,UI,hold,selected (rank 4),4.0,63.653,Technology,0.0753,0.1271,weekly,1
2024-08-16,UNH,hold,selected (rank 8),8.0,47.9272,Health Care,0.1127,0.1677,weekly,1
2024-08-16,UPST,hold,selected (rank 2),2.0,65.4002,Financials,0.0295,0.0442,weekly,1
2024-08-16,NOC,drop,rank 23 worse than 20 (picks only from ranks 1-20),23.0,37.2552,Industrials,0.157,0.0,weekly,1
2024-08-16,LMT,drop,rank 14 outside top 10,14.0,44.4132,Industrials,0.1823,0.0,weekly,1
2024-08-16,ASTS,hold,selected (rank 1),1.0,66.9526,Communication Services,0.0139,0.0228,weekly,1
2024-08-16,CVNA,hold,selected (rank 10),10.0,47.1751,Consumer Discretionary,0.0522,0.0732,weekly,1
2024-08-16,RKLB,add,selected (rank 7),7.0,48.7262,Industrials,0.0,0.071,weekly,1
2024-08-16,TRGP,drop,rank 15 outside top 10,15.0,43.4162,Energy,0.141,0.0,weekly,1
2024-08-23,ANET,not selected,skipped: sector cap (Technology already 4),10.0,52.2427,Technology,0.0,0.0,weekly,1
2024-08-23,APP,add,selected (rank 3),3.0,62.1993,Communication Services,0.0,0.1133,weekly,1
2024-08-23,CVLT,hold,selected (rank 4),4.0,61.4566,Technology,0.0843,0.1118,weekly,1
2024-08-23,DASH,add,selected (rank 12),12.0,50.4402,Communication Services,0.0,0.1728,weekly,1
2024-08-23,FTNT,drop,rank 24 worse than 20 (picks only from ranks 1-20),24.0,36.7153,Technology,0.0844,0.0,weekly,1
2024-08-23,NVDA,hold,selected (rank 6),6.0,58.0349,Technology,0.0717,0.0969,weekly,1
2024-08-23,REGN,drop,rank 14 outside top 10,14.0,48.9321,Health Care,0.2536,0.0,weekly,1
2024-08-23,UI,hold,selected (rank 5),5.0,59.6541,Technology,0.1271,0.155,weekly,1
2024-08-23,UNH,drop,rank 22 worse than 20 (picks only from ranks 1-20),22.0,38.7801,Health Care,0.1677,0.0,weekly,1
2024-08-23,UPST,hold,selected (rank 2),2.0,67.8702,Financials,0.0442,0.0576,weekly,1
2024-08-23,ASTS,hold,selected (rank 1),1.0,77.3529,Communication Services,0.0228,0.0301,weekly,1
2024-08-23,CVNA,hold,selected (rank 8),8.0,56.6179,Consumer Discretionary,0.0732,0.0979,weekly,1
2024-08-23,RKLB,hold,selected (rank 9),9.0,54.8375,Industrials,0.071,0.0886,weekly,1
2024-08-23,CRDO,add,selected (rank 7),7.0,57.8507,Technology,0.0,0.076,weekly,1
2024-08-23,LITE,not selected,skipped: sector cap (Technology already 4),11.0,51.7569,Technology,0.0,0.0,weekly,1
2024-08-30,AFRM,add,selected (rank 9),9.0,53.7155,Financials,0.0,0.0445,weekly,1
2024-08-30,APP,hold,selected (rank 11),11.0,51.8321,Communication Services,0.1133,0.0745,weekly,1
2024-08-30,AVAV,not selected,skipped: sector cap (Industrials already 4),10.0,53.3343,Industrials,0.0,0.0,weekly,1
2024-08-30,CVLT,hold,selected (rank 8),8.0,54.7796,Technology,0.1118,0.074,weekly,1
2024-08-30,DASH,drop,rank 25 worse than 20 (picks only from ranks 1-20),25.0,36.8946,Communication Services,0.1728,0.0,weekly,1
2024-08-30,NVDA,drop,rank 44 worse than 20 (picks only from ranks 1-20),44.0,18.2152,Technology,0.0969,0.0,weekly,1
2024-08-30,UI,hold,selected (rank 7),7.0,56.3065,Technology,0.155,0.0872,weekly,1
2024-08-30,UPST,hold,selected (rank 1),1.0,81.7254,Financials,0.0576,0.0378,weekly,1
2024-08-30,NOC,add,selected (rank 5),5.0,57.7615,Industrials,0.0,0.2214,weekly,1
2024-08-30,LMT,add,selected (rank 3),3.0,62.3382,Industrials,0.0,0.2622,weekly,1
2024-08-30,ASTS,hold,selected (rank 6),6.0,57.4442,Communication Services,0.0301,0.0261,weekly,1
2024-08-30,CVNA,drop,rank 24 worse than 20 (picks only from ranks 1-20),24.0,39.2985,Consumer Discretionary,0.0979,0.0,weekly,1
2024-08-30,RKLB,hold,selected (rank 2),2.0,63.4528,Industrials,0.0886,0.0569,weekly,1
2024-08-30,PH,add,selected (rank 4),4.0,58.1202,Industrials,0.0,0.1153,weekly,1
2024-08-30,CRDO,drop,rank 17 outside top 10,17.0,46.6616,Technology,0.076,0.0,weekly,1
2024-09-06,AFRM,hold,selected (rank 4),4.0,55.2916,Financials,0.0445,0.0372,weekly,1
2024-09-06,APP,drop,rank 15 outside top 10,15.0,32.9404,Communication Services,0.0745,0.0,weekly,1
2024-09-06,CVLT,drop,rank 27 worse than 20 (picks only from ranks 1-20),27.0,16.6096,Technology,0.074,0.0,weekly,1
2024-09-06,ORCL,add,selected (rank 9),9.0,40.5897,Technology,0.0,0.0975,weekly,1
2024-09-06,UI,hold,selected (rank 10),10.0,38.6351,Technology,0.0872,0.0741,weekly,1
2024-09-06,UNH,add,selected (rank 1),1.0,61.0799,Health Care,0.0,0.1359,weekly,1
2024-09-06,UPST,hold,selected (rank 8),8.0,41.2733,Financials,0.0378,0.0313,weekly,1
2024-09-06,NOC,hold,selected (rank 6),6.0,51.8644,Industrials,0.2214,0.188,weekly,1
2024-09-06,LMT,hold,selected (rank 2),2.0,56.1114,Industrials,0.2622,0.2179,weekly,1
2024-09-06,ASTS,hold,selected (rank 7),7.0,50.0114,Communication Services,0.0261,0.0213,weekly,1
2024-09-06,RKLB,hold,selected (rank 3),3.0,55.8309,Industrials,0.0569,0.047,weekly,1
2024-09-06,TRGP,add,selected (rank 5),5.0,52.3596,Energy,0.0,0.1496,weekly,1
2024-09-06,PH,drop,rank 13 outside top 10,13.0,33.6085,Industrials,0.1153,0.0,weekly,1
2024-09-13,AFRM,hold,selected (rank 2),2.0,66.1492,Financials,0.0372,0.0693,weekly,1
2024-09-13,APP,hold,selected (rank 5),5.0,62.7841,Communication Services,0.188,0.0976,weekly,1
2024-09-13,HOOD,add,selected (rank 10),10.0,51.843,Financials,0.0,0.1161,weekly,1
2024-09-13,ORCL,drop,rank 18 outside top 10,18.0,42.6621,Technology,0.0975,0.0,weekly,1
2024-09-13,SOFI,add,selected (rank 8),8.0,55.0443,Financials,0.0,0.1303,weekly,1
2024-09-13,TSLA,hold,selected (rank 4),4.0,64.9345,Consumer Discretionary,0.1496,0.0955,weekly,1
2024-09-13,UI,hold,selected (rank 7),7.0,56.1419,Technology,0.0741,0.1351,weekly,1
2024-09-13,UNH,drop,rank 14 outside top 10,14.0,49.3684,Health Care,0.1359,0.0,weekly,1
2024-09-13,UPST,hold,selected (rank 3),3.0,65.8105,Financials,0.0313,0.0579,weekly,1
2024-09-13,LMT,drop,rank 13 outside top 10,13.0,49.516,Industrials,0.2179,0.0,weekly,1
2024-09-13,ASTS,hold,selected (rank 6),6.0,57.6616,Communication Services,0.0213,0.0391,weekly,1
2024-09-13,RKLB,hold,selected (rank 1),1.0,77.7926,Industrials,0.047,0.081,weekly,1
2024-09-13,PH,add,selected (rank 9),9.0,52.0848,Industrials,0.0,0.1782,weekly,1
2024-09-20,AFRM,hold,selected (rank 1),1.0,77.8949,Financials,0.0693,0.0529,weekly,1
2024-09-20,APP,hold,selected (rank 3),3.0,72.9016,Communication Services,0.0976,0.0731,weekly,1
2024-09-20,HOOD,drop,rank 24 worse than 20 (picks only from ranks 1-20),24.0,42.8198,Financials,0.1161,0.0,weekly,1
2024-09-20,RCL,add,selected (rank 7),7.0,61.1498,Consumer Discretionary,0.0,0.1141,weekly,1
2024-09-20,SOFI,hold,selected (rank 6),6.0,61.1633,Financials,0.1303,0.0989,weekly,1
2024-09-20,TSLA,hold,selected (rank 8),8.0,60.2501,Consumer Discretionary,0.0955,0.0709,weekly,1
2024-09-20,UI,drop,rank 11 outside top 10,11.0,52.4324,Technology,0.1351,0.0,weekly,1
2024-09-20,UPST,hold,selected (rank 5),5.0,61.5082,Financials,0.0579,0.0427,weekly,1
2024-09-20,LMT,add,selected (rank 10),10.0,53.508,Industrials,0.0,0.29,weekly,1
2024-09-20,ASTS,drop,rank 34 worse than 20 (picks only from ranks 1-20),34.0,27.1537,Communication Services,0.0391,0.0,weekly,1
2024-09-20,CVNA,add,selected (rank 2),2.0,72.9614,Consumer Discretionary,0.0,0.0726,weekly,1
2024-09-20,RKLB,hold,selected (rank 4),4.0,66.8859,Industrials,0.081,0.0644,weekly,1
2024-09-20,URI,add,selected (rank 9),9.0,56.0743,Industrials,0.0,0.1205,weekly,1
2024-09-20,PH,drop,rank 14 outside top 10,14.0,50.9466,Industrials,0.1782,0.0,weekly,1
2024-09-27,AFRM,drop,rank 34 worse than 20 (picks only from ranks 1-20),34.0,33.4415,Financials,0.0529,0.0,weekly,1
2024-09-27,APP,hold,selected (rank 4),4.0,67.073,Communication Services,0.0731,0.0804,weekly,1
2024-09-27,ORCL,add,selected (rank 7),7.0,55.7627,Technology,0.0,0.1513,weekly,1
2024-09-27,RCL,hold,selected (rank 10),10.0,53.307,Consumer Discretionary,0.1141,0.1243,weekly,1
2024-09-27,TSLA,hold,selected (rank 1),1.0,72.2684,Consumer Discretionary,0.0709,0.0775,weekly,1
2024-09-27,UI,add,selected (rank 5),5.0,59.2013,Technology,0.0,0.1128,weekly,1
2024-09-27,UPST,drop,rank 13 outside top 10,13.0,51.0066,Financials,0.0427,0.0,weekly,1
2024-09-27,LMT,drop,rank 14 outside top 10,14.0,50.4405,Industrials,0.29,0.0,weekly,1
2024-09-27,CVNA,hold,selected (rank 3),3.0,67.964,Consumer Discretionary,0.0726,0.0837,weekly,1
2024-09-27,RKLB,hold,selected (rank 2),2.0,69.9312,Industrials,0.0644,0.0645,weekly,1
2024-09-27,SHOP,add,selected (rank 9),9.0,53.6065,Consumer Discretionary,0.0,0.089,weekly,1
2024-09-27,URI,hold,selected (rank 6),6.0,57.4541,Industrials,0.1205,0.1348,weekly,1
2024-09-27,LITE,add,selected (rank 8),8.0,55.3328,Technology,0.0,0.0817,weekly,1
2024-10-04,ANET,add,selected (rank 10),10.0,49.3461,Technology,0.0,0.1076,weekly,1
2024-10-04,APP,hold,selected (rank 2),2.0,66.0912,Communication Services,0.0804,0.0778,weekly,1
2024-10-04,ORCL,hold,selected (rank 6),6.0,52.1083,Technology,0.1513,0.1434,weekly,1
2024-10-04,RCL,drop,rank 19 outside top 10,19.0,44.3735,Consumer Discretionary,0.1243,0.0,weekly,1
2024-10-04,SOFI,add,selected (rank 7),7.0,51.3682,Financials,0.0,0.1003,weekly,1
2024-10-04,TSLA,drop,rank 32 worse than 20 (picks only from ranks 1-20),32.0,34.4921,Consumer Discretionary,0.0775,0.0,weekly,1
2024-10-04,UI,hold,selected (rank 8),8.0,49.8182,Technology,0.1128,0.1088,weekly,1
2024-10-04,UPST,add,selected (rank 3),3.0,65.407,Financials,0.0,0.0445,weekly,1
2024-10-04,CVNA,hold,selected (rank 4),4.0,62.1011,Consumer Discretionary,0.0837,0.0823,weekly,1
2024-10-04,RKLB,hold,selected (rank 1),1.0,67.8937,Industrials,0.0645,0.0611,weekly,1
2024-10-04,SHOP,drop,rank 12 outside top 10,12.0,47.7166,Consumer Discretionary,0.089,0.0,weekly,1
2024-10-04,TRGP,add,selected (rank 9),9.0,49.8126,Energy,0.0,0.1971,weekly,1
2024-10-04,URI,drop,rank 39 worse than 20 (picks only from ranks 1-20),39.0,29.4399,Industrials,0.1348,0.0,weekly,1
2024-10-04,LITE,hold,selected (rank 5),5.0,56.3364,Technology,0.0817,0.0772,weekly,1
2024-10-11,AFRM,add,selected (rank 9),9.0,54.2471,Financials,0.0,0.0682,weekly,1
2024-10-11,ANET,drop,rank 16 outside top 10,16.0,49.3267,Technology,0.1076,0.0,weekly,1
2024-10-11,APP,hold,selected (rank 3),3.0,64.1041,Communication Services,0.0778,0.0961,weekly,1
2024-10-11,AVAV,add,selected (rank 5),5.0,55.9448,Industrials,0.0,0.1151,weekly,1
2024-10-11,ORCL,drop,rank 20 outside top 10,20.0,44.8861,Technology,0.1434,0.0,weekly,1
2024-10-11,SOFI,drop,rank 12 outside top 10,12.0,51.1535,Financials,0.1003,0.0,weekly,1
2024-10-11,UI,hold,selected (rank 7),7.0,54.5093,Technology,0.1088,0.1342,weekly,1
2024-10-11,UPST,hold,selected (rank 2),2.0,66.0907,Financials,0.0445,0.055,weekly,1
2024-10-11,VRT,add,selected (rank 4),4.0,58.4221,Industrials,0.0,0.0944,weekly,1
2024-10-11,LMT,not selected,skipped: sector cap (Industrials already 4),8.0,54.4532,Industrials,0.0,0.0,weekly,1
2024-10-11,CVNA,hold,selected (rank 10),10.0,52.5848,Consumer Discretionary,0.0823,0.1013,weekly,1
2024-10-11,RKLB,hold,selected (rank 1),1.0,78.7219,Industrials,0.0611,0.0746,weekly,1
2024-10-11,URI,add,selected (rank 6),6.0,55.8195,Industrials,0.0,0.1664,weekly,1
2024-10-11,LITE,hold,selected (rank 11),11.0,52.0794,Technology,0.0772,0.0946,weekly,1
2024-10-18,AFRM,drop,rank 16 outside top 10,16.0,47.891,Financials,0.0682,0.0,weekly,1
2024-10-18,APP,add,selected (rank 11),11.0,55.9837,Communication Services,0.0,0.1145,weekly,1
2024-10-18,AVAV,drop,rank 12 outside top 10,12.0,53.9695,Industrials,0.1151,0.0,weekly,1
2024-10-18,HOOD,add,selected (rank 8),8.0,58.0033,Financials,0.0,0.127,weekly,1
2024-10-18,SOFI,hold,selected (rank 4),4.0,62.1829,Financials,0.0961,0.1334,weekly,1
2024-10-18,UI,hold,selected (rank 7),7.0,60.6142,Technology,0.1342,0.1583,weekly,1
2024-10-18,UPST,hold,selected (rank 1),1.0,66.5827,Financials,0.055,0.0624,weekly,1
2024-10-18,VRT,hold,selected (rank 5),5.0,61.994,Industrials,0.0944,0.1122,weekly,1
2024-10-18,APLD,add,selected (rank 2),2.0,65.1987,Technology,0.0,0.036,weekly,1
2024-10-18,CVNA,drop,rank 15 outside top 10,15.0,47.9691,Consumer Discretionary,0.1013,0.0,weekly,1
2024-10-18,IONQ,add,selected (rank 6),6.0,61.8576,Technology,0.0,0.0749,weekly,1
2024-10-18,MSTR,not selected,skipped: sector cap (Technology already 4),10.0,56.3348,Technology,0.0,0.0,weekly,1
2024-10-18,RKLB,hold,selected (rank 3),3.0,64.4834,Industrials,0.0746,0.0831,weekly,1
2024-10-18,URI,drop,rank 19 outside top 10,19.0,43.7823,Industrials,0.1664,0.0,weekly,1
2024-10-18,CRDO,add,selected (rank 9),9.0,57.1454,Technology,0.0,0.0983,weekly,1
2024-10-18,LITE,drop,rank 18 outside top 10,18.0,44.1511,Technology,0.0946,0.0,weekly,1
2024-10-25,APP,hold,selected (rank 1),1.0,70.6161,Communication Services,0.1145,0.107,weekly,1
2024-10-25,HOOD,hold,selected (rank 9),9.0,58.2057,Financials,0.127,0.122,weekly,1
2024-10-25,SOFI,hold,selected (rank 2),2.0,67.9844,Financials,0.1334,0.1255,weekly,1
2024-10-25,UI,hold,selected (rank 3),3.0,64.1028,Technology,0.1583,0.1519,weekly,1
2024-10-25,UPST,hold,selected (rank 8),8.0,58.3535,Financials,0.0624,0.059,weekly,1
2024-10-25,VRT,drop,rank 21 worse than 20 (picks only from ranks 1-20),21.0,39.4035,Industrials,0.1122,0.0,weekly,1
2024-10-25,APLD,drop,rank 26 worse than 20 (picks only from ranks 1-20),26.0,35.5909,Technology,0.036,0.0,weekly,1
2024-10-25,CVNA,add,selected (rank 6),6.0,60.7127,Consumer Discretionary,0.0,0.121,weekly,1
2024-10-25,IONQ,hold,selected (rank 4),4.0,64.0269,Technology,0.0749,0.0691,weekly,1
2024-10-25,MSTR,add,selected (rank 10),10.0,56.8698,Technology,0.0,0.0746,weekly,1
2024-10-25,RKLB,hold,selected (rank 7),7.0,58.9284,Industrials,0.0831,0.0777,weekly,1
2024-10-25,CRDO,hold,selected (rank 5),5.0,61.3718,Technology,0.0983,0.0922,weekly,1
2024-11-01,AFRM,add,selected (rank 7),7.0,56.3705,Financials,0.0,0.0612,weekly,1
2024-11-01,APP,hold,selected (rank 9),9.0,55.0819,Communication Services,0.107,0.0928,weekly,1
2024-11-01,HOOD,drop,rank 22 worse than 20 (picks only from ranks 1-20),22.0,41.2418,Financials,0.122,0.0,weekly,1
2024-11-01,RCL,add,selected (rank 8),8.0,56.1086,Consumer Discretionary,0.0,0.1542,weekly,1
2024-11-01,SOFI,hold,selected (rank 1),1.0,74.3642,Financials,0.1255,0.1027,weekly,1
2024-11-01,UI,hold,selected (rank 4),4.0,61.6058,Technology,0.1519,0.135,weekly,1
2024-11-01,UPST,hold,selected (rank 3),3.0,63.7863,Financials,0.059,0.0493,weekly,1
2024-11-01,CVNA,hold,selected (rank 2),2.0,73.3,Consumer Discretionary,0.121,0.0847,weekly,1
2024-11-01,IONQ,drop,rank 11 outside top 10,11.0,53.2954,Technology,0.0691,0.0,weekly,1
2024-11-01,MSTR,hold,selected (rank 10),10.0,54.3384,Technology,0.0746,0.0621,weekly,1
2024-11-01,RKLB,drop,rank 16 outside top 10,16.0,49.5245,Industrials,0.0777,0.0,weekly,1
2024-11-01,COF,add,selected (rank 6),6.0,57.5782,Financials,0.0,0.1821,weekly,1
2024-11-01,CRDO,hold,selected (rank 5),5.0,58.4105,Technology,0.0922,0.0758,weekly,1
2024-11-08,AFRM,drop,rank 11 outside top 10,11.0,54.9403,Financials,0.0612,0.0,weekly,1
2024-11-08,APP,hold,selected (rank 5),5.0,67.7115,Communication Services,0.0928,0.0644,weekly,1
2024-11-08,HOOD,add,selected (rank 6),6.0,66.2861,Financials,0.0,0.1036,weekly,1
2024-11-08,RCL,hold,selected (rank 9),9.0,60.6849,Consumer Discretionary,0.1542,0.2072,weekly,1
2024-11-08,SOFI,hold,selected (rank 3),3.0,70.8146,Financials,0.1027,0.1296,weekly,1
2024-11-08,TSLA,add,selected (rank 4),4.0,67.8731,Consumer Discretionary,0.0,0.094,weekly,1
2024-11-08,UPST,hold,selected (rank 1),1.0,79.4462,Financials,0.0493,0.0592,weekly,1
2024-11-08,CVNA,hold,selected (rank 2),2.0,72.2673,Consumer Discretionary,0.0847,0.1154,weekly,1
2024-11-08,IONQ,add,selected (rank 8),8.0,61.7719,Technology,0.0,0.0604,weekly,1
2024-11-08,MSTR,hold,selected (rank 10),10.0,59.4007,Technology,0.0621,0.0817,weekly,1
2024-11-08,RKLB,add,selected (rank 7),7.0,63.1982,Industrials,0.0,0.0845,weekly,1
2024-11-08,COF,drop,rank 16 outside top 10,16.0,53.4682,Financials,0.1821,0.0,weekly,1
2024-11-08,CRDO,drop,rank 15 outside top 10,15.0,53.9435,Technology,0.0758,0.0,weekly,1
2024-11-15,AFRM,add,selected (rank 7),7.0,66.711,Financials,0.0,0.0661,weekly,1
2024-11-15,APP,hold,selected (rank 1),1.0,78.5079,Communication Services,0.0644,0.0617,weekly,1
2024-11-15,HOOD,hold,selected (rank 8),8.0,64.7721,Financials,0.1036,0.0972,weekly,1
2024-11-15,RCL,hold,selected (rank 10),10.0,57.8756,Consumer Discretionary,0.2072,0.2016,weekly,1
2024-11-15,SOFI,hold,selected (rank 4),4.0,71.9818,Financials,0.1296,0.1211,weekly,1
2024-11-15,TSLA,hold,selected (rank 2),2.0,72.4703,Consumer Discretionary,0.094,0.0869,weekly,1
2024-11-15,UPST,hold,selected (rank 5),5.0,69.2748,Financials,0.0592,0.0566,weekly,1
2024-11-15,CVNA,hold,selected (rank 6),6.0,66.8245,Consumer Discretionary,0.1154,0.118,weekly,1
2024-11-15,IONQ,drop,rank 11 outside top 10,11.0,57.4289,Technology,0.0604,0.0,weekly,1
2024-11-15,RKLB,hold,selected (rank 3),3.0,72.1033,Industrials,0.0845,0.069,weekly,1
2024-11-15,SHOP,hold,selected (rank 9),9.0,61.094,Consumer Discretionary,0.0817,0.1218,weekly,1
2024-11-22,AFRM,hold,selected (rank 1),1.0,73.7624,Financials,0.0661,0.077,weekly,1
2024-11-22,APP,hold,selected (rank 3),3.0,71.6064,Communication Services,0.0617,0.0726,weekly,1
2024-11-22,HOOD,hold,selected (rank 9),9.0,66.6067,Financials,0.0972,0.1131,weekly,1
2024-11-22,RCL,drop,rank 11 outside top 10,11.0,59.9404,Consumer Discretionary,0.2016,0.0,weekly,1
2024-11-22,SOFI,hold,selected (rank 4),4.0,71.3968,Financials,0.1211,0.1442,weekly,1
2024-11-22,TSLA,hold,selected (rank 7),7.0,67.2057,Consumer Discretionary,0.0869,0.1038,weekly,1
2024-11-22,UPST,hold,selected (rank 6),6.0,68.9025,Financials,0.0566,0.0676,weekly,1
2024-11-22,CVNA,hold,selected (rank 5),5.0,69.9579,Consumer Discretionary,0.118,0.1401,weekly,1
2024-11-22,RKLB,hold,selected (rank 2),2.0,73.7348,Industrials,0.069,0.082,weekly,1
2024-11-22,SHOP,hold,selected (rank 10),10.0,63.0705,Consumer Discretionary,0.1218,0.1441,weekly,1
2024-11-22,BE,add,selected (rank 8),8.0,66.709,Industrials,0.0,0.0556,weekly,1
2024-11-29,AFRM,hold,selected (rank 7),7.0,66.7605,Financials,0.077,0.0946,weekly,1
2024-11-29,APP,hold,selected (rank 2),2.0,71.4939,Communication Services,0.0726,0.0703,weekly,1
2024-11-29,HOOD,hold,selected (rank 10),10.0,65.4874,Financials,0.1131,0.1102,weekly,1
2024-11-29,SOFI,hold,selected (rank 5),5.0,68.7264,Financials,0.1442,0.145,weekly,1
2024-11-29,TSLA,hold,selected (rank 8),8.0,66.5712,Consumer Discretionary,0.1038,0.1004,weekly,1
2024-11-29,UPST,hold,selected (rank 3),3.0,70.4776,Financials,0.0676,0.0657,weekly,1
2024-11-29,CVNA,hold,selected (rank 4),4.0,68.7995,Consumer Discretionary,0.1401,0.1377,weekly,1
2024-11-29,RKLB,hold,selected (rank 1),1.0,73.2999,Industrials,0.082,0.0818,weekly,1
2024-11-29,SHOP,hold,selected (rank 6),6.0,68.3795,Consumer Discretionary,0.1441,0.14,weekly,1
2024-11-29,BE,hold,selected (rank 9),9.0,65.8418,Industrials,0.0556,0.0543,weekly,1
2024-12-06,AFRM,drop,rank 14 outside top 10,14.0,54.5155,Financials,0.0946,0.0,weekly,1
2024-12-06,APP,hold,selected (rank 1),1.0,76.4117,Communication Services,0.0703,0.0763,weekly,1
2024-12-06,HOOD,drop,rank 20 outside top 10,20.0,50.3339,Financials,0.1102,0.0,weekly,1
2024-12-06,RCL,add,selected (rank 10),10.0,56.533,Consumer Discretionary,0.0,0.2726,weekly,1
2024-12-06,SOFI,drop,rank 16 outside top 10,16.0,53.1838,Financials,0.145,0.0,weekly,1
2024-12-06,TSLA,hold,selected (rank 2),2.0,68.7106,Consumer Discretionary,0.1004,0.111,weekly,1
2024-12-06,UPST,hold,selected (rank 12),12.0,54.9398,Financials,0.0657,0.0691,weekly,1
2024-12-06,UMAC,add,selected (rank 8),8.0,57.7981,Technology,0.0,0.0276,weekly,1
2024-12-06,TWLO,not selected,skipped: sector cap (Technology already 4),11.0,55.9798,Technology,0.0,0.0,weekly,1
2024-12-06,CVNA,drop,rank 23 worse than 20 (picks only from ranks 1-20),23.0,47.8028,Consumer Discretionary,0.1377,0.0,weekly,1
2024-12-06,IONQ,add,selected (rank 4),4.0,66.2793,Technology,0.0,0.0633,weekly,1
2024-12-06,MSTR,add,selected (rank 7),7.0,58.9899,Technology,0.0,0.074,weekly,1
2024-12-06,RKLB,hold,selected (rank 6),6.0,59.6643,Industrials,0.0818,0.0854,weekly,1
2024-12-06,SHOP,hold,selected (rank 3),3.0,68.4895,Consumer Discretionary,0.14,0.1536,weekly,1
2024-12-06,SOUN,add,selected (rank 5),5.0,63.6245,Technology,0.0,0.0672,weekly,1
2024-12-06,BE,drop,rank 19 outside top 10,19.0,50.926,Industrials,0.0543,0.0,weekly,1
2024-12-06,CRDO,not selected,skipped: sector cap (Technology already 4),9.0,57.4363,Technology,0.0,0.0,weekly,1
2024-12-13,AFRM,add,selected (rank 4),4.0,63.3516,Financials,0.0,0.1201,weekly,1
2024-12-13,APP,hold,selected (rank 10),10.0,54.69,Communication Services,0.0763,0.0863,weekly,1
2024-12-13,HOOD,add,selected (rank 5),5.0,62.0566,Financials,0.0,0.1356,weekly,1
2024-12-13,SOFI,add,selected (rank 8),8.0,58.6698,Financials,0.0,0.1864,weekly,1
2024-12-13,TSLA,hold,selected (rank 1),1.0,69.9264,Consumer Discretionary,0.111,0.1294,weekly,1
2024-12-13,UPST,hold,selected (rank 7),7.0,60.8808,Financials,0.0691,0.0817,weekly,1
2024-12-13,UMAC,hold,selected (rank 3),3.0,63.8807,Technology,0.0276,0.0321,weekly,1
2024-12-13,IONQ,hold,selected (rank 9),9.0,56.5065,Technology,0.0633,0.0707,weekly,1
2024-12-13,MSTR,drop,rank 11 outside top 10,11.0,54.3396,Technology,0.2726,0.0,weekly,1
2024-12-13,RKLB,drop,rank 13 outside top 10,13.0,51.2338,Industrials,0.0854,0.0,weekly,1
2024-12-13,SHOP,drop,rank 22 worse than 20 (picks only from ranks 1-20),22.0,45.3474,Consumer Discretionary,0.1536,0.0,weekly,1
2024-12-13,SOUN,hold,selected (rank 2),2.0,65.3025,Technology,0.0672,0.0738,weekly,1
2024-12-13,CRDO,add,selected (rank 6),6.0,61.8383,Technology,0.0,0.084,weekly,1
2024-12-20,AFRM,drop,rank 24 worse than 20 (picks only from ranks 1-20),24.0,33.7407,Financials,0.1201,0.0,weekly,1
2024-12-20,AMZN,add,selected (rank 13),13.0,47.7806,Consumer Discretionary,0.0,0.2463,weekly,1
2024-12-20,ANET,not selected,skipped: sector cap (Technology already 4),12.0,48.0902,Technology,0.0,0.0,weekly,1
2024-12-20,APP,hold,selected (rank 4),4.0,62.5699,Communication Services,0.0863,0.0644,weekly,1
2024-12-20,AVGO,not selected,skipped: sector cap (Technology already 4),11.0,48.7847,Technology,0.0,0.0,weekly,1
2024-12-20,HOOD,drop,rank 19 outside top 10,19.0,40.5298,Financials,0.1356,0.0,weekly,1
2024-12-20,MRVL,add,selected (rank 6),6.0,55.6919,Technology,0.0,0.107,weekly,1
2024-12-20,NFLX,add,selected (rank 15),15.0,44.5474,Communication Services,0.0,0.23,weekly,1
2024-12-20,SOFI,drop,rank 22 worse than 20 (picks only from ranks 1-20),22.0,36.0977,Financials,0.1864,0.0,weekly,1
2024-12-20,TSLA,hold,selected (rank 5),5.0,59.8403,Consumer Discretionary,0.1294,0.0957,weekly,1
2024-12-20,UPST,drop,rank 29 worse than 20 (picks only from ranks 1-20),29.0,29.5978,Financials,0.0817,0.0,weekly,1
2024-12-20,UMAC,hold,selected (rank 3),3.0,64.6379,Technology,0.0321,0.024,weekly,1
2024-12-20,TWLO,not selected,skipped: sector cap (Technology already 4),14.0,45.9902,Technology,0.0,0.0,weekly,1
2024-12-20,ACHR,add,selected (rank 7),7.0,54.6523,Industrials,0.0,0.0585,weekly,1
2024-12-20,IONQ,hold,selected (rank 1),1.0,69.2252,Technology,0.0707,0.0492,weekly,1
2024-12-20,RKLB,add,selected (rank 9),9.0,54.0235,Industrials,0.0,0.072,weekly,1
2024-12-20,SOUN,hold,selected (rank 2),2.0,66.9246,Technology,0.0738,0.0529,weekly,1
2024-12-20,CRDO,drop,skipped: sector cap (Technology already 4),10.0,53.6794,Technology,0.084,0.0,weekly,1
2024-12-20,CLS,not selected,skipped: sector cap (Technology already 4),8.0,54.2935,Technology,0.0,0.0,weekly,1
2024-12-27,AMZN,drop,rank 18 outside top 10,18.0,44.1412,Consumer Discretionary,0.2463,0.0,weekly,1
2024-12-27,APP,hold,selected (rank 11),11.0,49.9426,Communication Services,0.0644,0.0957,weekly,1
2024-12-27,AVGO,not selected,skipped: sector cap (Technology already 4),10.0,52.6931,Technology,0.0,0.0,weekly,1
2024-12-27,MRVL,drop,rank 13 outside top 10,13.0,48.5174,Technology,0.107,0.0,weekly,1
2024-12-27,SOFI,add,selected (rank 6),6.0,58.196,Financials,0.0,0.1943,weekly,1
2024-12-27,TSLA,hold,selected (rank 4),4.0,63.984,Consumer Discretionary,0.0957,0.1387,weekly,1
2024-12-27,UMAC,hold,selected (rank 2),2.0,64.8529,Technology,0.024,0.0353,weekly,1
2024-12-27,ACHR,hold,selected (rank 5),5.0,58.6804,Industrials,0.0585,0.0856,weekly,1
2024-12-27,IONQ,hold,selected (rank 1),1.0,65.3314,Technology,0.0492,0.0746,weekly,1
2024-12-27,JOBY,add,selected (rank 8),8.0,53.3911,Industrials,0.0,0.0956,weekly,1
2024-12-27,RKLB,hold,selected (rank 9),9.0,52.9459,Industrials,0.072,0.1113,weekly,1
2024-12-27,SOUN,hold,selected (rank 3),3.0,63.9857,Technology,0.0529,0.076,weekly,1
2024-12-27,CRDO,hold,selected (rank 7),7.0,54.7984,Technology,0.23,0.093,weekly,1
2025-01-03,APP,hold,selected (rank 13),13.0,50.4811,Communication Services,0.0957,0.0911,weekly,1
2025-01-03,HOOD,add,selected (rank 4),4.0,59.8188,Financials,0.0,0.1346,weekly,1
2025-01-03,MRVL,add,selected (rank 6),6.0,56.9456,Technology,0.0,0.1532,weekly,1
2025-01-03,TSLA,hold,selected (rank 8),8.0,54.8432,Consumer Discretionary,0.1387,0.129,weekly,1
2025-01-03,UMAC,hold,selected (rank 2),2.0,64.2078,Technology,0.0353,0.0335,weekly,1
2025-01-03,ACHR,hold,selected (rank 5),5.0,58.4607,Industrials,0.0856,0.0786,weekly,1
2025-01-03,ALAB,add,selected (rank 3),3.0,62.0822,Technology,0.0,0.1049,weekly,1
2025-01-03,IONQ,hold,selected (rank 1),1.0,66.9292,Technology,0.0746,0.0729,weekly,1
2025-01-03,JOBY,hold,selected (rank 11),11.0,52.1704,Industrials,0.0956,0.0983,weekly,1
2025-01-03,RKLB,hold,selected (rank 12),12.0,50.9021,Industrials,0.1113,0.1038,weekly,1
2025-01-03,SOUN,drop,skipped: sector cap (Technology already 4),7.0,54.9425,Technology,0.076,0.0,weekly,1
2025-01-03,CRDO,drop,skipped: sector cap (Technology already 4),10.0,54.0535,Technology,0.093,0.0,weekly,1
2025-01-03,CLS,not selected,skipped: sector cap (Technology already 4),9.0,54.2428,Technology,0.0,0.0,weekly,1
2025-01-10,BKR,add,selected (rank 7),7.0,49.5429,Energy,0.0,0.1781,weekly,1
2025-01-10,GOOGL,add,selected (rank 11),11.0,42.0218,Communication Services,0.0,0.1866,weekly,1
2025-01-10,HOOD,hold,selected (rank 2),2.0,58.6055,Financials,0.1346,0.0717,weekly,1
2025-01-10,META,add,selected (rank 9),9.0,47.0598,Communication Services,0.0,0.1994,weekly,1
2025-01-10,MRVL,not selected,skipped: sector cap (Technology already 4),8.0,49.0593,Technology,0.0,0.0,weekly,1
2025-01-10,TSLA,drop,rank 15 outside top 10,15.0,37.115,Consumer Discretionary,0.129,0.0,weekly,1
2025-01-10,UI,hold,selected (rank 5),5.0,55.8554,Technology,0.0729,0.1017,weekly,1
2025-01-10,UMAC,hold,selected (rank 6),6.0,50.2124,Technology,0.0335,0.0175,weekly,1
2025-01-10,ACHR,drop,rank 18 outside top 10,18.0,35.1086,Industrials,0.0786,0.0,weekly,1
2025-01-10,ALAB,drop,rank 12 outside top 10,12.0,41.6448,Technology,0.1049,0.0,weekly,1
2025-01-10,JOBY,drop,rank 17 outside top 10,17.0,35.9998,Industrials,0.0983,0.0,weekly,1
2025-01-10,RDDT,hold,selected (rank 3),3.0,56.6018,Communication Services,0.1532,0.0505,weekly,1
2025-01-10,RKLB,hold,selected (rank 10),10.0,44.3326,Industrials,0.1038,0.0546,weekly,1
2025-01-10,CRDO,add,selected (rank 4),4.0,55.9553,Technology,0.0,0.0468,weekly,1
2025-01-10,CLS,add,selected (rank 1),1.0,60.6118,Technology,0.0,0.093,weekly,1
2025-01-17,APP,add,selected (rank 5),5.0,56.0542,Communication Services,0.0,0.048,weekly,1
2025-01-17,BKR,drop,rank 18 outside top 10,18.0,44.1971,Energy,0.1781,0.0,weekly,1
2025-01-17,HOOD,hold,selected (rank 1),1.0,72.9953,Financials,0.0717,0.0706,weekly,1
2025-01-17,MRVL,hold,selected (rank 9),9.0,49.8249,Technology,0.1994,0.0811,weekly,1
2025-01-17,SOFI,add,selected (rank 6),6.0,55.8954,Financials,0.0,0.098,weekly,1
2025-01-17,UI,drop,rank 14 outside top 10,14.0,46.8659,Technology,0.1017,0.0,weekly,1
2025-01-17,UMAC,drop,rank 22 worse than 20 (picks only from ranks 1-20),22.0,39.5343,Technology,0.0175,0.0,weekly,1
2025-01-17,RDDT,hold,selected (rank 2),2.0,63.2381,Communication Services,0.0505,0.0513,weekly,1
2025-01-17,RKLB,drop,rank 34 worse than 20 (picks only from ranks 1-20),34.0,23.1673,Industrials,0.0546,0.0,weekly,1
2025-01-17,TRGP,add,selected (rank 8),8.0,50.2053,Energy,0.0,0.1833,weekly,1
2025-01-17,COF,add,selected (rank 10),10.0,49.1373,Financials,0.0,0.1372,weekly,1
2025-01-17,C,hold,selected (rank 3),3.0,59.0457,Financials,0.1866,0.1871,weekly,1
2025-01-17,CRDO,hold,selected (rank 4),4.0,57.1858,Technology,0.0468,0.0469,weekly,1
2025-01-17,CLS,hold,selected (rank 7),7.0,54.9565,Technology,0.093,0.0965,weekly,1
2025-01-24,APP,hold,selected (rank 2),2.0,65.7575,Communication Services,0.048,0.0746,weekly,1
2025-01-24,HOOD,hold,selected (rank 1),1.0,74.0266,Financials,0.0706,0.1093,weekly,1
2025-01-24,MRVL,drop,rank 11 outside top 10,11.0,51.6961,Technology,0.0811,0.0,weekly,1
2025-01-24,SOFI,hold,selected (rank 4),4.0,62.5022,Financials,0.098,0.1465,weekly,1
2025-01-24,UI,add,selected (rank 9),9.0,53.8912,Technology,0.0,0.1528,weekly,1
2025-01-24,TWLO,add,selected (rank 7),7.0,57.7734,Technology,0.0,0.1518,weekly,1
2025-01-24,JOBY,add,selected (rank 10),10.0,52.3275,Industrials,0.0,0.0793,weekly,1
2025-01-24,RDDT,hold,selected (rank 3),3.0,62.9366,Communication Services,0.0513,0.0793,weekly,1
2025-01-24,RKLB,hold,selected (rank 5),5.0,61.1971,Industrials,0.1833,0.0731,weekly,1
2025-01-24,COF,drop,rank 18 outside top 10,18.0,47.5263,Financials,0.1372,0.0,weekly,1
2025-01-24,C,drop,rank 22 worse than 20 (picks only from ranks 1-20),22.0,45.089,Financials,0.1871,0.0,weekly,1
2025-01-24,BE,add,selected (rank 6),6.0,57.8437,Industrials,0.0,0.0607,weekly,1
2025-01-24,CRDO,hold,selected (rank 8),8.0,56.3145,Technology,0.0469,0.0725,weekly,1
2025-01-24,CLS,drop,rank 20 outside top 10,20.0,46.9544,Technology,0.0965,0.0,weekly,1
2025-01-31,APP,hold,selected (rank 3),3.0,68.8753,Communication Services,0.0746,0.0427,weekly,1
2025-01-31,HIMS,add,selected (rank 10),10.0,52.6432,Health Care,0.0,0.0425,weekly,1
2025-01-31,HOOD,hold,selected (rank 2),2.0,71.5547,Financials,0.1093,0.0617,weekly,1
2025-01-31,META,add,selected (rank 6),6.0,55.1132,Communication Services,0.0,0.1745,weekly,1
2025-01-31,NFLX,add,selected (rank 5),5.0,55.4718,Communication Services,0.0,0.1626,weekly,1
2025-01-31,RCL,add,selected (rank 8),8.0,52.9752,Consumer Discretionary,0.0,0.1256,weekly,1
2025-01-31,SOFI,drop,rank 32 worse than 20 (picks only from ranks 1-20),32.0,27.7338,Financials,0.1465,0.0,weekly,1
2025-01-31,UI,drop,rank 17 outside top 10,17.0,42.3015,Technology,0.1528,0.0,weekly,1
2025-01-31,TWLO,drop,rank 18 outside top 10,18.0,41.3794,Technology,0.1518,0.0,weekly,1
2025-01-31,JOBY,drop,rank 38 worse than 20 (picks only from ranks 1-20),38.0,21.5399,Industrials,0.0793,0.0,weekly,1
2025-01-31,RDDT,hold,selected (rank 1),1.0,75.4147,Communication Services,0.0793,0.0454,weekly,1
2025-01-31,RKLB,hold,selected (rank 4),4.0,60.9243,Industrials,0.0731,0.042,weekly,1
2025-01-31,COF,add,selected (rank 7),7.0,54.7493,Financials,0.0,0.126,weekly,1
2025-01-31,C,add,selected (rank 9),9.0,52.9642,Financials,0.0,0.1772,weekly,1
2025-02-07,AFRM,add,selected (rank 4),4.0,62.52,Financials,0.0,0.0541,weekly,1
2025-02-07,APP,hold,selected (rank 3),3.0,69.7484,Communication Services,0.0427,0.0417,weekly,1
2025-02-07,HIMS,drop,rank 12 outside top 10,12.0,50.8416,Health Care,0.0425,0.0,weekly,1
2025-02-07,HOOD,hold,selected (rank 1),1.0,79.3258,Financials,0.0617,0.0669,weekly,1
2025-02-07,META,hold,selected (rank 8),8.0,54.7721,Communication Services,0.1745,0.1815,weekly,1
2025-02-07,NFLX,hold,selected (rank 7),7.0,55.7276,Communication Services,0.1626,0.1585,weekly,1
2025-02-07,RCL,hold,selected (rank 5),5.0,60.2036,Consumer Discretionary,0.1256,0.1231,weekly,1
2025-02-07,RDDT,hold,selected (rank 2),2.0,71.2862,Communication Services,0.0454,0.0715,weekly,1
2025-02-07,RKLB,drop,rank 33 worse than 20 (picks only from ranks 1-20),33.0,27.2315,Industrials,0.042,0.0,weekly,1
2025-02-07,SHOP,add,selected (rank 10),10.0,51.297,Consumer Discretionary,0.0,0.0788,weekly,1
2025-02-07,COF,drop,rank 11 outside top 10,11.0,50.9542,Financials,0.126,0.0,weekly,1
2025-02-07,C,hold,selected (rank 6),6.0,56.4366,Financials,0.1772,0.1682,weekly,1
2025-02-07,CLS,add,selected (rank 9),9.0,52.8052,Technology,0.0,0.0557,weekly,1
2025-02-14,AFRM,hold,selected (rank 4),4.0,64.1693,Financials,0.0541,0.0651,weekly,1
2025-02-14,APP,hold,selected (rank 1),1.0,78.2069,Communication Services,0.0417,0.0601,weekly,1
2025-02-14,DASH,add,selected (rank 5),5.0,62.8609,Communication Services,0.0,0.1717,weekly,1
2025-02-14,HOOD,hold,selected (rank 2),2.0,73.585,Financials,0.0669,0.0715,weekly,1
2025-02-14,META,hold,selected (rank 7),7.0,61.1631,Communication Services,0.1815,0.187,weekly,1
2025-02-14,NFLX,hold,selected (rank 3),3.0,66.5652,Communication Services,0.1585,0.1571,weekly,1
2025-02-14,RCL,drop,rank 15 outside top 10,15.0,49.4974,Consumer Discretionary,0.1231,0.0,weekly,1
2025-02-14,UPST,add,selected (rank 8),8.0,60.7557,Financials,0.0,0.0503,weekly,1
2025-02-14,ASTS,not selected,skipped: sector cap (Communication Services already 4),10.0,54.523,Communication Services,0.0,0.0,weekly,1
2025-02-14,RDDT,drop,skipped: sector cap (Communication Services already 4),11.0,54.4594,Communication Services,0.0715,0.0,weekly,1
2025-02-14,SHOP,hold,selected (rank 12),12.0,54.3999,Consumer Discretionary,0.0788,0.1047,weekly,1
2025-02-14,C,drop,rank 13 outside top 10,13.0,52.851,Financials,0.1682,0.0,weekly,1
2025-02-14,CLS,hold,selected (rank 9),9.0,58.8848,Technology,0.0557,0.0562,weekly,1
2025-02-14,RBRK,add,selected (rank 6),6.0,61.5714,Technology,0.0,0.0762,weekly,1
2025-02-21,AFRM,hold,selected (rank 9),9.0,42.6635,Financials,0.0651,0.062,weekly,1
2025-02-21,APP,hold,selected (rank 1),1.0,65.7353,Communication Services,0.0601,0.0534,weekly,1
2025-02-21,DASH,hold,selected (rank 2),2.0,57.1301,Communication Services,0.1717,0.1531,weekly,1
2025-02-21,FTNT,add,selected (rank 8),8.0,42.8382,Technology,0.0,0.1737,weekly,1
2025-02-21,HIMS,add,selected (rank 3),3.0,55.7238,Health Care,0.0,0.0371,weekly,1
2025-02-21,HOOD,drop,rank 11 outside top 10,11.0,41.9329,Financials,0.0715,0.0,weekly,1
2025-02-21,LRCX,add,selected (rank 6),6.0,44.9244,Technology,0.0,0.1112,weekly,1
2025-02-21,META,hold,selected (rank 10),10.0,42.6084,Communication Services,0.187,0.1752,weekly,1
2025-02-21,NFLX,hold,selected (rank 7),7.0,44.6733,Communication Services,0.1571,0.1451,weekly,1
2025-02-21,UPST,drop,rank 15 outside top 10,15.0,33.3351,Financials,0.0503,0.0,weekly,1
2025-02-21,U,add,selected (rank 5),5.0,49.5649,Technology,0.0,0.0512,weekly,1
2025-02-21,APLD,add,selected (rank 4),4.0,53.0985,Technology,0.0,0.0381,weekly,1
2025-02-21,SHOP,drop,rank 23 worse than 20 (picks only from ranks 1-20),23.0,23.5149,Consumer Discretionary,0.1047,0.0,weekly,1
2025-02-21,CLS,drop,rank 17 outside top 10,17.0,32.1095,Technology,0.0562,0.0,weekly,1
2025-02-21,RBRK,drop,rank 26 worse than 20 (picks only from ranks 1-20),26.0,20.3331,Technology,0.0762,0.0,weekly,1
2025-02-28,AFRM,drop,rank 13 outside top 10,13.0,32.9362,Financials,0.062,0.0,weekly,1
2025-02-28,APP,drop,rank 21 worse than 20 (picks only from ranks 1-20),21.0,19.572,Communication Services,0.0534,0.0,weekly,1
2025-02-28,DASH,hold,selected (rank 1),1.0,56.5242,Communication Services,0.1531,0.1084,weekly,1
2025-02-28,FTNT,hold,selected (rank 9),9.0,39.7973,Technology,0.1737,0.1275,weekly,1
2025-02-28,HIMS,hold,selected (rank 2),2.0,54.0327,Health Care,0.0371,0.0278,weekly,1
2025-02-28,HOOD,add,selected (rank 4),4.0,47.4947,Financials,0.0,0.0447,weekly,1
2025-02-28,LRCX,drop,score -5.0 <= 0,,-5.0321,Technology,0.1112,0.0,weekly,1
2025-02-28,MCK,add,selected (rank 3),3.0,47.5261,Health Care,0.0,0.1663,weekly,1
2025-02-28,META,hold,selected (rank 10),10.0,38.5709,Communication Services,0.1752,0.1209,weekly,1
2025-02-28,NFLX,hold,selected (rank 6),6.0,45.367,Communication Services,0.1451,0.1077,weekly,1
2025-02-28,U,hold,selected (rank 7),7.0,43.3512,Technology,0.0512,0.0387,weekly,1
2025-02-28,COF,add,selected (rank 8),8.0,42.8664,Financials,0.0,0.1285,weekly,1
2025-02-28,C,add,selected (rank 5),5.0,45.4307,Financials,0.0,0.1295,weekly,1
2025-03-07,DASH,drop,rank 18 outside top 10,18.0,10.1869,Communication Services,0.1084,0.0,weekly,0
2025-03-07,FTNT,hold,selected (rank 8),8.0,20.276,Technology,0.1275,0.0688,weekly,0
2025-03-07,HIMS,drop,rank 12 outside top 10,12.0,15.4086,Health Care,0.0278,0.0,weekly,0
2025-03-07,HOOD,hold,selected (rank 10),10.0,17.5793,Financials,0.0447,0.024,weekly,0
2025-03-07,MCK,hold,selected (rank 2),2.0,58.5359,Health Care,0.1663,0.0929,weekly,0
2025-03-07,META,drop,rank 24 worse than 20 (picks only from ranks 1-20),24.0,6.4912,Communication Services,0.1209,0.0,weekly,0
2025-03-07,NFLX,drop,rank 19 outside top 10,19.0,9.8511,Communication Services,0.1077,0.0,weekly,0
2025-03-07,UBER,add,selected (rank 7),7.0,24.7823,Consumer Discretionary,0.0,0.0402,weekly,0
2025-03-07,VEEV,add,selected (rank 4),4.0,39.5737,Technology,0.0,0.0499,weekly,0
2025-03-07,ZS,add,selected (rank 6),6.0,32.723,Technology,0.0,0.048,weekly,0
2025-03-07,NOC,add,selected (rank 5),5.0,33.4842,Industrials,0.0,0.0722,weekly,0
2025-03-07,LMT,add,selected (rank 9),9.0,19.7464,Industrials,0.0,0.0662,weekly,0
2025-03-07,U,hold,selected (rank 3),3.0,44.969,Technology,0.0387,0.0204,weekly,0
2025-03-07,ASTS,hold,selected (rank 1),1.0,62.9028,Communication Services,0.1285,0.0174,weekly,0
2025-03-07,C,drop,rank 26 worse than 20 (picks only from ranks 1-20),26.0,4.516,Financials,0.1295,0.0,weekly,0
2025-03-14,DASH,hold,selected (rank 7),7.0,28.5972,Communication Services,0.0402,0.0587,weekly,0
2025-03-14,MCK,hold,selected (rank 1),1.0,60.3506,Health Care,0.0929,0.1089,weekly,0
2025-03-14,MU,add,selected (rank 8),8.0,21.2363,Technology,0.0,0.0302,weekly,0
2025-03-14,VEEV,hold,selected (rank 4),4.0,40.1107,Technology,0.0499,0.066,weekly,0
2025-03-14,ZS,drop,rank 17 outside top 10,17.0,13.3169,Technology,0.048,0.0,weekly,0
2025-03-14,NOC,hold,selected (rank 5),5.0,36.9389,Industrials,0.0722,0.0793,weekly,0
2025-03-14,LMT,drop,rank 15 outside top 10,15.0,16.2736,Industrials,0.0662,0.0,weekly,0
2025-03-14,ASTS,hold,selected (rank 3),3.0,41.0033,Communication Services,0.0174,0.0202,weekly,0
2025-03-14,SMCI,add,selected (rank 10),10.0,20.2156,Technology,0.0,0.0189,weekly,0
2025-03-14,TRGP,add,selected (rank 9),9.0,20.5995,Energy,0.0,0.0654,weekly,0
2025-03-14,BE,hold,selected (rank 2),2.0,51.1018,Industrials,0.0204,0.025,weekly,0
2025-03-14,RBRK,add,selected (rank 6),6.0,36.8725,Technology,0.0,0.0274,weekly,0
2025-03-21,DASH,hold,selected (rank 8),8.0,40.7487,Communication Services,0.0587,0.0475,weekly,0
2025-03-21,MCK,hold,selected (rank 1),1.0,60.0189,Health Care,0.1089,0.093,weekly,0
2025-03-21,MU,drop,score -19.3 <= 0,,-19.2728,Technology,0.0302,0.0,weekly,0
2025-03-21,NFLX,hold,selected (rank 2),2.0,49.5351,Communication Services,0.0189,0.0466,weekly,0
2025-03-21,VEEV,hold,selected (rank 3),3.0,47.922,Technology,0.066,0.0584,weekly,0
2025-03-21,ZS,add,selected (rank 4),4.0,45.254,Technology,0.0,0.046,weekly,0
2025-03-21,NOC,hold,selected (rank 6),6.0,42.3154,Industrials,0.0793,0.0663,weekly,0
2025-03-21,ACHR,add,selected (rank 10),10.0,32.839,Industrials,0.0,0.0166,weekly,0
2025-03-21,ASTS,drop,rank 22 worse than 20 (picks only from ranks 1-20),22.0,11.2876,Communication Services,0.0202,0.0,weekly,0
2025-03-21,TRGP,hold,selected (rank 7),7.0,41.2444,Energy,0.0654,0.0529,weekly,0
2025-03-21,BE,hold,selected (rank 9),9.0,36.4879,Industrials,0.025,0.0208,weekly,0
2025-03-21,BA,add,selected (rank 5),5.0,43.9304,Industrials,0.0,0.0519,weekly,0
2025-03-21,RBRK,drop,rank 11 outside top 10,11.0,31.1174,Technology,0.0274,0.0,weekly,0
2025-03-28,DASH,drop,rank 15 outside top 10,15.0,10.4266,Communication Services,0.0475,0.0,weekly,0
2025-03-28,MCK,hold,selected (rank 1),1.0,66.1306,Health Care,0.093,0.0767,weekly,0
2025-03-28,NFLX,drop,rank 12 outside top 10,12.0,16.5635,Communication Services,0.0466,0.0,weekly,0
2025-03-28,SLB,add,selected (rank 7),7.0,33.2474,Energy,0.0,0.051,weekly,0
2025-03-28,UNH,add,selected (rank 10),10.0,23.2479,Health Care,0.0,0.0492,weekly,0
2025-03-28,VEEV,hold,selected (rank 5),5.0,39.386,Technology,0.0584,0.0487,weekly,0
2025-03-28,ZS,hold,selected (rank 3),3.0,43.1066,Technology,0.046,0.0397,weekly,0
2025-03-28,NOC,hold,selected (rank 2),2.0,45.2697,Industrials,0.0663,0.0539,weekly,0
2025-03-28,ACHR,drop,score -5.2 <= 0,,-5.181,Industrials,0.0166,0.0,weekly,0
2025-03-28,OXY,add,selected (rank 9),9.0,23.2484,Energy,0.0,0.0524,weekly,0
2025-03-28,TRGP,hold,selected (rank 6),6.0,36.7978,Energy,0.0529,0.0441,weekly,0
2025-03-28,DVN,add,selected (rank 4),4.0,40.5216,Energy,0.0,0.0432,weekly,0
2025-03-28,BE,drop,score -5.6 <= 0,,-5.6181,Industrials,0.0208,0.0,weekly,0
2025-03-28,BA,hold,selected (rank 8),8.0,32.1896,Industrials,0.0519,0.0412,weekly,0
2025-04-04,DASH,add,selected (rank 6),6.0,8.6642,Communication Services,0.0,0.0493,weekly,0
2025-04-04,HIMS,add,selected (rank 10),10.0,0.5402,Health Care,0.0,0.017,weekly,0
2025-04-04,MCK,hold,selected (rank 1),1.0,69.6293,Health Care,0.0767,0.0958,weekly,0
2025-04-04,NFLX,add,selected (rank 5),5.0,8.7455,Communication Services,0.0,0.0523,weekly,0
2025-04-04,SLB,hold,selected (rank 8),8.0,1.0333,Energy,0.051,0.0555,weekly,0
2025-04-04,UNH,hold,selected (rank 2),2.0,40.6693,Health Care,0.0492,0.0705,weekly,0
2025-04-04,VEEV,drop,score -7.2 <= 0,,-7.1558,Technology,0.0487,0.0,weekly,0
2025-04-04,ZS,drop,score -5.8 <= 0,,-5.7571,Technology,0.0397,0.0,weekly,0
2025-04-04,NOC,hold,selected (rank 3),3.0,30.4905,Industrials,0.0539,0.0741,weekly,0
2025-04-04,MSTR,add,selected (rank 4),4.0,16.7398,Technology,0.0,0.0223,weekly,0
2025-04-04,TEM,add,selected (rank 9),9.0,0.9393,Health Care,0.0,0.0162,weekly,0
2025-04-04,OXY,drop,score -11.2 <= 0,,-11.1597,Energy,0.0524,0.0,weekly,0
2025-04-04,TRGP,hold,selected (rank 7),7.0,7.7771,Energy,0.0441,0.0469,weekly,0
2025-04-04,DVN,drop,score -5.9 <= 0,,-5.9342,Energy,0.0432,0.0,weekly,0
2025-04-04,BA,drop,score -4.2 <= 0,,-4.2383,Industrials,0.0412,0.0,weekly,0
2025-04-11,DASH,hold,selected (rank 8),8.0,24.1051,Communication Services,0.0493,0.0426,weekly,0
2025-04-11,HIMS,drop,rank 20 outside top 10,20.0,2.9318,Health Care,0.017,0.0,weekly,0
2025-04-11,HOOD,add,selected (rank 2),2.0,62.9905,Financials,0.0,0.0216,weekly,0
2025-04-11,MCK,hold,selected (rank 3),3.0,62.9587,Health Care,0.0958,0.0926,weekly,0
2025-04-11,NFLX,hold,selected (rank 9),9.0,23.8324,Communication Services,0.0523,0.0502,weekly,0
2025-04-11,UBER,add,selected (rank 6),6.0,30.0038,Consumer Discretionary,0.0,0.0439,weekly,0
2025-04-11,UNH,hold,selected (rank 4),4.0,50.2593,Health Care,0.0705,0.0661,weekly,0
2025-04-11,NOC,hold,selected (rank 1),1.0,69.1547,Industrials,0.0741,0.0732,weekly,0
2025-04-11,LMT,add,selected (rank 10),10.0,23.396,Industrials,0.0,0.0678,weekly,0
2025-04-11,CVNA,hold,selected (rank 5),5.0,34.9001,Consumer Discretionary,0.0469,0.0214,weekly,0
2025-04-11,MSTR,add,selected (rank 7),7.0,26.3596,Technology,0.0,0.0206,weekly,0
2025-04-17,DASH,hold,selected (rank 5),5.0,32.6532,Communication Services,0.0426,0.0492,weekly,0
2025-04-17,HOOD,hold,selected (rank 7),7.0,32.3077,Financials,0.0216,0.0252,weekly,0
2025-04-17,MCK,hold,selected (rank 1),1.0,67.3726,Health Care,0.0926,0.1101,weekly,0
2025-04-17,NFLX,hold,selected (rank 3),3.0,61.1429,Communication Services,0.0502,0.0569,weekly,0
2025-04-17,UBER,hold,selected (rank 4),4.0,44.5665,Consumer Discretionary,0.0439,0.0508,weekly,0
2025-04-17,UNH,drop,score -11.6 <= 0,,-11.5681,Health Care,0.0661,0.0,weekly,0
2025-04-17,ZS,add,selected (rank 9),9.0,27.6525,Technology,0.0,0.0488,weekly,0
2025-04-17,NOC,hold,selected (rank 2),2.0,65.9362,Industrials,0.0732,0.0859,weekly,0
2025-04-17,LMT,drop,rank 11 outside top 10,11.0,25.0146,Industrials,0.0678,0.0,weekly,0
2025-04-17,CVNA,hold,selected (rank 8),8.0,32.012,Consumer Discretionary,0.0214,0.0254,weekly,0
2025-04-17,MSTR,hold,selected (rank 10),10.0,25.3962,Technology,0.0206,0.0239,weekly,0
2025-04-17,RKLB,add,selected (rank 6),6.0,32.4714,Industrials,0.0,0.0238,weekly,0
2025-04-25,CDNS,add,selected (rank 8),8.0,42.4344,Technology,0.0,0.0517,weekly,0
2025-04-25,DASH,hold,selected (rank 9),9.0,42.3247,Communication Services,0.0492,0.0518,weekly,0
2025-04-25,FTNT,add,selected (rank 6),6.0,48.1365,Technology,0.0,0.0591,weekly,0
2025-04-25,HOOD,hold,selected (rank 1),1.0,58.5112,Financials,0.0252,0.0267,weekly,0
2025-04-25,MCK,hold,selected (rank 3),3.0,56.5987,Health Care,0.1101,0.1181,weekly,0
2025-04-25,NFLX,hold,selected (rank 2),2.0,57.524,Communication Services,0.0569,0.0653,weekly,0
2025-04-25,UBER,drop,rank 11 outside top 10,11.0,38.2375,Consumer Discretionary,0.0508,0.0,weekly,0
2025-04-25,ZS,add,selected (rank 5),5.0,48.9065,Technology,0.0,0.0512,weekly,0
2025-04-25,NOC,drop,score -2.8 <= 0,,-2.7522,Industrials,0.0859,0.0,weekly,0
2025-04-25,CVNA,hold,selected (rank 10),10.0,40.2774,Consumer Discretionary,0.0254,0.0266,weekly,0
2025-04-25,MSTR,hold,selected (rank 4),4.0,49.9613,Technology,0.0239,0.0259,weekly,0
2025-04-25,RKLB,drop,rank 15 outside top 10,15.0,33.6804,Industrials,0.0238,0.0,weekly,0
2025-04-25,TEM,add,selected (rank 7),7.0,42.9744,Health Care,0.0,0.0236,weekly,0
2025-05-02,CDNS,drop,rank 16 outside top 10,16.0,38.6742,Technology,0.0517,0.0,weekly,0
2025-05-02,DASH,hold,selected (rank 3),3.0,52.666,Communication Services,0.0518,0.0514,weekly,0
2025-05-02,FTNT,drop,rank 21 worse than 20 (picks only from ranks 1-20),21.0,31.9819,Technology,0.0591,0.0,weekly,0
2025-05-02,HIMS,add,selected (rank 8),8.0,47.0762,Health Care,0.0,0.0196,weekly,0
2025-05-02,HOOD,drop,rank 11 outside top 10,11.0,42.2675,Financials,0.0267,0.0,weekly,0
2025-05-02,MCK,hold,selected (rank 6),6.0,48.4484,Health Care,0.1181,0.1213,weekly,0
2025-05-02,NFLX,hold,selected (rank 1),1.0,67.5142,Communication Services,0.0653,0.0656,weekly,0
2025-05-02,UBER,add,selected (rank 9),9.0,46.9414,Consumer Discretionary,0.0,0.0531,weekly,0
2025-05-02,ZS,hold,selected (rank 5),5.0,51.0214,Technology,0.0512,0.0532,weekly,0
2025-05-02,ACHR,add,selected (rank 2),2.0,53.9154,Industrials,0.0,0.029,weekly,0
2025-05-02,CVNA,drop,rank 12 outside top 10,12.0,41.8593,Consumer Discretionary,0.0266,0.0,weekly,0
2025-05-02,MSTR,hold,selected (rank 4),4.0,51.2607,Technology,0.0259,0.0261,weekly,0
2025-05-02,TEM,drop,rank 15 outside top 10,15.0,39.3503,Health Care,0.0236,0.0,weekly,0
2025-05-02,BA,add,selected (rank 7),7.0,47.6711,Industrials,0.0,0.05,weekly,0
2025-05-02,RBRK,add,selected (rank 10),10.0,46.7698,Technology,0.0,0.0308,weekly,0
2025-05-09,APP,add,selected (rank 12),12.0,42.5444,Communication Services,0.0,0.0276,weekly,0
2025-05-09,HIMS,drop,rank 25 worse than 20 (picks only from ranks 1-20),25.0,33.1784,Health Care,0.0196,0.0,weekly,0
2025-05-09,HOOD,add,selected (rank 4),4.0,59.715,Financials,0.0,0.0325,weekly,0
2025-05-09,MSFT,not selected,skipped: sector cap (Technology already 4),11.0,43.1612,Technology,0.0,0.0,weekly,0
2025-05-09,NFLX,hold,selected (rank 2),2.0,61.4036,Communication Services,0.0656,0.079,weekly,0
2025-05-09,UBER,drop,rank 21 worse than 20 (picks only from ranks 1-20),21.0,36.3562,Consumer Discretionary,0.0531,0.0,weekly,0
2025-05-09,UI,not selected,skipped: sector cap (Technology already 4),9.0,44.1917,Technology,0.0,0.0,weekly,0
2025-05-09,VEEV,add,selected (rank 8),8.0,45.228,Technology,0.0,0.1009,weekly,0
2025-05-09,ZS,hold,selected (rank 7),7.0,51.3611,Technology,0.0532,0.0646,weekly,0
2025-05-09,ACHR,hold,selected (rank 3),3.0,60.996,Industrials,0.029,0.0348,weekly,0
2025-05-09,ASTS,add,selected (rank 10),10.0,43.4471,Communication Services,0.0,0.0308,weekly,0
2025-05-09,MSTR,hold,selected (rank 5),5.0,54.8583,Technology,0.0261,0.0316,weekly,0
2025-05-09,BA,hold,selected (rank 1),1.0,63.5304,Industrials,0.05,0.0607,weekly,0
2025-05-09,RBRK,hold,selected (rank 6),6.0,51.4335,Technology,0.0308,0.0376,weekly,0
2025-05-16,APP,drop,rank 37 worse than 20 (picks only from ranks 1-20),37.0,27.0761,Communication Services,0.0276,0.0,weekly,1
2025-05-16,HOOD,hold,selected (rank 8),8.0,46.3928,Financials,0.0325,0.0677,weekly,1
2025-05-16,NFLX,hold,selected (rank 2),2.0,55.7687,Communication Services,0.079,0.1586,weekly,1
2025-05-16,UBER,add,selected (rank 10),10.0,45.1415,Consumer Discretionary,0.0,0.1474,weekly,1
2025-05-16,UI,hold,selected (rank 6),6.0,48.7992,Technology,0.0308,0.1067,weekly,1
2025-05-16,ZS,hold,selected (rank 5),5.0,50.5479,Technology,0.0646,0.1309,weekly,1
2025-05-16,ACHR,hold,selected (rank 1),1.0,62.7555,Industrials,0.0348,0.0662,weekly,1
2025-05-16,CVNA,add,selected (rank 7),7.0,47.5913,Consumer Discretionary,0.0,0.0637,weekly,1
2025-05-16,IONQ,add,selected (rank 9),9.0,45.3766,Technology,0.0,0.0588,weekly,1
2025-05-16,MSTR,drop,rank 18 outside top 10,18.0,39.3153,Technology,0.0316,0.0,weekly,1
2025-05-16,BA,hold,selected (rank 3),3.0,54.4763,Industrials,0.0607,0.123,weekly,1
2025-05-16,RBRK,hold,selected (rank 4),4.0,52.0593,Technology,0.0376,0.0769,weekly,1
2025-05-23,HOOD,hold,selected (rank 6),6.0,51.474,Financials,0.0677,0.0739,weekly,1
2025-05-23,INTU,add,selected (rank 4),4.0,53.6274,Technology,0.0,0.1562,weekly,1
2025-05-23,NFLX,hold,selected (rank 10),10.0,48.0336,Communication Services,0.1586,0.1713,weekly,1
2025-05-23,UBER,drop,rank 27 worse than 20 (picks only from ranks 1-20),27.0,27.8163,Consumer Discretionary,0.1474,0.0,weekly,1
2025-05-23,UI,drop,rank 19 outside top 10,19.0,37.7959,Technology,0.1067,0.0,weekly,1
2025-05-23,ZS,hold,selected (rank 2),2.0,58.5274,Technology,0.1309,0.1425,weekly,1
2025-05-23,ACHR,hold,selected (rank 12),12.0,47.4287,Industrials,0.0662,0.0699,weekly,1
2025-05-23,ALAB,not selected,skipped: sector cap (Technology already 4),13.0,47.3827,Technology,0.0,0.0,weekly,1
2025-05-23,CVNA,hold,selected (rank 11),11.0,47.6913,Consumer Discretionary,0.0637,0.0707,weekly,1
2025-05-23,IONQ,drop,skipped: sector cap (Technology already 4),5.0,52.4612,Technology,0.0588,0.0,weekly,1
2025-05-23,NVTS,add,selected (rank 3),3.0,54.6049,Technology,0.0,0.021,weekly,1
2025-05-23,RKLB,add,selected (rank 8),8.0,49.9689,Industrials,0.0,0.0809,weekly,1
2025-05-23,BA,hold,selected (rank 14),14.0,45.9964,Industrials,0.123,0.1311,weekly,1
2025-05-23,CRDO,not selected,skipped: sector cap (Technology already 4),9.0,49.3204,Technology,0.0,0.0,weekly,1
2025-05-23,CLS,not selected,skipped: sector cap (Technology already 4),7.0,50.9342,Technology,0.0,0.0,weekly,1
2025-05-23,RBRK,hold,selected (rank 1),1.0,66.1101,Technology,0.0769,0.0824,weekly,1
2025-05-30,APP,add,selected (rank 8),8.0,51.2809,Communication Services,0.0,0.0788,weekly,1
2025-05-30,AVGO,add,selected (rank 6),6.0,54.7045,Technology,0.0,0.1289,weekly,1
2025-05-30,HOOD,hold,selected (rank 3),3.0,58.5489,Financials,0.0739,0.0876,weekly,1
2025-05-30,INTU,drop,rank 14 outside top 10,14.0,46.516,Technology,0.1562,0.0,weekly,1
2025-05-30,NFLX,drop,rank 13 outside top 10,13.0,48.1622,Communication Services,0.1713,0.0,weekly,1
2025-05-30,VEEV,not selected,skipped: sector cap (Technology already 4),10.0,50.8399,Technology,0.0,0.0,weekly,1
2025-05-30,ZS,hold,selected (rank 4),4.0,57.6383,Technology,0.1425,0.1571,weekly,1
2025-05-30,ACHR,drop,rank 23 worse than 20 (picks only from ranks 1-20),23.0,38.7653,Industrials,0.0699,0.0,weekly,1
2025-05-30,CVNA,hold,selected (rank 9),9.0,51.1728,Consumer Discretionary,0.0707,0.0832,weekly,1
2025-05-30,JOBY,add,selected (rank 11),11.0,50.2453,Industrials,0.0,0.0966,weekly,1
2025-05-30,NVTS,hold,selected (rank 5),5.0,56.0973,Technology,0.021,0.0237,weekly,1
2025-05-30,RKLB,hold,selected (rank 7),7.0,52.1443,Industrials,0.0809,0.0938,weekly,1
2025-05-30,BA,hold,selected (rank 1),1.0,62.2041,Industrials,0.1311,0.1529,weekly,1
2025-05-30,RBRK,hold,selected (rank 2),2.0,61.8451,Technology,0.0824,0.0973,weekly,1
2025-06-06,APP,hold,selected (rank 13),13.0,45.4389,Communication Services,0.0788,0.0743,weekly,1
2025-06-06,AVGO,drop,rank 28 worse than 20 (picks only from ranks 1-20),28.0,37.8187,Technology,0.1289,0.0,weekly,1
2025-06-06,DASH,add,selected (rank 11),11.0,49.0408,Communication Services,0.0,0.1351,weekly,1
2025-06-06,HOOD,hold,selected (rank 3),3.0,61.2083,Financials,0.0876,0.0785,weekly,1
2025-06-06,INTU,not selected,skipped: sector cap (Technology already 4),6.0,52.6723,Technology,0.0,0.0,weekly,1
2025-06-06,NFLX,add,selected (rank 12),12.0,46.186,Communication Services,0.0,0.1957,weekly,1
2025-06-06,SNOW,not selected,skipped: sector cap (Technology already 4),7.0,51.1537,Technology,0.0,0.0,weekly,1
2025-06-06,ZS,hold,selected (rank 2),2.0,65.1761,Technology,0.1571,0.1381,weekly,1
2025-06-06,APLD,add,selected (rank 4),4.0,59.7962,Technology,0.0,0.043,weekly,1
2025-06-06,CVNA,drop,rank 21 worse than 20 (picks only from ranks 1-20),21.0,41.4072,Consumer Discretionary,0.0832,0.0,weekly,1
2025-06-06,IONQ,not selected,skipped: sector cap (Technology already 4),10.0,49.0829,Technology,0.0,0.0,weekly,1
2025-06-06,NVTS,hold,selected (rank 1),1.0,66.3562,Technology,0.0237,0.0207,weekly,1
2025-06-06,RKLB,hold,selected (rank 14),14.0,45.1694,Industrials,0.0938,0.0854,weekly,1
2025-06-06,BA,hold,selected (rank 8),8.0,50.2963,Industrials,0.1529,0.1415,weekly,1
2025-06-06,CLS,not selected,skipped: sector cap (Technology already 4),9.0,50.0858,Technology,0.0,0.0,weekly,1
2025-06-06,RBRK,hold,selected (rank 5),5.0,58.8106,Technology,0.0973,0.0875,weekly,1
2025-06-13,AVAV,add,selected (rank 3),3.0,58.4506,Industrials,0.0,0.1134,weekly,1
2025-06-13,AVGO,not selected,skipped: sector cap (Technology already 4),9.0,50.396,Technology,0.0,0.0,weekly,1
2025-06-13,DASH,hold,selected (rank 10),10.0,48.2135,Communication Services,0.1351,0.1069,weekly,1
2025-06-13,HOOD,drop,rank 21 worse than 20 (picks only from ranks 1-20),21.0,41.2034,Financials,0.0785,0.0,weekly,1
2025-06-13,INTU,not selected,skipped: sector cap (Technology already 4),11.0,46.1325,Technology,0.0,0.0,weekly,1
2025-06-13,MCK,add,selected (rank 15),15.0,44.5034,Health Care,0.0,0.2423,weekly,1
2025-06-13,NFLX,hold,selected (rank 13),13.0,45.5588,Communication Services,0.1957,0.1579,weekly,1
2025-06-13,ORCL,not selected,skipped: sector cap (Technology already 4),7.0,52.9012,Technology,0.0,0.0,weekly,1
2025-06-13,SNOW,not selected,skipped: sector cap (Technology already 4),6.0,54.5077,Technology,0.0,0.0,weekly,1
2025-06-13,VEEV,not selected,skipped: sector cap (Technology already 4),14.0,45.3254,Technology,0.0,0.0,weekly,1
2025-06-13,ZS,hold,selected (rank 1),1.0,66.4257,Technology,0.1381,0.1136,weekly,1
2025-06-13,UMAC,not selected,skipped: sector cap (Technology already 4),16.0,43.9197,Technology,0.0,0.0,weekly,1
2025-06-13,APLD,drop,skipped: sector cap (Technology already 4),12.0,45.7011,Technology,0.043,0.0,weekly,1
2025-06-13,ASTS,add,selected (rank 8),8.0,52.0045,Communication Services,0.0,0.0628,weekly,1
2025-06-13,NVTS,hold,selected (rank 2),2.0,64.3983,Technology,0.0207,0.016,weekly,1
2025-06-13,RKLB,drop,rank 25 worse than 20 (picks only from ranks 1-20),25.0,32.9545,Industrials,0.0854,0.0,weekly,1
2025-06-13,TEM,add,selected (rank 17),17.0,43.7554,Health Care,0.0,0.0511,weekly,1
2025-06-13,BA,drop,rank 39 worse than 20 (picks only from ranks 1-20),39.0,17.9305,Industrials,0.1415,0.0,weekly,1
2025-06-13,CRDO,add,selected (rank 5),5.0,54.7392,Technology,0.0,0.0613,weekly,1
2025-06-13,CLS,add,selected (rank 4),4.0,54.7712,Technology,0.0,0.0747,weekly,1
2025-06-13,RBRK,drop,rank 22 worse than 20 (picks only from ranks 1-20),22.0,39.8567,Technology,0.0875,0.0,weekly,1
2025-06-20,AMD,not selected,skipped: sector cap (Technology already 4),10.0,47.0691,Technology,0.0,0.0,weekly,1
2025-06-20,AVAV,hold,selected (rank 11),11.0,46.5938,Industrials,0.1134,0.1614,weekly,1
2025-06-20,DASH,drop,rank 25 worse than 20 (picks only from ranks 1-20),25.0,37.6124,Communication Services,0.1069,0.0,weekly,1
2025-06-20,HIMS,add,selected (rank 15),15.0,44.6639,Health Care,0.0,0.0757,weekly,1
2025-06-20,HOOD,add,selected (rank 5),5.0,55.8189,Financials,0.0,0.1023,weekly,1
2025-06-20,INTU,not selected,skipped: sector cap (Technology already 4),14.0,45.0349,Technology,0.0,0.0,weekly,1
2025-06-20,MU,not selected,skipped: sector cap (Technology already 4),13.0,45.7615,Technology,0.0,0.0,weekly,1
2025-06-20,NFLX,drop,rank 18 outside top 10,18.0,41.2724,Communication Services,0.1579,0.0,weekly,1
2025-06-20,ORCL,not selected,skipped: sector cap (Technology already 4),12.0,45.9862,Technology,0.0,0.0,weekly,1
2025-06-20,SNOW,hold,selected (rank 7),7.0,53.5212,Technology,0.2423,0.1509,weekly,1
2025-06-20,VRT,add,selected (rank 16),16.0,44.1837,Industrials,0.0,0.1067,weekly,1
2025-06-20,ZS,drop,skipped: sector cap (Technology already 4),9.0,52.1669,Technology,0.1136,0.0,weekly,1
2025-06-20,ASTS,hold,selected (rank 3),3.0,62.3417,Communication Services,0.0628,0.0877,weekly,1
2025-06-20,IONQ,not selected,skipped: sector cap (Technology already 4),8.0,53.0284,Technology,0.0,0.0,weekly,1
2025-06-20,NVTS,hold,selected (rank 4),4.0,57.9739,Technology,0.016,0.023,weekly,1
2025-06-20,RKLB,add,selected (rank 6),6.0,54.9529,Industrials,0.0,0.095,weekly,1
2025-06-20,CRDO,hold,selected (rank 2),2.0,62.6532,Technology,0.0613,0.0885,weekly,1
2025-06-20,CLS,hold,selected (rank 1),1.0,63.3789,Technology,0.0747,0.1088,weekly,1
2025-06-27,AMD,not selected,skipped: sector cap (Technology already 4),10.0,52.0693,Technology,0.0,0.0,weekly,1
2025-06-27,AVAV,hold,selected (rank 2),2.0,63.5789,Industrials,0.1614,0.0915,weekly,1
2025-06-27,AVGO,not selected,skipped: sector cap (Technology already 4),13.0,50.2468,Technology,0.0,0.0,weekly,1
2025-06-27,COIN,add,selected (rank 15),15.0,48.7427,Financials,0.0,0.0714,weekly,1
2025-06-27,DASH,add,selected (rank 17),17.0,48.5846,Communication Services,0.0,0.1233,weekly,1
2025-06-27,HOOD,drop,rank 20 outside top 10,20.0,47.4827,Financials,0.1023,0.0,weekly,1
2025-06-27,LRCX,not selected,skipped: sector cap (Technology already 4),12.0,50.8133,Technology,0.0,0.0,weekly,1
2025-06-27,NFLX,add,selected (rank 16),16.0,48.6166,Communication Services,0.0,0.188,weekly,1
2025-06-27,ORCL,not selected,skipped: sector cap (Technology already 4),14.0,49.4429,Technology,0.0,0.0,weekly,1
2025-06-27,SNOW,drop,skipped: sector cap (Technology already 4),6.0,53.4904,Technology,0.1509,0.0,weekly,1
2025-06-27,ZS,hold,selected (rank 3),3.0,61.5362,Technology,0.0757,0.1303,weekly,1
2025-06-27,APLD,not selected,skipped: sector cap (Technology already 4),11.0,51.8854,Technology,0.0,0.0,weekly,1
2025-06-27,ARM,add,selected (rank 5),5.0,55.2466,Technology,0.0,0.0885,weekly,1
2025-06-27,ASTS,hold,selected (rank 8),8.0,52.9773,Communication Services,0.0877,0.0711,weekly,1
2025-06-27,NVTS,drop,rank 26 worse than 20 (picks only from ranks 1-20),26.0,45.065,Technology,0.023,0.0,weekly,1
2025-06-27,RKLB,hold,selected (rank 9),9.0,52.2016,Industrials,0.095,0.073,weekly,1
2025-06-27,CRDO,hold,selected (rank 4),4.0,56.7923,Technology,0.0885,0.0725,weekly,1
2025-06-27,LITE,not selected,skipped: sector cap (Technology already 4),7.0,53.156,Technology,0.0,0.0,weekly,1
2025-06-27,CLS,hold,selected (rank 1),1.0,64.7506,Technology,0.1088,0.0904,weekly,1
2025-07-03,AVAV,hold,selected (rank 8),8.0,54.1752,Industrials,0.0915,0.1084,weekly,1
2025-07-03,COIN,add,selected (rank 6),6.0,55.2807,Financials,0.0,0.0905,weekly,1
2025-07-03,DASH,drop,rank 15 outside top 10,15.0,46.5182,Communication Services,0.1233,0.0,weekly,1
2025-07-03,IREN,add,selected (rank 11),11.0,50.0574,Energy,0.0,0.1059,weekly,1
2025-07-03,ORCL,hold,selected (rank 1),1.0,62.9903,Technology,0.0714,0.1513,weekly,1
2025-07-03,ZS,drop,rank 17 outside top 10,17.0,45.9466,Technology,0.1303,0.0,weekly,1
2025-07-03,ARM,drop,rank 25 worse than 20 (picks only from ranks 1-20),25.0,41.5129,Technology,0.0885,0.0,weekly,1
2025-07-03,ASTS,hold,selected (rank 7),7.0,54.4639,Communication Services,0.0711,0.0908,weekly,1
2025-07-03,CIFR,add,selected (rank 2),2.0,62.4568,Technology,0.0,0.0732,weekly,1
2025-07-03,JOBY,add,selected (rank 9),9.0,53.7423,Industrials,0.0,0.0835,weekly,1
2025-07-03,RKLB,hold,selected (rank 5),5.0,56.7416,Industrials,0.073,0.092,weekly,1
2025-07-03,SMCI,not selected,skipped: sector cap (Technology already 4),10.0,52.2642,Technology,0.0,0.0,weekly,1
2025-07-03,CRDO,hold,selected (rank 4),4.0,59.6076,Technology,0.0725,0.0907,weekly,1
2025-07-03,CLS,hold,selected (rank 3),3.0,61.7673,Technology,0.0904,0.1138,weekly,1
2025-07-11,AMD,not selected,skipped: sector cap (Technology already 4),7.0,55.7712,Technology,0.0,0.0,weekly,1
2025-07-11,AVAV,hold,selected (rank 2),2.0,65.5766,Industrials,0.1084,0.0923,weekly,1
2025-07-11,COIN,hold,selected (rank 18),18.0,47.3868,Financials,0.0905,0.0794,weekly,1
2025-07-11,HOOD,add,selected (rank 15),15.0,48.9193,Financials,0.0,0.1059,weekly,1
2025-07-11,IREN,drop,rank 27 worse than 20 (picks only from ranks 1-20),27.0,42.6323,Energy,0.1059,0.0,weekly,1
2025-07-11,LRCX,not selected,skipped: sector cap (Technology already 4),12.0,49.9283,Technology,0.0,0.0,weekly,1
2025-07-11,MU,not selected,skipped: sector cap (Technology already 4),16.0,48.7768,Technology,0.0,0.0,weekly,1
2025-07-11,NVDA,not selected,skipped: sector cap (Technology already 4),9.0,51.7579,Technology,0.0,0.0,weekly,1
2025-07-11,ORCL,hold,selected (rank 5),5.0,58.0222,Technology,0.1513,0.1448,weekly,1
2025-07-11,SOFI,add,selected (rank 17),17.0,48.6258,Financials,0.0,0.1325,weekly,1
2025-07-11,UMAC,not selected,skipped: sector cap (Technology already 4),14.0,48.9952,Technology,0.0,0.0,weekly,1
2025-07-11,U,not selected,skipped: sector cap (Technology already 4),13.0,49.4929,Technology,0.0,0.0,weekly,1
2025-07-11,ASTS,drop,rank 26 worse than 20 (picks only from ranks 1-20),26.0,43.5693,Communication Services,0.0908,0.0,weekly,1
2025-07-11,CIFR,hold,selected (rank 4),4.0,61.3738,Technology,0.0732,0.0636,weekly,1
2025-07-11,JOBY,hold,selected (rank 10),10.0,51.6417,Industrials,0.0835,0.0715,weekly,1
2025-07-11,MARA,not selected,skipped: sector cap (Technology already 4),11.0,50.8385,Technology,0.0,0.0,weekly,1
2025-07-11,RKLB,hold,selected (rank 8),8.0,53.3357,Industrials,0.092,0.0846,weekly,1
2025-07-11,SMCI,not selected,skipped: sector cap (Technology already 4),6.0,57.4921,Technology,0.0,0.0,weekly,1
2025-07-11,CRDO,hold,selected (rank 3),3.0,63.263,Technology,0.0907,0.095,weekly,1
2025-07-11,CLS,hold,selected (rank 1),1.0,67.0174,Technology,0.1138,0.1304,weekly,1
2025-07-18,AMD,not selected,skipped: sector cap (Technology already 4),10.0,54.1501,Technology,0.0,0.0,weekly,1
2025-07-18,AVAV,hold,selected (rank 7),7.0,55.3268,Industrials,0.0923,0.1032,weekly,1
2025-07-18,HOOD,hold,selected (rank 14),14.0,52.8822,Financials,0.1059,0.1277,weekly,1
2025-07-18,NVDA,not selected,skipped: sector cap (Technology already 4),8.0,54.7409,Technology,0.0,0.0,weekly,1
2025-07-18,ORCL,hold,selected (rank 3),3.0,61.4884,Technology,0.1448,0.1656,weekly,1
2025-07-18,SOFI,drop,rank 24 worse than 20 (picks only from ranks 1-20),24.0,45.4228,Financials,0.1325,0.0,weekly,1
2025-07-18,U,hold,selected (rank 2),2.0,65.8336,Technology,0.0794,0.108,weekly,1
2025-07-18,ACHR,add,selected (rank 11),11.0,53.6222,Industrials,0.0,0.075,weekly,1
2025-07-18,APLD,not selected,skipped: sector cap (Technology already 4),9.0,54.3484,Technology,0.0,0.0,weekly,1
2025-07-18,ASTS,add,selected (rank 16),16.0,51.5836,Communication Services,0.0,0.0877,weekly,1
2025-07-18,CIFR,hold,selected (rank 1),1.0,67.4086,Technology,0.0636,0.0734,weekly,1
2025-07-18,IONQ,not selected,skipped: sector cap (Technology already 4),15.0,52.7326,Technology,0.0,0.0,weekly,1
2025-07-18,JOBY,hold,selected (rank 4),4.0,60.5659,Industrials,0.0715,0.0736,weekly,1
2025-07-18,RKLB,hold,selected (rank 6),6.0,58.8638,Industrials,0.0846,0.0941,weekly,1
2025-07-18,SMCI,add,selected (rank 5),5.0,59.9023,Technology,0.0,0.0917,weekly,1
2025-07-18,CRDO,drop,rank 30 worse than 20 (picks only from ranks 1-20),30.0,41.9753,Technology,0.095,0.0,weekly,1
2025-07-18,LITE,not selected,skipped: sector cap (Technology already 4),13.0,53.0323,Technology,0.0,0.0,weekly,1
2025-07-18,CLS,drop,skipped: sector cap (Technology already 4),12.0,53.0843,Technology,0.1304,0.0,weekly,1
2025-07-25,AMD,add,selected (rank 7),7.0,57.8186,Technology,0.0,0.1425,weekly,1
2025-07-25,AVAV,hold,selected (rank 4),4.0,62.7246,Industrials,0.1032,0.083,weekly,1
2025-07-25,HOOD,hold,selected (rank 15),15.0,50.7402,Financials,0.1277,0.1053,weekly,1
2025-07-25,ORCL,hold,selected (rank 6),6.0,59.8003,Technology,0.1656,0.14,weekly,1
2025-07-25,RCL,add,selected (rank 10),10.0,55.098,Consumer Discretionary,0.0,0.1896,weekly,1
2025-07-25,U,drop,rank 21 worse than 20 (picks only from ranks 1-20),21.0,45.9324,Technology,0.108,0.0,weekly,1
2025-07-25,ALAB,not selected,skipped: sector cap (Technology already 4),14.0,51.7155,Technology,0.0,0.0,weekly,1
2025-07-25,CIFR,drop,skipped: sector cap (Technology already 4),12.0,53.229,Technology,0.0734,0.0,weekly,1
2025-07-25,JOBY,hold,selected (rank 1),1.0,72.6711,Industrials,0.0736,0.0584,weekly,1
2025-07-25,NVTS,hold,selected (rank 5),5.0,60.4776,Technology,0.0877,0.0162,weekly,1
2025-07-25,RKLB,hold,selected (rank 3),3.0,64.4271,Industrials,0.0941,0.0753,weekly,1
2025-07-25,SMCI,drop,skipped: sector cap (Technology already 4),11.0,54.7019,Technology,0.0917,0.0,weekly,1
2025-07-25,BE,add,selected (rank 2),2.0,65.2686,Industrials,0.0,0.0675,weekly,1
2025-07-25,BA,not selected,skipped: sector cap (Industrials already 4),8.0,55.5233,Industrials,0.0,0.0,weekly,1
2025-07-25,URI,not selected,skipped: sector cap (Industrials already 4),13.0,52.2823,Industrials,0.0,0.0,weekly,1
2025-07-25,CLS,add,selected (rank 9),9.0,55.106,Technology,0.0,0.1222,weekly,1
2025-08-01,ANET,not selected,skipped: sector cap (Technology already 4),12.0,52.0637,Technology,0.0,0.0,weekly,1
2025-08-01,AMD,hold,selected (rank 5; sector cap relaxed: fewer than 10 fit the cap within the top 20),5.0,63.505,Technology,0.1425,0.1831,weekly,1
2025-08-01,AVGO,not selected,skipped: sector cap (Technology already 4),17.0,46.183,Technology,0.0,0.0,weekly,1
2025-08-01,CDNS,not selected,skipped: sector cap (Technology already 4),16.0,47.2715,Technology,0.0,0.0,weekly,1
2025-08-01,HOOD,drop,rank 34 worse than 20 (picks only from ranks 1-20),34.0,25.3222,Financials,0.1053,0.0,weekly,1
2025-08-01,MSFT,not selected,skipped: sector cap (Technology already 4),11.0,52.175,Technology,0.0,0.0,weekly,1
2025-08-01,NVDA,not selected,skipped: sector cap (Technology already 4),13.0,50.9566,Technology,0.0,0.0,weekly,1
2025-08-01,ORCL,drop,skipped: sector cap (Technology already 4),10.0,53.388,Technology,0.14,0.0,weekly,1
2025-08-01,VRT,add,selected (rank 15),15.0,47.8566,Industrials,0.0,0.1813,weekly,1
2025-08-01,U,not selected,skipped: sector cap (Technology already 4),14.0,50.4268,Technology,0.0,0.0,weekly,1
2025-08-01,ALAB,add,selected (rank 2),2.0,69.5684,Technology,0.0,0.0994,weekly,1
2025-08-01,APLD,add,selected (rank 3),3.0,68.8349,Technology,0.0,0.05,weekly,1
2025-08-01,ASTS,add,selected (rank 20),20.0,44.3143,Communication Services,0.0,0.0958,weekly,1
2025-08-01,JOBY,hold,selected (rank 8),8.0,60.0434,Industrials,0.0584,0.0769,weekly,1
2025-08-01,NVTS,hold,selected (rank 1),1.0,70.0313,Technology,0.0162,0.0213,weekly,1
2025-08-01,RKLB,hold,selected (rank 19),19.0,45.6785,Industrials,0.0753,0.0973,weekly,1
2025-08-01,SMCI,hold,selected (rank 4),4.0,66.2787,Technology,0.083,0.1037,weekly,1
2025-08-01,BE,hold,selected (rank 18),18.0,45.6838,Industrials,0.0675,0.0911,weekly,1
2025-08-01,CRDO,drop,skipped: sector cap (Technology already 4),6.0,62.3074,Technology,0.1896,0.0,weekly,1
2025-08-01,LITE,not selected,skipped: sector cap (Technology already 4),9.0,59.5454,Technology,0.0,0.0,weekly,1
2025-08-01,CLS,drop,skipped: sector cap (Technology already 4),7.0,60.7378,Technology,0.1222,0.0,weekly,1
2025-08-08,ANET,not selected,skipped: sector cap (Technology already 4),8.0,57.8948,Technology,0.0,0.0,weekly,1
2025-08-08,AMD,drop,skipped: sector cap (Technology already 4),10.0,55.0139,Technology,0.1831,0.0,weekly,1
2025-08-08,AVGO,not selected,skipped: sector cap (Technology already 4),9.0,56.799,Technology,0.0,0.0,weekly,1
2025-08-08,DASH,add,selected (rank 17),17.0,46.4159,Communication Services,0.0,0.2072,weekly,1
2025-08-08,HOOD,add,selected (rank 15),15.0,49.5379,Financials,0.0,0.1181,weekly,1
2025-08-08,NVDA,not selected,skipped: sector cap (Technology already 4),7.0,60.6146,Technology,0.0,0.0,weekly,1
2025-08-08,ORCL,not selected,skipped: sector cap (Technology already 4),13.0,51.394,Technology,0.0,0.0,weekly,1
2025-08-08,UI,not selected,skipped: sector cap (Technology already 4),11.0,53.236,Technology,0.0,0.0,weekly,1
2025-08-08,U,not selected,skipped: sector cap (Technology already 4),12.0,51.7478,Technology,0.0,0.0,weekly,1
2025-08-08,ALAB,hold,selected (rank 2),2.0,71.1485,Technology,0.0994,0.0676,weekly,1
2025-08-08,APLD,drop,skipped: sector cap (Technology already 4),5.0,67.6938,Technology,0.05,0.0,weekly,1
2025-08-08,JOBY,hold,selected (rank 19),19.0,42.1685,Industrials,0.0769,0.0598,weekly,1
2025-08-08,RKLB,hold,selected (rank 16),16.0,46.9394,Industrials,0.0973,0.0827,weekly,1
2025-08-08,SHOP,add,selected (rank 18),18.0,44.3894,Consumer Discretionary,0.0,0.0991,weekly,1
2025-08-08,BE,hold,selected (rank 14),14.0,50.0738,Industrials,0.0911,0.076,weekly,1
2025-08-08,CRDO,add,selected (rank 4),4.0,68.6798,Technology,0.0,0.1009,weekly,1
2025-08-08,NBIS,add,selected (rank 1),1.0,71.1643,Technology,0.0,0.0713,weekly,1
2025-08-08,LITE,not selected,skipped: sector cap (Technology already 4),6.0,64.7553,Technology,0.0,0.0,weekly,1
2025-08-08,CLS,hold,selected (rank 3),3.0,69.1077,Technology,0.1037,0.1173,weekly,1
2025-08-15,ANET,not selected,skipped: sector cap (Technology already 4),7.0,56.4354,Technology,0.0,0.0,weekly,1
2025-08-15,AMD,add,selected (rank 2),2.0,61.5723,Technology,0.0,0.114,weekly,1
2025-08-15,DASH,drop,rank 37 worse than 20 (picks only from ranks 1-20),37.0,26.7492,Communication Services,0.2072,0.0,weekly,1
2025-08-15,GOOGL,add,selected (rank 16),16.0,45.0569,Communication Services,0.0,0.2213,weekly,1
2025-08-15,HOOD,drop,rank 20 outside top 10,20.0,42.4065,Financials,0.1181,0.0,weekly,1
2025-08-15,IREN,add,selected (rank 14),14.0,45.3486,Energy,0.0,0.0746,weekly,1
2025-08-15,META,add,selected (rank 18),18.0,44.1968,Communication Services,0.0,0.1558,weekly,1
2025-08-15,MU,not selected,skipped: sector cap (Technology already 4),15.0,45.1554,Technology,0.0,0.0,weekly,1
2025-08-15,NVDA,not selected,skipped: sector cap (Technology already 4),17.0,44.3804,Technology,0.0,0.0,weekly,1
2025-08-15,SOFI,add,selected (rank 13),13.0,47.8353,Financials,0.0,0.112,weekly,1
2025-08-15,U,hold,selected (rank 5),5.0,60.6685,Technology,0.0827,0.0706,weekly,1
2025-08-15,ALAB,hold,selected (rank 3),3.0,60.9322,Technology,0.0676,0.0549,weekly,1
2025-08-15,APLD,drop,skipped: sector cap (Technology already 4),9.0,55.6692,Technology,0.0598,0.0,weekly,1
2025-08-15,RDDT,add,selected (rank 4),4.0,60.8791,Communication Services,0.0,0.0789,weekly,1
2025-08-15,SHOP,drop,rank 29 worse than 20 (picks only from ranks 1-20),29.0,34.7365,Consumer Discretionary,0.0991,0.0,weekly,1
2025-08-15,SOUN,not selected,skipped: sector cap (Technology already 4),12.0,52.1526,Technology,0.0,0.0,weekly,1
2025-08-15,BE,hold,selected (rank 8),8.0,55.8723,Industrials,0.076,0.0592,weekly,1
2025-08-15,CRDO,drop,skipped: sector cap (Technology already 4),10.0,53.9526,Technology,0.1009,0.0,weekly,1
2025-08-15,NBIS,hold,selected (rank 1),1.0,65.6302,Technology,0.0713,0.0587,weekly,1
2025-08-15,LITE,not selected,skipped: sector cap (Technology already 4),6.0,59.4475,Technology,0.0,0.0,weekly,1
2025-08-15,CLS,drop,skipped: sector cap (Technology already 4),11.0,52.3315,Technology,0.1173,0.0,weekly,1
2025-08-22,ANET,not selected,skipped: sector cap (Technology already 4),10.0,46.9735,Technology,0.0,0.0,weekly,1
2025-08-22,AMD,drop,rank 29 worse than 20 (picks only from ranks 1-20),29.0,32.6185,Technology,0.114,0.0,weekly,1
2025-08-22,GOOGL,drop,rank 21 worse than 20 (picks only from ranks 1-20),21.0,39.0644,Communication Services,0.2213,0.0,weekly,1
2025-08-22,IREN,hold,selected (rank 5),5.0,57.8281,Energy,0.0746,0.0896,weekly,1
2025-08-22,SOFI,hold,selected (rank 9),9.0,47.0773,Financials,0.112,0.1369,weekly,1
2025-08-22,UI,not selected,skipped: sector cap (Technology already 4),13.0,44.5889,Technology,0.0,0.0,weekly,1
2025-08-22,U,hold,selected (rank 2),2.0,62.8801,Technology,0.0706,0.0919,weekly,1
2025-08-22,ALAB,hold,selected (rank 4),4.0,59.7298,Technology,0.0549,0.0695,weekly,1
2025-08-22,APLD,hold,selected (rank 1),1.0,65.5447,Technology,0.1558,0.0431,weekly,1
2025-08-22,RDDT,hold,selected (rank 11),11.0,46.8407,Communication Services,0.0789,0.1047,weekly,1
2025-08-22,SHOP,add,selected (rank 12),12.0,46.5782,Consumer Discretionary,0.0,0.1092,weekly,1
2025-08-22,BE,hold,selected (rank 3),3.0,60.7466,Industrials,0.0592,0.0749,weekly,1
2025-08-22,URI,add,selected (rank 14),14.0,43.9906,Industrials,0.0,0.206,weekly,1
2025-08-22,NBIS,hold,selected (rank 6),6.0,57.5974,Technology,0.0587,0.0741,weekly,1
2025-08-22,LITE,not selected,skipped: sector cap (Technology already 4),7.0,52.8261,Technology,0.0,0.0,weekly,1
2025-08-22,CLS,not selected,skipped: sector cap (Technology already 4),8.0,47.9887,Technology,0.0,0.0,weekly,1
2025-08-29,AFRM,add,selected (rank 15),15.0,48.7093,Financials,0.0,0.1046,weekly,1
2025-08-29,ANET,not selected,skipped: sector cap (Technology already 4),9.0,54.6745,Technology,0.0,0.0,weekly,1
2025-08-29,IREN,hold,selected (rank 5),5.0,60.7271,Energy,0.0896,0.0758,weekly,1
2025-08-29,RCL,add,selected (rank 16),16.0,48.0932,Consumer Discretionary,0.0,0.1829,weekly,1
2025-08-29,SOFI,hold,selected (rank 14),14.0,49.0395,Financials,0.1369,0.1182,weekly,1
2025-08-29,UI,not selected,skipped: sector cap (Technology already 4),8.0,54.9792,Technology,0.0,0.0,weekly,1
2025-08-29,MDB,not selected,skipped: sector cap (Technology already 4),13.0,49.3502,Technology,0.0,0.0,weekly,1
2025-08-29,U,drop,skipped: sector cap (Technology already 4),7.0,55.4133,Technology,0.0919,0.0,weekly,1
2025-08-29,ALAB,hold,selected (rank 1),1.0,65.6322,Technology,0.0695,0.0623,weekly,1
2025-08-29,APLD,drop,skipped: sector cap (Technology already 4),12.0,51.0128,Technology,0.0431,0.0,weekly,1
2025-08-29,CIFR,hold,selected (rank 3),3.0,63.0614,Technology,0.1092,0.0626,weekly,1
2025-08-29,RDDT,hold,selected (rank 11),11.0,53.055,Communication Services,0.1047,0.0916,weekly,1
2025-08-29,BE,hold,selected (rank 6),6.0,57.3216,Industrials,0.0749,0.0674,weekly,1
2025-08-29,URI,drop,rank 19 outside top 10,19.0,45.8688,Industrials,0.206,0.0,weekly,1
2025-08-29,CRDO,add,selected (rank 2),2.0,63.649,Technology,0.0,0.084,weekly,1
2025-08-29,NBIS,drop,skipped: sector cap (Technology already 4),10.0,53.4128,Technology,0.0741,0.0,weekly,1
2025-08-29,LITE,add,selected (rank 4),4.0,61.2737,Technology,0.0,0.1506,weekly,1
2025-09-05,AFRM,drop,rank 16 outside top 10,16.0,48.652,Financials,0.1046,0.0,weekly,1
2025-09-05,APP,add,selected (rank 7),7.0,59.4871,Communication Services,0.0,0.1023,weekly,1
2025-09-05,GOOGL,add,selected (rank 12),12.0,55.9947,Communication Services,0.0,0.2067,weekly,1
2025-09-05,IREN,hold,selected (rank 13),13.0,54.8284,Energy,0.0758,0.0727,weekly,1
2025-09-05,RCL,drop,rank 23 worse than 20 (picks only from ranks 1-20),23.0,45.4267,Consumer Discretionary,0.1829,0.0,weekly,1
2025-09-05,SOFI,hold,selected (rank 15),15.0,51.5332,Financials,0.1182,0.1161,weekly,1
2025-09-05,UI,not selected,skipped: sector cap (Technology already 4),10.0,56.9236,Technology,0.0,0.0,weekly,1
2025-09-05,MDB,not selected,skipped: sector cap (Technology already 4),14.0,54.1526,Technology,0.0,0.0,weekly,1
2025-09-05,U,add,selected (rank 5),5.0,60.6065,Technology,0.0,0.0911,weekly,1
2025-09-05,ALAB,hold,selected (rank 4),4.0,60.6191,Technology,0.0623,0.0617,weekly,1
2025-09-05,CIFR,drop,skipped: sector cap (Technology already 4),9.0,57.1516,Technology,0.0626,0.0,weekly,1
2025-09-05,RDDT,hold,selected (rank 1),1.0,63.3654,Communication Services,0.0916,0.0936,weekly,1
2025-09-05,SOUN,not selected,skipped: sector cap (Technology already 4),11.0,56.7233,Technology,0.0,0.0,weekly,1
2025-09-05,BE,hold,selected (rank 8),8.0,58.6678,Industrials,0.0674,0.0685,weekly,1
2025-09-05,CRDO,hold,selected (rank 2),2.0,62.4943,Technology,0.084,0.0914,weekly,1
2025-09-05,LITE,drop,skipped: sector cap (Technology already 4),6.0,60.4587,Technology,0.1506,0.0,weekly,1
2025-09-05,CLS,add,selected (rank 3),3.0,60.696,Technology,0.0,0.0958,weekly,1
2025-09-12,APP,hold,selected (rank 1),1.0,67.367,Communication Services,0.1023,0.0987,weekly,1
2025-09-12,GOOGL,add,selected (rank 9),9.0,57.4969,Communication Services,0.0,0.2097,weekly,1
2025-09-12,IREN,hold,selected (rank 12),12.0,55.4779,Energy,0.0727,0.068,weekly,1
2025-09-12,MU,not selected,skipped: sector cap (Technology already 4),16.0,51.6133,Technology,0.0,0.0,weekly,1
2025-09-12,ORCL,not selected,skipped: sector cap (Technology already 4),11.0,55.8904,Technology,0.0,0.0,weekly,1
2025-09-12,SOFI,hold,selected (rank 18),18.0,50.9795,Financials,0.1161,0.1175,weekly,1
2025-09-12,TSLA,add,selected (rank 13),13.0,54.1093,Consumer Discretionary,0.0,0.1182,weekly,1
2025-09-12,MDB,not selected,skipped: sector cap (Technology already 4),17.0,51.4315,Technology,0.0,0.0,weekly,1
2025-09-12,U,drop,skipped: sector cap (Technology already 4),8.0,57.6015,Technology,0.0911,0.0,weekly,1
2025-09-12,ALAB,drop,skipped: sector cap (Technology already 4),10.0,56.7339,Technology,0.0617,0.0,weekly,1
2025-09-12,APLD,add,selected (rank 5),5.0,62.4729,Technology,0.0,0.0554,weekly,1
2025-09-12,CIFR,hold,selected (rank 2),2.0,65.8482,Technology,0.2067,0.0572,weekly,1
2025-09-12,IONQ,not selected,skipped: sector cap (Technology already 4),15.0,52.7736,Technology,0.0,0.0,weekly,1
2025-09-12,RDDT,hold,selected (rank 3),3.0,64.7986,Communication Services,0.0936,0.0921,weekly,1
2025-09-12,BE,drop,rank 20 outside top 10,20.0,49.0045,Industrials,0.0685,0.0,weekly,1
2025-09-12,CRDO,hold,selected (rank 4),4.0,63.6569,Technology,0.0914,0.0886,weekly,1
2025-09-12,NBIS,not selected,skipped: sector cap (Technology already 4),7.0,58.5991,Technology,0.0,0.0,weekly,1
2025-09-12,LITE,not selected,skipped: sector cap (Technology already 4),14.0,53.9385,Technology,0.0,0.0,weekly,1
2025-09-12,CLS,hold,selected (rank 6),6.0,60.8002,Technology,0.0958,0.0946,weekly,1
2025-09-19,ANET,not selected,skipped: sector cap (Technology already 4),20.0,50.7867,Technology,0.0,0.0,weekly,1
2025-09-19,APP,hold,selected (rank 2),2.0,70.4916,Communication Services,0.0987,0.1201,weekly,1
2025-09-19,GOOGL,hold,selected (rank 12),12.0,59.2984,Communication Services,0.2097,0.2462,weekly,1
2025-09-19,IREN,hold,selected (rank 17),17.0,51.6808,Energy,0.068,0.0779,weekly,1
2025-09-19,LRCX,not selected,skipped: sector cap (Technology already 4),16.0,55.1275,Technology,0.0,0.0,weekly,1
2025-09-19,ORCL,not selected,skipped: sector cap (Technology already 4),14.0,59.0717,Technology,0.0,0.0,weekly,1
2025-09-19,SOFI,drop,rank 24 worse than 20 (picks only from ranks 1-20),24.0,46.6683,Financials,0.1175,0.0,weekly,1
2025-09-19,UI,not selected,skipped: sector cap (Technology already 4),8.0,64.1882,Technology,0.0,0.0,weekly,1
2025-09-19,MDB,not selected,skipped: sector cap (Technology already 4),18.0,51.6569,Technology,0.0,0.0,weekly,1
2025-09-19,U,not selected,skipped: sector cap (Technology already 4),9.0,62.6775,Technology,0.0,0.0,weekly,1
2025-09-19,ALAB,drop,skipped: sector cap (Technology already 4),13.0,59.1618,Technology,0.1182,0.0,weekly,1
2025-09-19,APLD,hold,selected (rank 6; sector cap relaxed: fewer than 10 fit the cap within the top 20),6.0,65.3506,Technology,0.0554,0.0658,weekly,1
2025-09-19,CIFR,hold,selected (rank 3),3.0,70.1891,Technology,0.0572,0.0658,weekly,1
2025-09-19,IONQ,add,selected (rank 5),5.0,66.6978,Technology,0.0,0.0848,weekly,1
2025-09-19,RDDT,hold,selected (rank 11),11.0,62.2633,Communication Services,0.0921,0.1087,weekly,1
2025-09-19,SOUN,not selected,skipped: sector cap (Technology already 4),15.0,58.924,Technology,0.0,0.0,weekly,1
2025-09-19,BE,add,selected (rank 19),19.0,51.3185,Industrials,0.0,0.0734,weekly,1
2025-09-19,CRDO,hold,selected (rank 4),4.0,69.4495,Technology,0.0886,0.1046,weekly,1
2025-09-19,NBIS,add,selected (rank 1),1.0,70.8275,Technology,0.0,0.0528,weekly,1
2025-09-19,LITE,not selected,skipped: sector cap (Technology already 4),10.0,62.4627,Technology,0.0,0.0,weekly,1
2025-09-19,CLS,drop,skipped: sector cap (Technology already 4),7.0,65.0052,Technology,0.0946,0.0,weekly,1
2025-09-26,AAPL,not selected,skipped: sector cap (Technology already 4),20.0,42.1433,Technology,0.0,0.0,weekly,1
2025-09-26,ANET,not selected,skipped: sector cap (Technology already 4),19.0,42.7351,Technology,0.0,0.0,weekly,1
2025-09-26,APP,hold,selected (rank 2),2.0,63.1619,Communication Services,0.1201,0.1317,weekly,1
2025-09-26,AVGO,not selected,skipped: sector cap (Technology already 4),18.0,42.9398,Technology,0.0,0.0,weekly,1
2025-09-26,IREN,hold,selected (rank 10),10.0,52.796,Energy,0.0779,0.0794,weekly,1
2025-09-26,LRCX,not selected,skipped: sector cap (Technology already 4),9.0,54.5222,Technology,0.0,0.0,weekly,1
2025-09-26,ORCL,not selected,skipped: sector cap (Technology already 4),15.0,44.9191,Technology,0.0,0.0,weekly,1
2025-09-26,TSLA,add,selected (rank 13),13.0,48.9012,Consumer Discretionary,0.0,0.1488,weekly,1
2025-09-26,UI,add,selected (rank 5),5.0,60.9015,Technology,0.0,0.0931,weekly,1
2025-09-26,UMAC,not selected,skipped: sector cap (Technology already 4),11.0,52.5477,Technology,0.0,0.0,weekly,1
2025-09-26,MDB,not selected,skipped: sector cap (Technology already 4),16.0,44.6878,Technology,0.0,0.0,weekly,1
2025-09-26,U,not selected,skipped: sector cap (Technology already 4),17.0,43.7276,Technology,0.0,0.0,weekly,1
2025-09-26,APLD,hold,selected (rank 1),1.0,63.2881,Technology,0.0658,0.0667,weekly,1
2025-09-26,CIFR,hold,selected (rank 4),4.0,61.3941,Technology,0.0658,0.0658,weekly,1
2025-09-26,IONQ,hold,selected (rank 8; sector cap relaxed: fewer than 10 fit the cap within the top 20),8.0,54.9392,Technology,0.0848,0.0919,weekly,1
2025-09-26,SOUN,not selected,skipped: sector cap (Technology already 4),12.0,51.1662,Technology,0.0,0.0,weekly,1
2025-09-26,BE,drop,rank 25 worse than 20 (picks only from ranks 1-20),25.0,38.1241,Industrials,0.0734,0.0,weekly,1
2025-09-26,CRDO,drop,skipped: sector cap (Technology already 4),14.0,45.7629,Technology,0.1046,0.0,weekly,1
2025-09-26,NBIS,hold,selected (rank 3),3.0,62.3367,Technology,0.0528,0.0569,weekly,1
2025-09-26,LITE,add,selected (rank 7; sector cap relaxed: fewer than 10 fit the cap within the top 20),7.0,57.3419,Technology,0.0,0.1504,weekly,1
2025-09-26,CLS,add,selected (rank 6; sector cap relaxed: fewer than 10 fit the cap within the top 20),6.0,58.3317,Technology,0.0,0.1152,weekly,1
2025-10-03,APP,drop,rank 26 worse than 20 (picks only from ranks 1-20),26.0,41.515,Communication Services,0.1317,0.0,weekly,1
2025-10-03,AVAV,add,selected (rank 14),14.0,49.2003,Industrials,0.0,0.1656,weekly,1
2025-10-03,IREN,add,selected (rank 13),13.0,50.6391,Energy,0.0,0.0902,weekly,1
2025-10-03,LRCX,not selected,skipped: sector cap (Technology already 4),8.0,61.9901,Technology,0.0,0.0,weekly,1
2025-10-03,MU,drop,skipped: sector cap (Technology already 4),6.0,65.5826,Technology,0.0794,0.0,weekly,1
2025-10-03,TSLA,drop,rank 45 worse than 20 (picks only from ranks 1-20),45.0,25.6513,Consumer Discretionary,0.1488,0.0,weekly,1
2025-10-03,UI,drop,skipped: sector cap (Technology already 4),11.0,58.0403,Technology,0.0931,0.0,weekly,1
2025-10-03,UMAC,not selected,skipped: sector cap (Technology already 4),5.0,65.5855,Technology,0.0,0.0,weekly,1
2025-10-03,APLD,hold,selected (rank 2),2.0,73.6009,Technology,0.0667,0.0782,weekly,1
2025-10-03,ASTS,add,selected (rank 16),16.0,46.5467,Communication Services,0.0,0.0951,weekly,1
2025-10-03,CIFR,hold,selected (rank 3),3.0,72.977,Technology,0.0658,0.0788,weekly,1
2025-10-03,IONQ,hold,selected (rank 4),4.0,69.1641,Technology,0.0919,0.1074,weekly,1
2025-10-03,MARA,not selected,skipped: sector cap (Technology already 4),15.0,48.5002,Technology,0.0,0.0,weekly,1
2025-10-03,NVTS,not selected,skipped: sector cap (Technology already 4),10.0,58.2756,Technology,0.0,0.0,weekly,1
2025-10-03,RKLB,add,selected (rank 18),18.0,45.5342,Industrials,0.0,0.1074,weekly,1
2025-10-03,SOUN,not selected,skipped: sector cap (Technology already 4),7.0,63.9919,Technology,0.0,0.0,weekly,1
2025-10-03,TEM,add,selected (rank 17),17.0,46.5076,Health Care,0.0,0.1263,weekly,1
2025-10-03,BE,add,selected (rank 12),12.0,55.003,Industrials,0.0,0.0843,weekly,1
2025-10-03,NBIS,hold,selected (rank 1),1.0,74.237,Technology,0.0569,0.0667,weekly,1
2025-10-03,LITE,drop,skipped: sector cap (Technology already 4),9.0,58.6047,Technology,0.1504,0.0,weekly,1
2025-10-03,CLS,drop,rank 32 worse than 20 (picks only from ranks 1-20),32.0,36.5005,Technology,0.1152,0.0,weekly,1
2025-10-10,ANET,not selected,skipped: sector cap (Technology already 4),7.0,55.4504,Technology,0.0,0.0,weekly,1
2025-10-10,AMD,not selected,skipped: sector cap (Technology already 4),5.0,56.7525,Technology,0.0,0.0,weekly,1
2025-10-10,AVAV,hold,selected (rank 17),17.0,42.275,Industrials,0.1656,0.1655,weekly,1
2025-10-10,IREN,drop,rank 24 worse than 20 (picks only from ranks 1-20),24.0,35.531,Energy,0.0902,0.0,weekly,1
2025-10-10,MU,not selected,skipped: sector cap (Technology already 4),8.0,54.9887,Technology,0.0,0.0,weekly,1
2025-10-10,ORCL,not selected,skipped: sector cap (Technology already 4),16.0,42.4616,Technology,0.0,0.0,weekly,1
2025-10-10,SNOW,not selected,skipped: sector cap (Technology already 4),11.0,53.9822,Technology,0.0,0.0,weekly,1
2025-10-10,UI,not selected,skipped: sector cap (Technology already 4),12.0,50.7998,Technology,0.0,0.0,weekly,1
2025-10-10,VRT,add,selected (rank 14),14.0,48.1521,Industrials,0.0,0.1621,weekly,1
2025-10-10,APLD,hold,selected (rank 1),1.0,72.6605,Technology,0.0782,0.0709,weekly,1
2025-10-10,ASTS,hold,selected (rank 10),10.0,54.274,Communication Services,0.0951,0.0863,weekly,1
2025-10-10,CIFR,hold,selected (rank 4),4.0,63.9473,Technology,0.0788,0.0721,weekly,1
2025-10-10,IONQ,drop,skipped: sector cap (Technology already 4),6.0,55.9198,Technology,0.1074,0.0,weekly,1
2025-10-10,NVTS,add,selected (rank 3),3.0,69.9274,Technology,0.0,0.0814,weekly,1
2025-10-10,RKLB,hold,selected (rank 18),18.0,42.0821,Industrials,0.1074,0.1008,weekly,1
2025-10-10,SOUN,not selected,skipped: sector cap (Technology already 4),9.0,54.4398,Technology,0.0,0.0,weekly,1
2025-10-10,TEM,hold,selected (rank 15),15.0,46.2087,Health Care,0.1263,0.1117,weekly,1
2025-10-10,BE,hold,selected (rank 13),13.0,50.1944,Industrials,0.0843,0.0856,weekly,1
2025-10-10,NBIS,hold,selected (rank 2),2.0,72.0368,Technology,0.0667,0.0636,weekly,1
2025-10-17,AMD,not selected,skipped: sector cap (Technology already 4),6.0,57.4382,Technology,0.0,0.0,weekly,1
2025-10-17,AVAV,drop,rank 32 worse than 20 (picks only from ranks 1-20),32.0,29.3566,Industrials,0.1655,0.0,weekly,1
2025-10-17,AVGO,not selected,skipped: sector cap (Technology already 4),8.0,53.5845,Technology,0.0,0.0,weekly,1
2025-10-17,LRCX,not selected,skipped: sector cap (Technology already 4),10.0,51.6577,Technology,0.0,0.0,weekly,1
2025-10-17,MCK,add,selected (rank 17),17.0,44.1226,Health Care,0.0,0.235,weekly,1
2025-10-17,MRVL,not selected,skipped: sector cap (Technology already 4),13.0,47.9176,Technology,0.0,0.0,weekly,1
2025-10-17,MU,add,selected (rank 2),2.0,67.2394,Technology,0.0,0.1268,weekly,1
2025-10-17,SNOW,not selected,skipped: sector cap (Technology already 4),18.0,43.7311,Technology,0.0,0.0,weekly,1
2025-10-17,UI,not selected,skipped: sector cap (Technology already 4),11.0,51.2493,Technology,0.0,0.0,weekly,1
2025-10-17,VRT,hold,selected (rank 14),14.0,46.5901,Industrials,0.1621,0.1369,weekly,1
2025-10-17,APLD,hold,selected (rank 5; sector cap relaxed: fewer than 10 fit the cap within the top 20),5.0,62.2134,Technology,0.0709,0.0614,weekly,1
2025-10-17,ARM,not selected,skipped: sector cap (Technology already 4),16.0,44.8472,Technology,0.0,0.0,weekly,1
2025-10-17,ASTS,hold,selected (rank 19),19.0,43.4677,Communication Services,0.0863,0.0723,weekly,1
2025-10-17,CIFR,hold,selected (rank 1),1.0,73.869,Technology,0.0721,0.0573,weekly,1
2025-10-17,NVTS,hold,selected (rank 4),4.0,64.7247,Technology,0.0814,0.0592,weekly,1
2025-10-17,RKLB,hold,selected (rank 12),12.0,49.9766,Industrials,0.1008,0.0914,weekly,1
2025-10-17,SOUN,not selected,skipped: sector cap (Technology already 4),7.0,56.6973,Technology,0.0,0.0,weekly,1
2025-10-17,TEM,drop,rank 25 worse than 20 (picks only from ranks 1-20),25.0,34.0146,Health Care,0.1117,0.0,weekly,1
2025-10-17,BE,hold,selected (rank 15),15.0,46.4243,Industrials,0.0856,0.0645,weekly,1
2025-10-17,NBIS,drop,skipped: sector cap (Technology already 4),9.0,52.4486,Technology,0.0636,0.0,weekly,1
2025-10-17,LITE,not selected,skipped: sector cap (Technology already 4),20.0,41.189,Technology,0.0,0.0,weekly,1
2025-10-17,CLS,add,selected (rank 3),3.0,66.9498,Technology,0.0,0.0952,weekly,1
2025-10-24,ANET,not selected,skipped: sector cap (Technology already 4),16.0,47.2905,Technology,0.0,0.0,weekly,1
2025-10-24,AMD,add,selected (rank 4),4.0,64.1892,Technology,0.0,0.1121,weekly,1
2025-10-24,AVGO,not selected,skipped: sector cap (Technology already 4),13.0,48.3548,Technology,0.0,0.0,weekly,1
2025-10-24,IREN,add,selected (rank 20),20.0,42.5245,Energy,0.0,0.0773,weekly,1
2025-10-24,LRCX,not selected,skipped: sector cap (Technology already 4),8.0,56.2201,Technology,0.0,0.0,weekly,1
2025-10-24,MCK,drop,rank 36 worse than 20 (picks only from ranks 1-20),36.0,31.8826,Health Care,0.235,0.0,weekly,1
2025-10-24,MU,hold,selected (rank 2),2.0,67.0474,Technology,0.1268,0.1511,weekly,1
2025-10-24,SNOW,not selected,skipped: sector cap (Technology already 4),14.0,47.7435,Technology,0.0,0.0,weekly,1
2025-10-24,UI,not selected,skipped: sector cap (Technology already 4),10.0,54.2358,Technology,0.0,0.0,weekly,1
2025-10-24,VRT,drop,rank 22 worse than 20 (picks only from ranks 1-20),22.0,42.0583,Industrials,0.1369,0.0,weekly,1
2025-10-24,MDB,not selected,skipped: sector cap (Technology already 4),15.0,47.5154,Technology,0.0,0.0,weekly,1
2025-10-24,APLD,hold,selected (rank 5; sector cap relaxed: fewer than 10 fit the cap within the top 20),5.0,63.2937,Technology,0.0614,0.0724,weekly,1
2025-10-24,ARM,not selected,skipped: sector cap (Technology already 4),18.0,44.446,Technology,0.0,0.0,weekly,1
2025-10-24,ASTS,drop,rank 35 worse than 20 (picks only from ranks 1-20),35.0,32.7243,Communication Services,0.0723,0.0,weekly,1
2025-10-24,CIFR,hold,selected (rank 3),3.0,66.3285,Technology,0.0573,0.0652,weekly,1
2025-10-24,NVTS,hold,selected (rank 6; sector cap relaxed: fewer than 10 fit the cap within the top 20),6.0,62.8595,Technology,0.0592,0.0666,weekly,1
2025-10-24,RKLB,hold,selected (rank 19),19.0,43.7667,Industrials,0.0914,0.1097,weekly,1
2025-10-24,SOUN,not selected,skipped: sector cap (Technology already 4),17.0,45.1809,Technology,0.0,0.0,weekly,1
2025-10-24,BE,hold,selected (rank 11),11.0,53.0253,Industrials,0.0645,0.0812,weekly,1
2025-10-24,CRDO,not selected,skipped: sector cap (Technology already 4),12.0,51.3615,Technology,0.0,0.0,weekly,1
2025-10-24,NBIS,not selected,skipped: sector cap (Technology already 4),9.0,56.1905,Technology,0.0,0.0,weekly,1
2025-10-24,LITE,add,selected (rank 7; sector cap relaxed: fewer than 10 fit the cap within the top 20),7.0,56.6776,Technology,0.0,0.1465,weekly,1
2025-10-24,CLS,hold,selected (rank 1),1.0,68.4444,Technology,0.0952,0.118,weekly,1
2025-10-31,ANET,not selected,skipped: sector cap (Technology already 4),14.0,54.9296,Technology,0.0,0.0,weekly,1
2025-10-31,AMD,hold,selected (rank 7; sector cap relaxed: fewer than 10 fit the cap within the top 20),7.0,65.3168,Technology,0.1121,0.0996,weekly,1
2025-10-31,AVGO,not selected,skipped: sector cap (Technology already 4),12.0,55.5812,Technology,0.0,0.0,weekly,1
2025-10-31,IREN,drop,rank 21 worse than 20 (picks only from ranks 1-20),21.0,46.2051,Energy,0.0773,0.0,weekly,1
2025-10-31,LRCX,add,selected (rank 8; sector cap relaxed: fewer than 10 fit the cap within the top 20),8.0,61.3564,Technology,0.0,0.1586,weekly,1
2025-10-31,MRVL,not selected,skipped: sector cap (Technology already 4),17.0,52.6059,Technology,0.0,0.0,weekly,1
2025-10-31,MU,drop,skipped: sector cap (Technology already 4),9.0,59.109,Technology,0.1511,0.0,weekly,1
2025-10-31,NVDA,not selected,skipped: sector cap (Technology already 4),20.0,47.3203,Technology,0.0,0.0,weekly,1
2025-10-31,SNOW,not selected,skipped: sector cap (Technology already 4),13.0,55.529,Technology,0.0,0.0,weekly,1
2025-10-31,UI,add,selected (rank 5; sector cap relaxed: fewer than 10 fit the cap within the top 20),5.0,66.4599,Technology,0.0,0.0907,weekly,1
2025-10-31,UMAC,not selected,skipped: sector cap (Technology already 4),19.0,47.6476,Technology,0.0,0.0,weekly,1
2025-10-31,MDB,not selected,skipped: sector cap (Technology already 4),15.0,54.4034,Technology,0.0,0.0,weekly,1
2025-10-31,APLD,hold,selected (rank 2),2.0,72.4622,Technology,0.0724,0.0796,weekly,1
2025-10-31,CIFR,drop,skipped: sector cap (Technology already 4),10.0,56.698,Technology,0.0652,0.0,weekly,1
2025-10-31,NVTS,hold,selected (rank 6; sector cap relaxed: fewer than 10 fit the cap within the top 20),6.0,65.849,Technology,0.0666,0.0596,weekly,1
2025-10-31,RKLB,drop,rank 29 worse than 20 (picks only from ranks 1-20),29.0,36.6751,Industrials,0.1097,0.0,weekly,1
2025-10-31,SHOP,add,selected (rank 18),18.0,49.4592,Consumer Discretionary,0.0,0.1195,weekly,1
2025-10-31,BE,hold,selected (rank 11),11.0,56.1925,Industrials,0.0812,0.0688,weekly,1
2025-10-31,CRDO,add,selected (rank 4),4.0,69.8509,Technology,0.0,0.0874,weekly,1
2025-10-31,NBIS,not selected,skipped: sector cap (Technology already 4),16.0,53.1028,Technology,0.0,0.0,weekly,1
2025-10-31,LITE,hold,selected (rank 3),3.0,71.2057,Technology,0.1465,0.1197,weekly,1
2025-10-31,CLS,hold,selected (rank 1),1.0,74.1356,Technology,0.118,0.1165,weekly,1
2025-11-07,AMD,drop,rank 17 outside top 10,17.0,42.5721,Technology,0.0996,0.0,weekly,1
2025-11-07,BIIB,add,selected (rank 11),11.0,53.9155,Health Care,0.0,0.131,weekly,1
2025-11-07,GOOGL,add,selected (rank 14),14.0,46.9977,Communication Services,0.0,0.156,weekly,1
2025-11-07,HAL,add,selected (rank 8),8.0,55.6782,Energy,0.0,0.1109,weekly,1
2025-11-07,LRCX,drop,skipped: sector cap (Technology already 4),12.0,52.2813,Technology,0.1586,0.0,weekly,1
2025-11-07,MCK,add,selected (rank 9),9.0,55.0119,Health Care,0.0,0.1829,weekly,1
2025-11-07,MRVL,not selected,skipped: sector cap (Technology already 4),13.0,49.6749,Technology,0.0,0.0,weekly,1
2025-11-07,MU,hold,selected (rank 1),1.0,68.5668,Technology,0.0596,0.0847,weekly,1
2025-11-07,REGN,add,selected (rank 7),7.0,55.7683,Health Care,0.0,0.1205,weekly,1
2025-11-07,UI,drop,rank 44 worse than 20 (picks only from ranks 1-20),44.0,11.9901,Technology,0.0907,0.0,weekly,1
2025-11-07,MDB,add,selected (rank 3),3.0,63.9303,Technology,0.0,0.0547,weekly,1
2025-11-07,APLD,drop,rank 15 outside top 10,15.0,44.5537,Technology,0.0796,0.0,weekly,1
2025-11-07,CIFR,drop,skipped: sector cap (Technology already 4),6.0,55.9797,Technology,0.1195,0.0,weekly,1
2025-11-07,BE,hold,selected (rank 4),4.0,60.1099,Industrials,0.0688,0.0433,weekly,1
2025-11-07,CRDO,hold,selected (rank 5),5.0,56.0021,Technology,0.0874,0.0549,weekly,1
2025-11-07,LITE,hold,selected (rank 2),2.0,67.837,Technology,0.1197,0.0613,weekly,1
2025-11-07,CLS,drop,skipped: sector cap (Technology already 4),10.0,54.0825,Technology,0.1165,0.0,weekly,1
2025-11-14,AAPL,not selected,skipped: sector cap (Technology already 4),11.0,46.4995,Technology,0.0,0.0,weekly,1
2025-11-14,AMD,add,selected (rank 9),9.0,51.7149,Technology,0.0,0.0608,weekly,1
2025-11-14,BIIB,hold,selected (rank 4),4.0,60.1642,Health Care,0.131,0.1324,weekly,1
2025-11-14,BKR,add,selected (rank 12),12.0,45.8426,Energy,0.0,0.152,weekly,1
2025-11-14,GOOGL,drop,rank 22 worse than 20 (picks only from ranks 1-20),22.0,34.2377,Communication Services,0.156,0.0,weekly,1
2025-11-14,HAL,add,selected (rank 3),3.0,60.6878,Energy,0.0,0.1058,weekly,1
2025-11-14,MCK,drop,rank 13 outside top 10,13.0,45.1167,Health Care,0.1829,0.0,weekly,1
2025-11-14,MRK,add,selected (rank 8),8.0,51.889,Health Care,0.0,0.1513,weekly,1
2025-11-14,MU,hold,selected (rank 1),1.0,67.2361,Technology,0.0847,0.0795,weekly,1
2025-11-14,REGN,hold,selected (rank 2),2.0,60.7462,Health Care,0.1205,0.1167,weekly,1
2025-11-14,MDB,hold,selected (rank 7),7.0,53.258,Technology,0.0547,0.0533,weekly,1
2025-11-14,APA,add,selected (rank 6),6.0,54.9746,Energy,0.0,0.092,weekly,1
2025-11-14,BE,drop,rank 29 worse than 20 (picks only from ranks 1-20),29.0,21.6953,Industrials,0.0433,0.0,weekly,1
2025-11-14,CRDO,drop,rank 26 worse than 20 (picks only from ranks 1-20),26.0,27.4724,Technology,0.0549,0.0,weekly,1
2025-11-14,LITE,hold,selected (rank 5),5.0,58.8381,Technology,0.0613,0.0562,weekly,1
2025-11-14,CLS,not selected,skipped: sector cap (Technology already 4),10.0,51.7136,Technology,0.0,0.0,weekly,1
2025-11-21,AAPL,add,selected (rank 7),7.0,53.4886,Technology,0.0,0.1355,weekly,1
2025-11-21,AMD,drop,rank 25 worse than 20 (picks only from ranks 1-20),25.0,9.7984,Technology,0.0608,0.0,weekly,1
2025-11-21,BIIB,hold,selected (rank 4),4.0,63.0764,Health Care,0.1324,0.0897,weekly,1
2025-11-21,BKR,hold,selected (rank 9),9.0,40.8471,Energy,0.152,0.1065,weekly,1
2025-11-21,GOOGL,add,selected (rank 1),1.0,65.0969,Communication Services,0.0,0.0966,weekly,1
2025-11-21,HAL,drop,rank 16 outside top 10,16.0,30.9853,Energy,0.1058,0.0,weekly,1
2025-11-21,MCK,add,selected (rank 5),5.0,57.8094,Health Care,0.0,0.1318,weekly,1
2025-11-21,MRK,hold,selected (rank 6),6.0,56.2684,Health Care,0.1513,0.1023,weekly,1
2025-11-21,MU,drop,rank 13 outside top 10,13.0,35.5902,Technology,0.0795,0.0,weekly,1
2025-11-21,REGN,hold,selected (rank 3),3.0,64.0915,Health Care,0.1167,0.0788,weekly,1
2025-11-21,MDB,drop,rank 19 outside top 10,19.0,27.7998,Technology,0.0533,0.0,weekly,1
2025-11-21,APA,drop,rank 17 outside top 10,17.0,30.2776,Energy,0.092,0.0,weekly,1
2025-11-21,DVN,add,selected (rank 10),10.0,39.232,Energy,0.0,0.0985,weekly,1
2025-11-21,PH,add,selected (rank 8),8.0,43.3917,Industrials,0.0,0.1248,weekly,1
2025-11-21,LITE,hold,selected (rank 2),2.0,64.8805,Technology,0.0562,0.0355,weekly,1
2025-11-28,AAPL,drop,skipped: sector cap (Technology already 4),8.0,55.815,Technology,0.1355,0.0,weekly,1
2025-11-28,AVGO,add,selected (rank 5),5.0,57.8266,Technology,0.0,0.0775,weekly,1
2025-11-28,BIIB,hold,selected (rank 3),3.0,61.4856,Health Care,0.0897,0.1163,weekly,1
2025-11-28,BKR,drop,rank 18 outside top 10,18.0,43.824,Energy,0.1065,0.0,weekly,1
2025-11-28,GOOGL,hold,selected (rank 13),13.0,52.9486,Communication Services,0.0966,0.1168,weekly,1
2025-11-28,LRCX,not selected,skipped: sector cap (Technology already 4),12.0,53.34,Technology,0.0,0.0,weekly,1
2025-11-28,MCK,hold,selected (rank 11),11.0,53.8466,Health Care,0.1318,0.167,weekly,1
2025-11-28,MRK,hold,selected (rank 10),10.0,53.9444,Health Care,0.1023,0.1243,weekly,1
2025-11-28,MU,add,selected (rank 1),1.0,63.3098,Technology,0.0,0.0634,weekly,1
2025-11-28,REGN,hold,selected (rank 9),9.0,55.4447,Health Care,0.0788,0.101,weekly,1
2025-11-28,U,not selected,skipped: sector cap (Technology already 4),14.0,46.4084,Technology,0.0,0.0,weekly,1
2025-11-28,CIFR,add,selected (rank 4),4.0,61.0212,Technology,0.0,0.0298,weekly,1
2025-11-28,DVN,drop,rank 21 worse than 20 (picks only from ranks 1-20),21.0,36.6272,Energy,0.0985,0.0,weekly,1
2025-11-28,PH,hold,selected (rank 15),15.0,46.3638,Industrials,0.1248,0.1611,weekly,1
2025-11-28,CRDO,not selected,skipped: sector cap (Technology already 4),7.0,57.2446,Technology,0.0,0.0,weekly,1
2025-11-28,LITE,hold,selected (rank 2),2.0,61.9393,Technology,0.0355,0.0429,weekly,1
2025-11-28,CLS,not selected,skipped: sector cap (Technology already 4),6.0,57.3471,Technology,0.0,0.0,weekly,1
2025-12-05,APP,add,selected (rank 11),11.0,46.7941,Communication Services,0.0,0.0745,weekly,1
2025-12-05,AVGO,drop,skipped: sector cap (Technology already 4),8.0,51.3052,Technology,0.0775,0.0,weekly,1
2025-12-05,BIIB,hold,selected (rank 7),7.0,54.0227,Health Care,0.1163,0.134,weekly,1
2025-12-05,GOOGL,hold,selected (rank 5),5.0,55.2942,Communication Services,0.1168,0.149,weekly,1
2025-12-05,LRCX,not selected,skipped: sector cap (Technology already 4),10.0,47.0112,Technology,0.0,0.0,weekly,1
2025-12-05,MRK,drop,rank 17 outside top 10,17.0,43.9526,Health Care,0.1243,0.0,weekly,1
2025-12-05,MRVL,add,selected (rank 4),4.0,55.9856,Technology,0.0,0.0832,weekly,1
2025-12-05,MU,drop,skipped: sector cap (Technology already 4),9.0,48.038,Technology,0.0634,0.0,weekly,1
2025-12-05,REGN,hold,selected (rank 12),12.0,46.791,Health Care,0.101,0.1104,weekly,1
2025-12-05,MDB,add,selected (rank 2),2.0,57.0401,Technology,0.0,0.0805,weekly,1
2025-12-05,CIFR,drop,rank 20 outside top 10,20.0,42.3426,Technology,0.0298,0.0,weekly,1
2025-12-05,APA,add,selected (rank 3),3.0,56.0032,Energy,0.0,0.0928,weekly,1
2025-12-05,PH,hold,selected (rank 13),13.0,46.4739,Industrials,0.1611,0.1792,weekly,1
2025-12-05,CRDO,add,selected (rank 6),6.0,54.6846,Technology,0.0,0.0494,weekly,1
2025-12-05,LITE,hold,selected (rank 1),1.0,67.5098,Technology,0.0429,0.047,weekly,1
2025-12-12,APP,hold,selected (rank 12),12.0,45.6637,Communication Services,0.0745,0.0834,weekly,1
2025-12-12,BIIB,drop,rank 20 outside top 10,20.0,40.3299,Health Care,0.134,0.0,weekly,1
2025-12-12,GOOGL,drop,rank 17 outside top 10,17.0,43.478,Communication Services,0.149,0.0,weekly,1
2025-12-12,LRCX,not selected,skipped: sector cap (Technology already 4),11.0,45.9551,Technology,0.0,0.0,weekly,1
2025-12-12,MRK,add,selected (rank 5),5.0,49.5424,Health Care,0.0,0.159,weekly,1
2025-12-12,MRVL,drop,rank 39 worse than 20 (picks only from ranks 1-20),39.0,12.7853,Technology,0.0832,0.0,weekly,1
2025-12-12,MU,hold,selected (rank 8),8.0,48.4814,Technology,0.0494,0.0809,weekly,1
2025-12-12,REGN,hold,selected (rank 2),2.0,59.7303,Health Care,0.1104,0.1246,weekly,1
2025-12-12,MDB,hold,selected (rank 1),1.0,61.553,Technology,0.0805,0.0931,weekly,1
2025-12-12,U,add,selected (rank 6),6.0,49.2158,Technology,0.0,0.0742,weekly,1
2025-12-12,TWLO,not selected,skipped: sector cap (Technology already 4),10.0,47.281,Technology,0.0,0.0,weekly,1
2025-12-12,ASTS,add,selected (rank 4),4.0,56.9759,Communication Services,0.0,0.0485,weekly,1
2025-12-12,RKLB,add,selected (rank 7),7.0,49.1947,Industrials,0.0,0.0627,weekly,1
2025-12-12,APA,drop,rank 23 worse than 20 (picks only from ranks 1-20),23.0,33.9598,Energy,0.0928,0.0,weekly,1
2025-12-12,C,add,selected (rank 9),9.0,47.3248,Financials,0.0,0.2207,weekly,1
2025-12-12,PH,drop,rank 14 outside top 10,14.0,45.1447,Industrials,0.1792,0.0,weekly,1
2025-12-12,LITE,hold,selected (rank 3),3.0,59.5318,Technology,0.047,0.0529,weekly,1
2025-12-19,APP,hold,selected (rank 9),9.0,52.8831,Communication Services,0.0834,0.0798,weekly,1
2025-12-19,LRCX,hold,selected (rank 4),4.0,61.1561,Technology,0.0485,0.0981,weekly,1
2025-12-19,MRK,drop,rank 14 outside top 10,14.0,46.3131,Health Care,0.159,0.0,weekly,1
2025-12-19,MU,add,selected (rank 2),2.0,64.2943,Technology,0.0,0.0744,weekly,1
2025-12-19,REGN,hold,selected (rank 8),8.0,53.0193,Health Care,0.1246,0.1209,weekly,1
2025-12-19,MDB,hold,selected (rank 3),3.0,63.0276,Technology,0.0931,0.091,weekly,1
2025-12-19,U,drop,skipped: sector cap (Technology already 4),6.0,55.8441,Technology,0.0742,0.0,weekly,1
2025-12-19,TWLO,drop,skipped: sector cap (Technology already 4),5.0,56.2956,Technology,0.0809,0.0,weekly,1
2025-12-19,ASTS,add,selected (rank 10),10.0,50.2377,Communication Services,0.0,0.0441,weekly,1
2025-12-19,RKLB,hold,selected (rank 7),7.0,53.5838,Industrials,0.0627,0.0556,weekly,1
2025-12-19,COF,add,selected (rank 11),11.0,49.0095,Financials,0.0,0.1749,weekly,1
2025-12-19,C,hold,selected (rank 12),12.0,48.9242,Financials,0.2207,0.2106,weekly,1
2025-12-19,LITE,hold,selected (rank 1),1.0,65.3246,Technology,0.0529,0.0505,weekly,1
2025-12-26,APP,drop,rank 15 outside top 10,15.0,43.0628,Communication Services,0.0798,0.0,weekly,1
2025-12-26,LRCX,hold,selected (rank 4),4.0,62.676,Technology,0.0981,0.0811,weekly,1
2025-12-26,MRK,add,selected (rank 5),5.0,55.3606,Health Care,0.0,0.126,weekly,1
2025-12-26,MU,hold,selected (rank 2),2.0,66.0225,Technology,0.0744,0.0613,weekly,1
2025-12-26,REGN,hold,selected (rank 8),8.0,53.062,Health Care,0.1209,0.1051,weekly,1
2025-12-26,MDB,hold,selected (rank 3),3.0,64.9743,Technology,0.091,0.0748,weekly,1
2025-12-26,TWLO,not selected,skipped: sector cap (Technology already 4),7.0,53.7547,Technology,0.0,0.0,weekly,1
2025-12-26,ASTS,drop,rank 24 worse than 20 (picks only from ranks 1-20),24.0,29.9885,Communication Services,0.0441,0.0,weekly,1
2025-12-26,RKLB,drop,rank 16 outside top 10,16.0,42.8891,Industrials,0.0556,0.0,weekly,1
2025-12-26,SHOP,add,selected (rank 11),11.0,45.8592,Consumer Discretionary,0.0,0.0859,weekly,1
2025-12-26,COF,hold,selected (rank 9),9.0,48.4703,Financials,0.1749,0.1442,weekly,1
2025-12-26,C,hold,selected (rank 10),10.0,46.9923,Financials,0.2106,0.1685,weekly,1
2025-12-26,FCX,add,selected (rank 6),6.0,55.1457,Materials,0.0,0.1111,weekly,1
2025-12-26,LITE,hold,selected (rank 1),1.0,68.1146,Technology,0.0505,0.042,weekly,1
2026-01-02,HAL,add,selected (rank 2),2.0,63.467,Energy,0.0,0.1144,weekly,1
2026-01-02,LRCX,hold,selected (rank 8),8.0,54.9699,Technology,0.0811,0.0866,weekly,1
2026-01-02,MRK,hold,selected (rank 5),5.0,60.2016,Health Care,0.126,0.1678,weekly,1
2026-01-02,MU,hold,selected (rank 7),7.0,55.9,Technology,0.0613,0.0654,weekly,1
2026-01-02,REGN,hold,selected (rank 3),3.0,62.0854,Health Care,0.1051,0.1199,weekly,1
2026-01-02,MDB,drop,rank 25 worse than 20 (picks only from ranks 1-20),25.0,33.8324,Technology,0.0748,0.0,weekly,1
2026-01-02,ASTS,add,selected (rank 10),10.0,51.6507,Communication Services,0.0,0.0401,weekly,1
2026-01-02,RKLB,add,selected (rank 1),1.0,66.2532,Industrials,0.0,0.049,weekly,1
2026-01-02,COF,drop,rank 13 outside top 10,13.0,45.0735,Financials,0.1442,0.0,weekly,1
2026-01-02,C,hold,selected (rank 9),9.0,53.8752,Financials,0.1685,0.1875,weekly,1
2026-01-02,FCX,hold,selected (rank 6),6.0,58.5705,Materials,0.1111,0.1241,weekly,1
2026-01-02,LITE,hold,selected (rank 4),4.0,61.3644,Technology,0.042,0.0452,weekly,1
2026-01-09,BIIB,hold,selected (rank 3),3.0,62.361,Health Care,0.1144,0.1829,weekly,1
2026-01-09,GOOGL,add,selected (rank 8),8.0,54.4323,Communication Services,0.0,0.1601,weekly,1
2026-01-09,HAL,add,selected (rank 6),6.0,55.8243,Energy,0.0,0.1093,weekly,1
2026-01-09,LRCX,drop,rank 13 outside top 10,13.0,50.3111,Technology,0.0866,0.0,weekly,1
2026-01-09,MRK,hold,selected (rank 2),2.0,66.2182,Health Care,0.1678,0.1801,weekly,1
2026-01-09,MU,hold,selected (rank 10),10.0,53.7758,Technology,0.0654,0.0673,weekly,1
2026-01-09,REGN,hold,selected (rank 1),1.0,67.5715,Health Care,0.1199,0.1273,weekly,1
2026-01-09,APLD,add,selected (rank 7),7.0,55.3777,Technology,0.0,0.0421,weekly,1
2026-01-09,ASTS,hold,selected (rank 9),9.0,54.0021,Communication Services,0.0401,0.0415,weekly,1
2026-01-09,RKLB,hold,selected (rank 4),4.0,61.2736,Industrials,0.049,0.0523,weekly,1
2026-01-09,C,drop,rank 14 outside top 10,14.0,50.1849,Financials,0.1875,0.0,weekly,1
2026-01-09,BE,add,selected (rank 5),5.0,60.9559,Industrials,0.0,0.0372,weekly,1
2026-01-09,FCX,drop,rank 12 outside top 10,12.0,51.9673,Materials,0.1241,0.0,weekly,1
2026-01-09,LITE,drop,rank 32 worse than 20 (picks only from ranks 1-20),32.0,30.4245,Technology,0.0452,0.0,weekly,1
2026-01-16,BKR,add,selected (rank 8),8.0,58.1654,Energy,0.0,0.1551,weekly,1
2026-01-16,GOOGL,drop,rank 30 worse than 20 (picks only from ranks 1-20),30.0,33.971,Communication Services,0.1601,0.0,weekly,1
2026-01-16,HAL,hold,selected (rank 1),1.0,73.3366,Energy,0.1093,0.1179,weekly,1
2026-01-16,LRCX,add,selected (rank 7),7.0,60.1012,Technology,0.0,0.0932,weekly,1
2026-01-16,MRK,drop,rank 15 outside top 10,15.0,48.1308,Health Care,0.1801,0.0,weekly,1
2026-01-16,MU,hold,selected (rank 4),4.0,62.9286,Technology,0.0673,0.0703,weekly,1
2026-01-16,REGN,drop,rank 44 worse than 20 (picks only from ranks 1-20),44.0,12.9115,Health Care,0.1273,0.0,weekly,1
2026-01-16,SLB,hold,selected (rank 2),2.0,68.2933,Energy,0.1829,0.1373,weekly,1
2026-01-16,LMT,add,selected (rank 9),9.0,56.3329,Industrials,0.0,0.1802,weekly,1
2026-01-16,APLD,hold,selected (rank 10),10.0,54.0639,Technology,0.0421,0.0449,weekly,1
2026-01-16,ASTS,drop,rank 19 outside top 10,19.0,44.4432,Communication Services,0.0415,0.0,weekly,1
2026-01-16,RKLB,hold,selected (rank 3),3.0,67.8416,Industrials,0.0523,0.0531,weekly,1
2026-01-16,APA,add,selected (rank 6),6.0,60.117,Energy,0.0,0.1066,weekly,1
2026-01-16,BE,hold,selected (rank 5),5.0,61.9812,Industrials,0.0372,0.0413,weekly,1
2026-01-23,BKR,drop,rank 12 outside top 10,12.0,52.6307,Energy,0.1551,0.0,weekly,1
2026-01-23,HAL,hold,selected (rank 1),1.0,71.9279,Energy,0.1179,0.1256,weekly,1
2026-01-23,LRCX,drop,rank 17 outside top 10,17.0,50.0971,Technology,0.0932,0.0,weekly,1
2026-01-23,MU,hold,selected (rank 5),5.0,62.1669,Technology,0.0703,0.0627,weekly,1
2026-01-23,SLB,hold,selected (rank 2),2.0,70.4275,Energy,0.1373,0.123,weekly,1
2026-01-23,LMT,hold,selected (rank 7),7.0,58.0997,Industrials,0.1802,0.1667,weekly,1
2026-01-23,APLD,add,selected (rank 9),9.0,56.5152,Technology,0.0,0.041,weekly,1
2026-01-23,CVNA,add,selected (rank 8),8.0,56.5574,Consumer Discretionary,0.0,0.068,weekly,1
2026-01-23,RKLB,drop,rank 11 outside top 10,11.0,54.5209,Industrials,0.0531,0.0,weekly,1
2026-01-23,APA,hold,selected (rank 6),6.0,60.5702,Energy,0.1066,0.0935,weekly,1
2026-01-23,TRGP,add,selected (rank 10),10.0,54.9871,Energy,0.0,0.1567,weekly,1
2026-01-23,BE,hold,selected (rank 4),4.0,63.8399,Industrials,0.0413,0.0378,weekly,1
2026-01-23,FCX,add,selected (rank 3),3.0,66.614,Materials,0.0,0.1249,weekly,1
2026-01-30,BKR,hold,selected (rank 2),2.0,67.9861,Energy,0.068,0.1131,weekly,1
2026-01-30,GOOGL,add,selected (rank 1),1.0,68.3333,Communication Services,0.0,0.1296,weekly,1
2026-01-30,HAL,hold,selected (rank 4),4.0,66.1724,Energy,0.1256,0.1063,weekly,1
2026-01-30,MRK,add,selected (rank 3),3.0,66.8219,Health Care,0.0,0.1314,weekly,1
2026-01-30,MU,drop,rank 19 outside top 10,19.0,47.8472,Technology,0.0627,0.0,weekly,1
2026-01-30,SLB,drop,rank 11 outside top 10,11.0,60.8783,Energy,0.123,0.0,weekly,1
2026-01-30,LMT,hold,selected (rank 8),8.0,63.3497,Industrials,0.1667,0.1282,weekly,1
2026-01-30,APLD,drop,rank 28 worse than 20 (picks only from ranks 1-20),28.0,34.4526,Technology,0.041,0.0,weekly,1
2026-01-30,ASTS,add,selected (rank 6),6.0,64.8162,Communication Services,0.0,0.0298,weekly,1
2026-01-30,APA,drop,rank 12 outside top 10,12.0,59.1013,Energy,0.0935,0.0,weekly,1
2026-01-30,TRGP,hold,selected (rank 5),5.0,64.8611,Energy,0.1567,0.1291,weekly,1
2026-01-30,DVN,add,selected (rank 9),9.0,63.1944,Energy,0.0,0.1081,weekly,1
2026-01-30,BE,hold,selected (rank 10),10.0,61.0335,Industrials,0.0378,0.0322,weekly,1
2026-01-30,FCX,hold,selected (rank 7),7.0,63.7214,Materials,0.1249,0.0922,weekly,1
2026-02-06,BIIB,add,selected (rank 8),8.0,64.5466,Health Care,0.0,0.0899,weekly,1
2026-02-06,BKR,drop,skipped: sector cap (Energy already 4),9.0,64.1422,Energy,0.1131,0.0,weekly,1
2026-02-06,HAL,hold,selected (rank 4),4.0,66.9608,Energy,0.1063,0.0897,weekly,1
2026-02-06,MRK,hold,selected (rank 5),5.0,66.0049,Health Care,0.1314,0.1178,weekly,1
2026-02-06,SLB,hold,selected (rank 1),1.0,69.9755,Energy,0.1296,0.0842,weekly,1
2026-02-06,NOC,add,selected (rank 11),11.0,60.7557,Industrials,0.0,0.1117,weekly,1
2026-02-06,LMT,hold,selected (rank 3),3.0,69.2116,Industrials,0.1282,0.1071,weekly,1
2026-02-06,ASTS,drop,rank 24 worse than 20 (picks only from ranks 1-20),24.0,47.3039,Communication Services,0.0298,0.0,weekly,1
2026-02-06,APA,not selected,skipped: sector cap (Energy already 4),7.0,64.6691,Energy,0.0,0.0,weekly,1
2026-02-06,TRGP,hold,selected (rank 6),6.0,65.2941,Energy,0.1291,0.1176,weekly,1
2026-02-06,DVN,hold,selected (rank 2),2.0,69.8775,Energy,0.1081,0.0895,weekly,1
2026-02-06,BE,drop,rank 20 outside top 10,20.0,48.6479,Industrials,0.0322,0.0,weekly,1
2026-02-06,PH,add,selected (rank 12),12.0,60.2533,Industrials,0.0,0.1261,weekly,1
2026-02-06,FCX,drop,rank 16 outside top 10,16.0,53.366,Materials,0.0922,0.0,weekly,1
2026-02-06,LYB,add,selected (rank 10),10.0,62.9616,Materials,0.0,0.0664,weekly,1
2026-02-13,BIIB,add,selected (rank 3),3.0,69.6528,Health Care,0.0,0.098,weekly,1
2026-02-13,HAL,drop,rank 17 outside top 10,17.0,57.5776,Energy,0.0897,0.0,weekly,1
2026-02-13,MRK,hold,selected (rank 4),4.0,67.7533,Health Care,0.1178,0.1323,weekly,1
2026-02-13,REGN,add,selected (rank 8),8.0,64.3219,Health Care,0.0,0.1104,weekly,1
2026-02-13,SLB,hold,selected (rank 6),6.0,65.2002,Energy,0.0842,0.0965,weekly,1
2026-02-13,VRT,hold,selected (rank 2),2.0,69.9224,Industrials,0.1117,0.0473,weekly,1
2026-02-13,LMT,hold,selected (rank 1),1.0,69.9469,Industrials,0.1071,0.1215,weekly,1
2026-02-13,TRGP,hold,selected (rank 5),5.0,66.2418,Energy,0.1176,0.1361,weekly,1
2026-02-13,DVN,add,selected (rank 7),7.0,64.6977,Energy,0.0,0.1016,weekly,1
2026-02-13,PH,drop,rank 15 outside top 10,15.0,59.0033,Industrials,0.1261,0.0,weekly,1
2026-02-13,FCX,hold,selected (rank 9),9.0,64.1054,Materials,0.0895,0.0818,weekly,1
2026-02-13,LYB,hold,selected (rank 10),10.0,63.5172,Materials,0.0664,0.0746,weekly,1
2026-02-20,BIIB,drop,rank 21 worse than 20 (picks only from ranks 1-20),21.0,51.5972,Health Care,0.098,0.0,weekly,1
2026-02-20,BKR,add,selected (rank 5),5.0,67.1977,Energy,0.0,0.0985,weekly,1
2026-02-20,HAL,not selected,skipped: sector cap (Energy already 4),9.0,64.3668,Energy,0.0,0.0,weekly,1
2026-02-20,MRK,hold,selected (rank 6),6.0,66.5972,Health Care,0.1323,0.121,weekly,1
2026-02-20,REGN,drop,rank 23 worse than 20 (picks only from ranks 1-20),23.0,45.9722,Health Care,0.1104,0.0,weekly,1
2026-02-20,SLB,hold,selected (rank 8),8.0,64.5752,Energy,0.0965,0.0846,weekly,1
2026-02-20,VRT,hold,selected (rank 1),1.0,73.9338,Industrials,0.0473,0.0424,weekly,1
2026-02-20,NOC,add,selected (rank 10),10.0,63.5417,Industrials,0.0,0.1043,weekly,1
2026-02-20,LMT,hold,selected (rank 4),4.0,67.8922,Industrials,0.1215,0.1054,weekly,1
2026-02-20,APA,not selected,skipped: sector cap (Energy already 4),11.0,62.4306,Energy,0.0,0.0,weekly,1
2026-02-20,OXY,not selected,skipped: sector cap (Energy already 4),12.0,59.6855,Energy,0.0,0.0,weekly,1
2026-02-20,TRGP,hold,selected (rank 3),3.0,68.1168,Energy,0.1361,0.1201,weekly,1
2026-02-20,DVN,hold,selected (rank 7),7.0,64.5997,Energy,0.1016,0.0908,weekly,1
2026-02-20,FANG,not selected,skipped: sector cap (Energy already 4),13.0,59.5997,Energy,0.0,0.0,weekly,1
2026-02-20,PH,add,selected (rank 14),14.0,59.2279,Industrials,0.0,0.16,weekly,1
2026-02-20,FCX,hold,selected (rank 2),2.0,69.3382,Materials,0.0818,0.0729,weekly,1
2026-02-20,LYB,drop,rank 19 outside top 10,19.0,54.6078,Materials,0.0746,0.0,weekly,1
2026-02-27,BKR,hold,selected (rank 2),2.0,69.4608,Energy,0.0985,0.1219,weekly,1
2026-02-27,HAL,add,selected (rank 3),3.0,68.7255,Energy,0.0,0.1116,weekly,1
2026-02-27,MCK,add,selected (rank 5),5.0,65.9191,Health Care,0.0,0.0961,weekly,1
2026-02-27,MRK,hold,selected (rank 9),9.0,62.8554,Health Care,0.121,0.1584,weekly,1
2026-02-27,SLB,drop,skipped: sector cap (Energy already 4),11.0,60.4534,Energy,0.0846,0.0,weekly,1
2026-02-27,VRT,hold,selected (rank 8),8.0,63.3619,Industrials,0.0424,0.0539,weekly,1
2026-02-27,NOC,drop,rank 16 outside top 10,16.0,54.0359,Industrials,0.1043,0.0,weekly,1
2026-02-27,LMT,drop,rank 13 outside top 10,13.0,59.7467,Industrials,0.1054,0.0,weekly,1
2026-02-27,APA,add,selected (rank 4),4.0,66.5441,Energy,0.0,0.088,weekly,1
2026-02-27,OXY,not selected,skipped: sector cap (Energy already 4),7.0,64.6691,Energy,0.0,0.0,weekly,1
2026-02-27,TRGP,hold,selected (rank 1),1.0,71.3358,Energy,0.1201,0.1478,weekly,1
2026-02-27,PH,drop,rank 19 outside top 10,19.0,48.031,Industrials,0.16,0.0,weekly,1
2026-02-27,FCX,hold,selected (rank 6),6.0,65.1593,Materials,0.0729,0.0924,weekly,1
2026-02-27,LYB,add,selected (rank 10),10.0,62.3897,Materials,0.0,0.0849,weekly,1
2026-02-27,LITE,add,selected (rank 12),12.0,60.2778,Technology,0.0,0.045,weekly,1
2026-03-06,BKR,drop,rank 17 outside top 10,17.0,30.3064,Energy,0.1219,0.0,weekly,1
2026-03-06,HAL,drop,rank 15 outside top 10,15.0,36.1397,Energy,0.1116,0.0,weekly,1
2026-03-06,MCK,drop,rank 13 outside top 10,13.0,38.0515,Health Care,0.0961,0.0,weekly,1
2026-03-06,MRK,drop,rank 20 outside top 10,20.0,27.3897,Health Care,0.1584,0.0,weekly,1
2026-03-06,VRT,hold,selected (rank 3),3.0,64.1667,Industrials,0.0539,0.0581,weekly,1
2026-03-06,UMAC,add,selected (rank 9),9.0,53.7173,Technology,0.0,0.0348,weekly,1
2026-03-06,NOC,add,selected (rank 4),4.0,63.076,Industrials,0.0,0.1312,weekly,1
2026-03-06,LMT,add,selected (rank 1),1.0,70.3922,Industrials,0.0,0.1413,weekly,1
2026-03-06,APA,hold,selected (rank 2),2.0,67.5858,Energy,0.088,0.0959,weekly,1
2026-03-06,OXY,add,selected (rank 5),5.0,62.8922,Energy,0.0,0.1131,weekly,1
2026-03-06,TRGP,hold,selected (rank 6),6.0,60.4289,Energy,0.1478,0.1637,weekly,1
2026-03-06,DVN,not selected,skipped: sector cap (Energy already 4),10.0,52.6838,Energy,0.0,0.0,weekly,1
2026-03-06,FANG,add,selected (rank 8),8.0,57.7083,Energy,0.0,0.1297,weekly,1
2026-03-06,FCX,drop,rank 27 worse than 20 (picks only from ranks 1-20),27.0,16.0417,Materials,0.0924,0.0,weekly,1
2026-03-06,LYB,hold,selected (rank 7),7.0,58.5049,Materials,0.0849,0.0885,weekly,1
2026-03-06,LITE,hold,selected (rank 11),11.0,40.8987,Technology,0.045,0.0437,weekly,1
2026-03-13,MU,add,selected (rank 10),10.0,47.2631,Technology,0.0,0.059,weekly,1
2026-03-13,VRT,hold,selected (rank 6),6.0,57.7451,Industrials,0.0581,0.0575,weekly,1
2026-03-13,UMAC,hold,selected (rank 7),7.0,55.7312,Technology,0.0348,0.0344,weekly,1
2026-03-13,NOC,hold,selected (rank 9),9.0,52.5245,Industrials,0.1312,0.1313,weekly,1
2026-03-13,LMT,hold,selected (rank 11),11.0,45.3676,Industrials,0.1413,0.1405,weekly,1
2026-03-13,APA,hold,selected (rank 1),1.0,71.7525,Energy,0.0959,0.0964,weekly,1
2026-03-13,OXY,hold,selected (rank 2),2.0,70.0858,Energy,0.1131,0.1076,weekly,1
2026-03-13,TRGP,hold,selected (rank 4),4.0,61.0907,Energy,0.1637,0.168,weekly,1
2026-03-13,DVN,add,selected (rank 5),5.0,60.1103,Energy,0.0,0.1182,weekly,1
2026-03-13,FANG,drop,skipped: sector cap (Energy already 4),8.0,53.4804,Energy,0.1297,0.0,weekly,1
2026-03-13,LYB,hold,selected (rank 3),3.0,62.4469,Materials,0.0885,0.0871,weekly,1
2026-03-13,LITE,drop,rank 12 outside top 10,12.0,44.9346,Technology,0.0437,0.0,weekly,1
2026-03-20,HAL,not selected,skipped: sector cap (Energy already 4),7.0,53.7868,Energy,0.0,0.0,weekly,0
2026-03-20,MU,hold,selected (rank 9),9.0,49.3056,Technology,0.059,0.0351,weekly,0
2026-03-20,UI,add,selected (rank 12),12.0,41.7688,Technology,0.0,0.0495,weekly,0
2026-03-20,VRT,hold,selected (rank 11),11.0,47.3407,Industrials,0.0575,0.0358,weekly,0
2026-03-20,UMAC,drop,rank 22 worse than 20 (picks only from ranks 1-20),22.0,18.2271,Technology,0.0344,0.0,weekly,0
2026-03-20,NOC,drop,rank 16 outside top 10,16.0,30.5147,Industrials,0.1313,0.0,weekly,0
2026-03-20,LMT,drop,rank 20 outside top 10,20.0,24.4118,Industrials,0.1405,0.0,weekly,0
2026-03-20,APA,hold,selected (rank 1),1.0,75.7966,Energy,0.0964,0.0585,weekly,0
2026-03-20,OXY,hold,selected (rank 2),2.0,68.0025,Energy,0.1076,0.0666,weekly,0
2026-03-20,TRGP,drop,skipped: sector cap (Energy already 4),10.0,48.8725,Energy,0.168,0.0,weekly,0
2026-03-20,DVN,hold,selected (rank 6),6.0,57.3529,Energy,0.1182,0.0761,weekly,0
2026-03-20,FANG,add,selected (rank 3),3.0,60.2941,Energy,0.0,0.0789,weekly,0
2026-03-20,LYB,hold,selected (rank 8),8.0,51.7647,Materials,0.0871,0.0506,weekly,0
2026-03-20,NBIS,add,selected (rank 5),5.0,58.3497,Technology,0.0,0.0238,weekly,0
2026-03-20,LITE,add,selected (rank 4),4.0,58.6193,Technology,0.0,0.025,weekly,0
2026-03-27,HAL,add,selected (rank 5),5.0,64.9632,Energy,0.0,0.0587,weekly,0
2026-03-27,MRK,add,selected (rank 7),7.0,55.4412,Health Care,0.0,0.0924,weekly,0
2026-03-27,MRVL,add,selected (rank 11),11.0,47.9984,Technology,0.0,0.0384,weekly,0
2026-03-27,SLB,not selected,skipped: sector cap (Energy already 4),12.0,47.9412,Energy,0.0,0.0,weekly,0
2026-03-27,UI,hold,selected (rank 13),13.0,45.768,Technology,0.0495,0.0396,weekly,0
2026-03-27,VRT,drop,rank 14 outside top 10,14.0,37.5858,Industrials,0.0358,0.0,weekly,0
2026-03-27,ARM,add,selected (rank 10),10.0,48.2067,Technology,0.0,0.0366,weekly,0
2026-03-27,APA,hold,selected (rank 2),2.0,78.2966,Energy,0.0585,0.0494,weekly,0
2026-03-27,OXY,hold,selected (rank 3),3.0,69.9632,Energy,0.0666,0.0567,weekly,0
2026-03-27,TRGP,not selected,skipped: sector cap (Energy already 4),8.0,55.2941,Energy,0.0,0.0,weekly,0
2026-03-27,DVN,hold,selected (rank 4),4.0,68.4191,Energy,0.0761,0.0655,weekly,0
2026-03-27,FANG,drop,skipped: sector cap (Energy already 4),6.0,57.5368,Energy,0.0789,0.0,weekly,0
2026-03-27,LYB,hold,selected (rank 1),1.0,79.8775,Materials,0.0506,0.0421,weekly,0
2026-03-27,NBIS,drop,rank 18 outside top 10,18.0,20.9641,Technology,0.0238,0.0,weekly,0
2026-03-27,LITE,hold,selected (rank 9),9.0,50.7802,Technology,0.025,0.0207,weekly,0
2026-04-02,HAL,hold,selected (rank 8),8.0,57.5,Energy,0.0587,0.0619,weekly,0
2026-04-02,MRK,hold,selected (rank 4),4.0,61.5972,Health Care,0.0924,0.0991,weekly,0
2026-04-02,MRVL,drop,rank 14 outside top 10,14.0,51.3031,Technology,0.0384,0.0,weekly,0
2026-04-02,UI,hold,selected (rank 9),9.0,53.5212,Technology,0.0396,0.0406,weekly,0
2026-04-02,VRT,add,selected (rank 5),5.0,58.0801,Industrials,0.0,0.0309,weekly,0
2026-04-02,ARM,drop,rank 15 outside top 10,15.0,49.759,Technology,0.0366,0.0,weekly,0
2026-04-02,APA,hold,selected (rank 1),1.0,74.2034,Energy,0.0494,0.0521,weekly,0
2026-04-02,OXY,hold,selected (rank 7),7.0,57.8922,Energy,0.0567,0.0595,weekly,0
2026-04-02,DVN,hold,selected (rank 6),6.0,57.9167,Energy,0.0655,0.0684,weekly,0
2026-04-02,LYB,hold,selected (rank 2),2.0,69.0564,Materials,0.0421,0.0441,weekly,0
2026-04-02,NBIS,add,selected (rank 10),10.0,52.933,Technology,0.0,0.0216,weekly,0
2026-04-02,LITE,hold,selected (rank 3),3.0,62.0874,Technology,0.0207,0.0218,weekly,0
2026-04-10,BKR,hold,selected (rank 7),7.0,60.4003,Energy,0.0991,0.1583,weekly,1
2026-04-10,HAL,drop,rank 19 outside top 10,19.0,40.241,Energy,0.0619,0.0,weekly,1
2026-04-10,LRCX,not selected,skipped: sector cap (Technology already 4),8.0,56.9812,Technology,0.0,0.0,weekly,1
2026-04-10,MRVL,add,selected (rank 4),4.0,62.116,Technology,0.0,0.0851,weekly,1
2026-04-10,SLB,add,selected (rank 9),9.0,55.5596,Energy,0.0,0.147,weekly,1
2026-04-10,UI,hold,selected (rank 6),6.0,60.4493,Technology,0.0406,0.0956,weekly,1
2026-04-10,VRT,hold,selected (rank 3),3.0,62.9657,Industrials,0.0309,0.0762,weekly,1
2026-04-10,ARM,not selected,skipped: sector cap (Technology already 4),11.0,54.2116,Technology,0.0,0.0,weekly,1
2026-04-10,APA,hold,selected (rank 12),12.0,49.0645,Energy,0.0521,0.1232,weekly,1
2026-04-10,OXY,drop,rank 29 worse than 20 (picks only from ranks 1-20),29.0,30.0449,Energy,0.0595,0.0,weekly,1
2026-04-10,DVN,drop,rank 23 worse than 20 (picks only from ranks 1-20),23.0,36.54,Energy,0.0684,0.0,weekly,1
2026-04-10,FCX,add,selected (rank 1),1.0,66.4951,Materials,0.0,0.1059,weekly,1
2026-04-10,LYB,hold,selected (rank 10),10.0,54.7181,Materials,0.0441,0.1024,weekly,1
2026-04-10,NBIS,hold,selected (rank 5),5.0,61.1969,Technology,0.0216,0.0517,weekly,1
2026-04-10,LITE,hold,selected (rank 2),2.0,63.2557,Technology,0.0218,0.0546,weekly,1
2026-04-17,ANET,not selected,skipped: sector cap (Technology already 4),8.0,55.2941,Technology,0.0,0.0,weekly,1
2026-04-17,AMD,not selected,skipped: sector cap (Technology already 4),11.0,52.8309,Technology,0.0,0.0,weekly,1
2026-04-17,AVGO,not selected,skipped: sector cap (Technology already 4),16.0,48.6642,Technology,0.0,0.0,weekly,1
2026-04-17,CRWV,not selected,skipped: sector cap (Technology already 4),18.0,41.6422,Technology,0.0,0.0,weekly,1
2026-04-17,HAL,add,selected (rank 19),19.0,39.6569,Energy,0.0,0.1771,weekly,1
2026-04-17,LRCX,not selected,skipped: sector cap (Technology already 4),13.0,50.9436,Technology,0.0,0.0,weekly,1
2026-04-17,MRVL,hold,selected (rank 1),1.0,69.2525,Technology,0.0851,0.0857,weekly,1
2026-04-17,MU,not selected,skipped: sector cap (Technology already 4),15.0,50.2696,Technology,0.0,0.0,weekly,1
2026-04-17,SLB,hold,selected (rank 9),9.0,55.2819,Energy,0.147,0.1487,weekly,1
2026-04-17,UI,hold,selected (rank 3),3.0,64.7549,Technology,0.0956,0.0975,weekly,1
2026-04-17,VRT,hold,selected (rank 12),12.0,52.5776,Industrials,0.0762,0.0761,weekly,1
2026-04-17,ARM,not selected,skipped: sector cap (Technology already 4),10.0,53.1863,Technology,0.0,0.0,weekly,1
2026-04-17,NVTS,not selected,skipped: sector cap (Technology already 4),14.0,50.7966,Technology,0.0,0.0,weekly,1
2026-04-17,APA,drop,rank 29 worse than 20 (picks only from ranks 1-20),29.0,27.9779,Energy,0.1232,0.0,weekly,1
2026-04-17,C,add,selected (rank 17),17.0,44.3056,Financials,0.0,0.1484,weekly,1
2026-04-17,BE,hold,selected (rank 6),6.0,55.8007,Industrials,0.1583,0.0498,weekly,1
2026-04-17,FCX,hold,selected (rank 4),4.0,59.2034,Materials,0.1059,0.1088,weekly,1
2026-04-17,LYB,drop,rank 41 worse than 20 (picks only from ranks 1-20),41.0,16.4583,Materials,0.1024,0.0,weekly,1
2026-04-17,NBIS,hold,selected (rank 5),5.0,56.7034,Technology,0.0517,0.0523,weekly,1
2026-04-17,LITE,hold,selected (rank 2),2.0,65.3922,Technology,0.0546,0.0556,weekly,1
2026-04-17,CLS,not selected,skipped: sector cap (Technology already 4),7.0,55.3064,Technology,0.0,0.0,weekly,1
2026-04-24,ANET,not selected,skipped: sector cap (Technology already 4),5.0,58.6111,Technology,0.0,0.0,weekly,1
2026-04-24,AMD,not selected,skipped: sector cap (Technology already 4),9.0,55.4861,Technology,0.0,0.0,weekly,1
2026-04-24,AVGO,not selected,skipped: sector cap (Technology already 4),17.0,49.3587,Technology,0.0,0.0,weekly,1
2026-04-24,BKR,add,selected (rank 19),19.0,48.2475,Energy,0.0,0.143,weekly,1
2026-04-24,HAL,hold,selected (rank 8),8.0,55.527,Energy,0.1771,0.1614,weekly,1
2026-04-24,LRCX,not selected,skipped: sector cap (Technology already 4),14.0,53.0719,Technology,0.0,0.0,weekly,1
2026-04-24,MRVL,hold,selected (rank 1),1.0,67.0057,Technology,0.0857,0.0782,weekly,1
2026-04-24,MU,add,selected (rank 3),3.0,59.0891,Technology,0.0,0.0718,weekly,1
2026-04-24,SLB,hold,selected (rank 10),10.0,54.8775,Energy,0.1487,0.1381,weekly,1
2026-04-24,UI,drop,skipped: sector cap (Technology already 4),16.0,50.2778,Technology,0.0975,0.0,weekly,1
2026-04-24,VRT,hold,selected (rank 15),15.0,51.6217,Industrials,0.0761,0.0695,weekly,1
2026-04-24,ALAB,not selected,skipped: sector cap (Technology already 4),11.0,54.567,Technology,0.0,0.0,weekly,1
2026-04-24,ARM,add,selected (rank 2),2.0,62.9493,Technology,0.0,0.072,weekly,1
2026-04-24,NVTS,drop,skipped: sector cap (Technology already 4),7.0,56.344,Technology,0.1484,0.0,weekly,1
2026-04-24,FANG,add,selected (rank 20),20.0,40.527,Energy,0.0,0.168,weekly,1
2026-04-24,BE,hold,selected (rank 12),12.0,53.4722,Industrials,0.0498,0.0461,weekly,1
2026-04-24,FCX,drop,rank 50 worse than 20 (picks only from ranks 1-20),50.0,10.2083,Materials,0.1088,0.0,weekly,1
2026-04-24,CRDO,not selected,skipped: sector cap (Technology already 4),6.0,58.1087,Technology,0.0,0.0,weekly,1
2026-04-24,NBIS,drop,skipped: sector cap (Technology already 4),18.0,49.1136,Technology,0.0523,0.0,weekly,1
2026-04-24,LITE,hold,selected (rank 4),4.0,58.9175,Technology,0.0556,0.0519,weekly,1
2026-04-24,CLS,not selected,skipped: sector cap (Technology already 4),13.0,53.0842,Technology,0.0,0.0,weekly,1
2026-05-01,AMD,add,selected (rank 2),2.0,65.9886,Technology,0.0,0.0735,weekly,1
2026-05-01,AVGO,not selected,skipped: sector cap (Technology already 4),11.0,55.4861,Technology,0.0,0.0,weekly,1
2026-05-01,BKR,hold,selected (rank 13),13.0,55.1389,Energy,0.143,0.147,weekly,1
2026-05-01,HAL,hold,selected (rank 15),15.0,54.183,Energy,0.1614,0.1621,weekly,1
2026-05-01,MRVL,hold,selected (rank 3),3.0,65.7557,Technology,0.0782,0.0778,weekly,1
2026-05-01,MU,hold,selected (rank 5),5.0,64.9469,Technology,0.0718,0.0732,weekly,1
2026-05-01,SLB,hold,selected (rank 14),14.0,55.1389,Energy,0.1381,0.142,weekly,1
2026-05-01,VRT,hold,selected (rank 12),12.0,55.2574,Industrials,0.0695,0.0692,weekly,1
2026-05-01,TWLO,not selected,skipped: sector cap (Technology already 4),10.0,57.0792,Technology,0.0,0.0,weekly,1
2026-05-01,ARM,drop,skipped: sector cap (Technology already 4),6.0,62.7778,Technology,0.072,0.0,weekly,1
2026-05-01,NVTS,hold,selected (rank 1),1.0,69.4444,Technology,0.168,0.0404,weekly,1
2026-05-01,FANG,add,selected (rank 16),16.0,53.7663,Energy,0.0,0.1716,weekly,1
2026-05-01,BE,hold,selected (rank 4),4.0,65.2941,Industrials,0.0461,0.0431,weekly,1
2026-05-01,NBIS,not selected,skipped: sector cap (Technology already 4),8.0,60.4493,Technology,0.0,0.0,weekly,1
2026-05-01,LITE,drop,skipped: sector cap (Technology already 4),7.0,61.4052,Technology,0.0519,0.0,weekly,1
2026-05-01,CLS,not selected,skipped: sector cap (Technology already 4),9.0,57.2018,Technology,0.0,0.0,weekly,1
2026-05-08,AMD,hold,selected (rank 1),1.0,70.1021,Technology,0.0735,0.1019,weekly,1
2026-05-08,FTNT,not selected,skipped: sector cap (Technology already 4),9.0,51.5237,Technology,0.0,0.0,weekly,1
2026-05-08,GOOGL,add,selected (rank 13),13.0,48.2802,Communication Services,0.0,0.2159,weekly,1
2026-05-08,HAL,drop,rank 24 worse than 20 (picks only from ranks 1-20),24.0,36.3194,Energy,0.1621,0.0,weekly,1
2026-05-08,LRCX,not selected,skipped: sector cap (Technology already 4),11.0,49.7222,Technology,0.0,0.0,weekly,1
2026-05-08,MRVL,hold,selected (rank 4),4.0,66.781,Technology,0.0778,0.1095,weekly,1
2026-05-08,MU,hold,selected (rank 3),3.0,69.2688,Technology,0.0732,0.0956,weekly,1
2026-05-08,NVDA,not selected,skipped: sector cap (Technology already 4),19.0,40.2492,Technology,0.0,0.0,weekly,1
2026-05-08,VRT,hold,selected (rank 14),14.0,46.1029,Industrials,0.0692,0.1001,weekly,1
2026-05-08,CRCL,not selected,skipped: sector cap (Technology already 4),10.0,50.0899,Technology,0.0,0.0,weekly,1
2026-05-08,TWLO,hold,selected (rank 5; sector cap relaxed: fewer than 10 fit the cap within the top 20),5.0,64.9918,Technology,0.147,0.1125,weekly,1
2026-05-08,APLD,not selected,skipped: sector cap (Technology already 4),17.0,41.4869,Technology,0.0,0.0,weekly,1
2026-05-08,ARM,drop,skipped: sector cap (Technology already 4),8.0,56.8423,Technology,0.1716,0.0,weekly,1
2026-05-08,IONQ,not selected,skipped: sector cap (Technology already 4),12.0,49.134,Technology,0.0,0.0,weekly,1
2026-05-08,MARA,not selected,skipped: sector cap (Technology already 4),20.0,39.8448,Technology,0.0,0.0,weekly,1
2026-05-08,NVTS,hold,selected (rank 2),2.0,69.5752,Technology,0.0404,0.0579,weekly,1
2026-05-08,RKLB,add,selected (rank 15),15.0,43.8603,Industrials,0.0,0.0688,weekly,1
2026-05-08,BE,hold,selected (rank 18),18.0,40.5882,Industrials,0.0431,0.0626,weekly,1
2026-05-08,CRDO,add,selected (rank 6; sector cap relaxed: fewer than 10 fit the cap within the top 20),6.0,59.6977,Technology,0.0,0.0752,weekly,1
2026-05-08,NBIS,drop,skipped: sector cap (Technology already 4),7.0,58.3252,Technology,0.142,0.0,weekly,1
2026-05-08,LITE,not selected,skipped: sector cap (Technology already 4),16.0,41.5972,Technology,0.0,0.0,weekly,1
2026-05-15,AMD,drop,skipped: sector cap (Technology already 4),6.0,65.1471,Technology,0.1019,0.0,weekly,1
2026-05-15,FTNT,not selected,skipped: sector cap (Technology already 4),7.0,64.0441,Technology,0.0,0.0,weekly,1
2026-05-15,GOOGL,drop,rank 30 worse than 20 (picks only from ranks 1-20),30.0,34.5139,Communication Services,0.2159,0.0,weekly,1
2026-05-15,HAL,add,selected (rank 12),12.0,52.1283,Energy,0.0,0.1752,weekly,1
2026-05-15,MRVL,hold,selected (rank 2),2.0,71.4583,Technology,0.1095,0.0805,weekly,1
2026-05-15,MU,hold,selected (rank 4),4.0,68.6029,Technology,0.0956,0.0713,weekly,1
2026-05-15,PANW,not selected,skipped: sector cap (Technology already 4),9.0,55.7966,Technology,0.0,0.0,weekly,1
2026-05-15,VRT,hold,selected (rank 14),14.0,48.6724,Industrials,0.1001,0.0983,weekly,1
2026-05-15,TWLO,drop,skipped: sector cap (Technology already 4),5.0,67.3775,Technology,0.1125,0.0,weekly,1
2026-05-15,ALAB,not selected,skipped: sector cap (Technology already 4),8.0,63.0882,Technology,0.0,0.0,weekly,1
2026-05-15,ARM,not selected,skipped: sector cap (Technology already 4),10.0,54.8162,Technology,0.0,0.0,weekly,1
2026-05-15,NVTS,hold,selected (rank 1),1.0,73.8358,Technology,0.0579,0.0397,weekly,1
2026-05-15,RKLB,hold,selected (rank 16),16.0,48.0106,Industrials,0.0688,0.051,weekly,1
2026-05-15,TRGP,add,selected (rank 11),11.0,54.5302,Energy,0.0,0.2125,weekly,1
2026-05-15,FANG,add,selected (rank 13),13.0,50.5719,Energy,0.0,0.1711,weekly,1
2026-05-15,BE,hold,selected (rank 17),17.0,44.7631,Industrials,0.0626,0.0476,weekly,1
2026-05-15,CRDO,drop,rank 35 worse than 20 (picks only from ranks 1-20),35.0,28.7132,Technology,0.0752,0.0,weekly,1
2026-05-15,NBIS,add,selected (rank 3),3.0,69.8775,Technology,0.0,0.0527,weekly,1
2026-05-15,LITE,not selected,skipped: sector cap (Technology already 4),15.0,48.125,Technology,0.0,0.0,weekly,1
2026-05-22,AMD,add,selected (rank 2),2.0,70.2941,Technology,0.0,0.0936,weekly,1
2026-05-22,ENPH,not selected,skipped: sector cap (Technology already 4),14.0,54.1667,Technology,0.0,0.0,weekly,1
2026-05-22,FTNT,hold,selected (rank 6; sector cap relaxed: fewer than 10 fit the cap within the top 20),6.0,67.7941,Technology,0.0983,0.1337,weekly,1
2026-05-22,HAL,drop,rank 27 worse than 20 (picks only from ranks 1-20),27.0,35.7925,Energy,0.1752,0.0,weekly,1
2026-05-22,LRCX,not selected,skipped: sector cap (Technology already 4),15.0,54.0686,Technology,0.0,0.0,weekly,1
2026-05-22,MRVL,hold,selected (rank 8; sector cap relaxed: fewer than 10 fit the cap within the top 20),8.0,66.0294,Technology,0.0805,0.0983,weekly,1
2026-05-22,MU,hold,selected (rank 4),4.0,68.5049,Technology,0.0713,0.0877,weekly,1
2026-05-22,PANW,not selected,skipped: sector cap (Technology already 4),10.0,62.1691,Technology,0.0,0.0,weekly,1
2026-05-22,CRCL,not selected,skipped: sector cap (Technology already 4),18.0,50.4412,Technology,0.0,0.0,weekly,1
2026-05-22,TWLO,not selected,skipped: sector cap (Technology already 4),19.0,50.0858,Technology,0.0,0.0,weekly,1
2026-05-22,ALAB,add,selected (rank 3),3.0,68.7132,Technology,0.0,0.0737,weekly,1
2026-05-22,APLD,not selected,skipped: sector cap (Technology already 4),11.0,60.5025,Technology,0.0,0.0,weekly,1
2026-05-22,ARM,hold,selected (rank 5; sector cap relaxed: fewer than 10 fit the cap within the top 20),5.0,68.2966,Technology,0.1711,0.0752,weekly,1
2026-05-22,CIFR,not selected,skipped: sector cap (Technology already 4),16.0,52.7941,Technology,0.0,0.0,weekly,1
2026-05-22,IONQ,add,selected (rank 7; sector cap relaxed: fewer than 10 fit the cap within the top 20),7.0,66.3603,Technology,0.0,0.0653,weekly,1
2026-05-22,MARA,not selected,skipped: sector cap (Technology already 4),13.0,55.1103,Technology,0.0,0.0,weekly,1
2026-05-22,NVTS,hold,selected (rank 1),1.0,71.6299,Technology,0.0397,0.0464,weekly,1
2026-05-22,RKLB,drop,rank 21 worse than 20 (picks only from ranks 1-20),21.0,49.4363,Industrials,0.051,0.0,weekly,1
2026-05-22,TRGP,hold,selected (rank 17),17.0,50.8538,Energy,0.2125,0.2667,weekly,1
2026-05-22,BE,hold,selected (rank 20),20.0,49.4608,Industrials,0.0476,0.0594,weekly,1
2026-05-22,CRDO,not selected,skipped: sector cap (Technology already 4),12.0,57.3775,Technology,0.0,0.0,weekly,1
2026-05-22,NBIS,drop,skipped: sector cap (Technology already 4),9.0,65.6863,Technology,0.0527,0.0,weekly,1
2026-05-29,AMD,hold,selected (rank 7; sector cap relaxed: fewer than 10 fit the cap within the top 20),7.0,66.7279,Technology,0.0936,0.1207,weekly,1
2026-05-29,ENPH,not selected,skipped: sector cap (Technology already 4),18.0,50.2451,Technology,0.0,0.0,weekly,1
2026-05-29,FTNT,hold,selected (rank 9; sector cap relaxed: fewer than 10 fit the cap within the top 20),9.0,65.5025,Technology,0.1337,0.1639,weekly,1
2026-05-29,LRCX,not selected,skipped: sector cap (Technology already 4),17.0,50.6005,Technology,0.0,0.0,weekly,1
2026-05-29,MRVL,hold,selected (rank 6; sector cap relaxed: fewer than 10 fit the cap within the top 20),6.0,66.875,Technology,0.0983,0.1229,weekly,1
2026-05-29,MU,hold,selected (rank 1),1.0,73.6275,Technology,0.0877,0.1015,weekly,1
2026-05-29,PANW,not selected,skipped: sector cap (Technology already 4),11.0,63.2108,Technology,0.0,0.0,weekly,1
2026-05-29,UMAC,not selected,skipped: sector cap (Technology already 4),10.0,63.5417,Technology,0.0,0.0,weekly,1
2026-05-29,TWLO,not selected,skipped: sector cap (Technology already 4),19.0,46.2623,Technology,0.0,0.0,weekly,1
2026-05-29,ALAB,hold,selected (rank 4),4.0,68.3946,Technology,0.0737,0.0942,weekly,1
2026-05-29,APLD,add,selected (rank 8; sector cap relaxed: fewer than 10 fit the cap within the top 20),8.0,66.0417,Technology,0.0,0.0811,weekly,1
2026-05-29,ARM,hold,selected (rank 3),3.0,70.5882,Technology,0.0752,0.0928,weekly,1
2026-05-29,CIFR,not selected,skipped: sector cap (Technology already 4),16.0,51.6422,Technology,0.0,0.0,weekly,1
2026-05-29,IONQ,drop,skipped: sector cap (Technology already 4),12.0,62.2549,Technology,0.0653,0.0,weekly,1
2026-05-29,MARA,not selected,skipped: sector cap (Technology already 4),15.0,52.1691,Technology,0.0,0.0,weekly,1
2026-05-29,NVTS,hold,selected (rank 5; sector cap relaxed: fewer than 10 fit the cap within the top 20),5.0,67.1201,Technology,0.0464,0.0598,weekly,1
2026-05-29,RKLB,add,selected (rank 14),14.0,53.4477,Industrials,0.0,0.0801,weekly,1
2026-05-29,SMCI,not selected,skipped: sector cap (Technology already 4),20.0,45.2083,Technology,0.0,0.0,weekly,1
2026-05-29,BE,drop,rank 30 worse than 20 (picks only from ranks 1-20),30.0,30.3472,Industrials,0.0594,0.0,weekly,1
2026-05-29,CRDO,not selected,skipped: sector cap (Technology already 4),13.0,60.5025,Technology,0.0,0.0,weekly,1
2026-05-29,NBIS,add,selected (rank 2),2.0,70.9191,Technology,0.0,0.083,weekly,1
2026-06-05,AMD,drop,skipped: sector cap (Technology already 4),11.0,45.6495,Technology,0.1207,0.0,weekly,1
2026-06-05,ENPH,not selected,skipped: sector cap (Technology already 4),12.0,43.5662,Technology,0.0,0.0,weekly,1
2026-06-05,FTNT,drop,skipped: sector cap (Technology already 4),9.0,54.7672,Technology,0.1639,0.0,weekly,1
2026-06-05,LRCX,not selected,skipped: sector cap (Technology already 4),20.0,36.5074,Technology,0.0,0.0,weekly,1
2026-06-05,MRVL,hold,selected (rank 1),1.0,74.5833,Technology,0.1229,0.0705,weekly,1
2026-06-05,MU,hold,selected (rank 5; sector cap relaxed: fewer than 10 fit the cap within the top 20),5.0,60.2083,Technology,0.1015,0.075,weekly,1
2026-06-05,ORCL,not selected,skipped: sector cap (Technology already 4),18.0,36.875,Technology,0.0,0.0,weekly,1
2026-06-05,PANW,not selected,skipped: sector cap (Technology already 4),10.0,51.5441,Technology,0.0,0.0,weekly,1
2026-06-05,SNOW,not selected,skipped: sector cap (Technology already 4),19.0,36.7647,Technology,0.0,0.0,weekly,1
2026-06-05,UNH,add,selected (rank 14),14.0,38.5907,Health Care,0.0,0.1989,weekly,1
2026-06-05,UMAC,add,selected (rank 2),2.0,66.9363,Technology,0.0,0.0385,weekly,1
2026-06-05,TWLO,add,selected (rank 3),3.0,64.1422,Technology,0.0,0.0899,weekly,1
2026-06-05,ALAB,hold,selected (rank 6; sector cap relaxed: fewer than 10 fit the cap within the top 20),6.0,58.7377,Technology,0.0942,0.069,weekly,1
2026-06-05,APLD,drop,rank 33 worse than 20 (picks only from ranks 1-20),33.0,22.1814,Technology,0.0811,0.0,weekly,1
2026-06-05,ARM,hold,selected (rank 7; sector cap relaxed: fewer than 10 fit the cap within the top 20),7.0,58.6275,Technology,0.0928,0.0661,weekly,1
2026-06-05,CIFR,not selected,skipped: sector cap (Technology already 4),17.0,37.7941,Technology,0.0,0.0,weekly,1
2026-06-05,NVTS,hold,selected (rank 4),4.0,60.7108,Technology,0.0598,0.0437,weekly,1
2026-06-05,SMCI,not selected,skipped: sector cap (Technology already 4),13.0,40.2941,Technology,0.0,0.0,weekly,1
2026-06-05,C,add,selected (rank 16),16.0,38.076,Financials,0.0,0.228,weekly,1
2026-06-05,URI,add,selected (rank 15),15.0,38.0801,Industrials,0.0,0.1203,weekly,1
2026-06-05,NBIS,drop,skipped: sector cap (Technology already 4),8.0,55.0858,Technology,0.083,0.0,weekly,1
2026-06-12,AMD,add,selected (rank 5; sector cap relaxed: fewer than 10 fit the cap within the top 20),5.0,61.2296,Technology,0.0,0.0682,weekly,1
2026-06-12,CVLT,not selected,skipped: sector cap (Technology already 4),12.0,54.3913,Technology,0.0,0.0,weekly,1
2026-06-12,FTNT,add,selected (rank 6; sector cap relaxed: fewer than 10 fit the cap within the top 20),6.0,61.0212,Technology,0.0,0.0938,weekly,1
2026-06-12,LRCX,drop,skipped: sector cap (Technology already 4),7.0,60.6046,Technology,0.0385,0.0,weekly,1
2026-06-12,MRVL,hold,selected (rank 1),1.0,70.7394,Technology,0.0705,0.0527,weekly,1
2026-06-12,MU,drop,skipped: sector cap (Technology already 4),8.0,59.4158,Technology,0.075,0.0,weekly,1
2026-06-12,PANW,not selected,skipped: sector cap (Technology already 4),9.0,57.4796,Technology,0.0,0.0,weekly,1
2026-06-12,UNH,hold,selected (rank 20),20.0,45.2533,Health Care,0.1989,0.1587,weekly,1
2026-06-12,UMAC,not selected,skipped: sector cap (Technology already 4),15.0,49.3301,Technology,0.0,0.0,weekly,1
2026-06-12,TWLO,drop,skipped: sector cap (Technology already 4),19.0,46.0825,Technology,0.0899,0.0,weekly,1
2026-06-12,ALAB,hold,selected (rank 4),4.0,67.0752,Technology,0.069,0.0534,weekly,1
2026-06-12,ARM,hold,selected (rank 2),2.0,69.8938,Technology,0.0661,0.0495,weekly,1
2026-06-12,CIFR,not selected,skipped: sector cap (Technology already 4),11.0,55.7271,Technology,0.0,0.0,weekly,1
2026-06-12,MARA,not selected,skipped: sector cap (Technology already 4),17.0,48.4355,Technology,0.0,0.0,weekly,1
2026-06-12,NVTS,not selected,skipped: sector cap (Technology already 4),13.0,50.4208,Technology,0.0,0.0,weekly,1
2026-06-12,TRGP,add,selected (rank 18),18.0,48.1087,Energy,0.0,0.1911,weekly,1
2026-06-12,C,hold,selected (rank 16),16.0,48.8807,Financials,0.228,0.1811,weekly,1
2026-06-12,URI,hold,selected (rank 14),14.0,49.5139,Industrials,0.1203,0.0985,weekly,1
2026-06-12,CRDO,hold,selected (rank 3),3.0,67.0997,Technology,0.0437,0.053,weekly,1
2026-06-12,NBIS,not selected,skipped: sector cap (Technology already 4),10.0,56.4134,Technology,0.0,0.0,weekly,1
2026-06-18,AFRM,add,selected (rank 20),20.0,43.5008,Financials,0.0,0.1426,weekly,1
2026-06-18,AMD,hold,selected (rank 5; sector cap relaxed: fewer than 10 fit the cap within the top 20),5.0,72.2917,Technology,0.0682,0.1086,weekly,1
2026-06-18,CRWV,not selected,skipped: sector cap (Technology already 4),17.0,47.1814,Technology,0.0,0.0,weekly,1
2026-06-18,CVLT,not selected,skipped: sector cap (Technology already 4),16.0,48.5907,Technology,0.0,0.0,weekly,1
2026-06-18,FTNT,drop,skipped: sector cap (Technology already 4),15.0,52.7328,Technology,0.0938,0.0,weekly,1
2026-06-18,LRCX,not selected,skipped: sector cap (Technology already 4),8.0,68.9583,Technology,0.0,0.0,weekly,1
2026-06-18,MRVL,hold,selected (rank 1),1.0,77.8186,Technology,0.0527,0.0838,weekly,1
2026-06-18,MU,hold,selected (rank 2),2.0,76.5686,Technology,0.1911,0.0902,weekly,1
2026-06-18,PANW,not selected,skipped: sector cap (Technology already 4),10.0,60.2941,Technology,0.0,0.0,weekly,1
2026-06-18,UMAC,not selected,skipped: sector cap (Technology already 4),11.0,57.4387,Technology,0.0,0.0,weekly,1
2026-06-18,ALAB,hold,selected (rank 3),3.0,76.3603,Technology,0.0534,0.0855,weekly,1
2026-06-18,APLD,not selected,skipped: sector cap (Technology already 4),12.0,56.2623,Technology,0.0,0.0,weekly,1
2026-06-18,ARM,hold,selected (rank 4),4.0,74.8775,Technology,0.0495,0.0807,weekly,1
2026-06-18,CIFR,add,selected (rank 7; sector cap relaxed: fewer than 10 fit the cap within the top 20),7.0,69.6691,Technology,0.0,0.084,weekly,1
2026-06-18,MARA,not selected,skipped: sector cap (Technology already 4),18.0,47.1201,Technology,0.0,0.0,weekly,1
2026-06-18,NVTS,not selected,skipped: sector cap (Technology already 4),13.0,54.9632,Technology,0.0,0.0,weekly,1
2026-06-18,C,drop,rank 26 worse than 20 (picks only from ranks 1-20),26.0,34.4444,Financials,0.1811,0.0,weekly,1
2026-06-18,BE,add,selected (rank 14),14.0,52.9657,Industrials,0.0,0.0758,weekly,1
2026-06-18,URI,hold,selected (rank 19),19.0,44.0196,Industrials,0.0985,0.1625,weekly,1
2026-06-18,CRDO,drop,skipped: sector cap (Technology already 4),9.0,67.3529,Technology,0.053,0.0,weekly,1
2026-06-18,NBIS,hold,selected (rank 6; sector cap relaxed: fewer than 10 fit the cap within the top 20),6.0,71.3358,Technology,0.1587,0.0863,weekly,1
2026-06-26,AFRM,hold,selected (rank 14),14.0,50.1552,Financials,0.1426,0.0811,weekly,1
2026-06-26,AMD,drop,skipped: sector cap (Technology already 4),10.0,56.1642,Technology,0.1086,0.0,weekly,1
2026-06-26,BIIB,add,selected (rank 19),19.0,43.0719,Health Care,0.0,0.1377,weekly,1
2026-06-26,CVLT,not selected,skipped: sector cap (Technology already 4),7.0,57.0711,Technology,0.0,0.0,weekly,1
2026-06-26,FTNT,add,selected (rank 3),3.0,60.2574,Technology,0.0,0.0903,weekly,1
2026-06-26,HIMS,add,selected (rank 9),9.0,56.3194,Health Care,0.0,0.0553,weekly,1
2026-06-26,LRCX,add,selected (rank 4),4.0,59.9387,Technology,0.0,0.0738,weekly,1
2026-06-26,MRVL,drop,skipped: sector cap (Technology already 4),6.0,57.1569,Technology,0.0838,0.0,weekly,1
2026-06-26,MU,hold,selected (rank 2),2.0,64.4118,Technology,0.0902,0.0486,weekly,1
2026-06-26,PANW,add,selected (rank 1),1.0,66.1275,Technology,0.0,0.0978,weekly,1
2026-06-26,SNOW,not selected,skipped: sector cap (Technology already 4),11.0,54.4608,Technology,0.0,0.0,weekly,1
2026-06-26,UNH,add,selected (rank 12),12.0,52.2263,Health Care,0.0,0.1523,weekly,1
2026-06-26,ALAB,drop,skipped: sector cap (Technology already 4),5.0,58.75,Technology,0.0855,0.0,weekly,1
2026-06-26,ARM,drop,skipped: sector cap (Technology already 4),17.0,45.6373,Technology,0.0807,0.0,weekly,1
2026-06-26,CIFR,drop,skipped: sector cap (Technology already 4),15.0,50.1103,Technology,0.084,0.0,weekly,1
2026-06-26,MARA,not selected,skipped: sector cap (Technology already 4),16.0,50.0368,Technology,0.0,0.0,weekly,1
2026-06-26,C,add,selected (rank 20),20.0,35.7802,Financials,0.0,0.1713,weekly,1
2026-06-26,BE,drop,rank 36 worse than 20 (picks only from ranks 1-20),36.0,14.1789,Industrials,0.0758,0.0,weekly,1
2026-06-26,URI,hold,selected (rank 8),8.0,56.875,Industrials,0.1625,0.0919,weekly,1
2026-06-26,CRDO,not selected,skipped: sector cap (Technology already 4),18.0,43.7745,Technology,0.0,0.0,weekly,1
2026-06-26,NBIS,drop,skipped: sector cap (Technology already 4),13.0,50.674,Technology,0.0863,0.0,weekly,1
2026-07-02,AFRM,hold,selected (rank 6),6.0,52.6307,Financials,0.0811,0.0873,weekly,1
2026-07-02,AMD,hold,selected (rank 4),4.0,53.9297,Technology,0.1377,0.0646,weekly,1
2026-07-02,BIIB,add,selected (rank 13),13.0,45.7394,Health Care,0.0,0.1467,weekly,1
2026-07-02,CVLT,add,selected (rank 7),7.0,51.8832,Technology,0.0,0.112,weekly,1
2026-07-02,FTNT,hold,selected (rank 2),2.0,61.7116,Technology,0.0903,0.0956,weekly,1
2026-07-02,HIMS,hold,selected (rank 3),3.0,55.8497,Health Care,0.0553,0.0601,weekly,1
2026-07-02,HOOD,add,selected (rank 5),5.0,53.9052,Financials,0.0,0.0701,weekly,1
2026-07-02,LRCX,drop,rank 17 outside top 10,17.0,37.8881,Technology,0.0738,0.0,weekly,1
2026-07-02,MU,drop,rank 16 outside top 10,16.0,38.0842,Technology,0.0486,0.0,weekly,1
2026-07-02,PANW,hold,selected (rank 1),1.0,64.9469,Technology,0.0978,0.1029,weekly,1
2026-07-02,SNOW,not selected,skipped: sector cap (Technology already 4),10.0,50.5719,Technology,0.0,0.0,weekly,1
2026-07-02,UNH,hold,selected (rank 8),8.0,51.781,Health Care,0.1523,0.1634,weekly,1
2026-07-02,TWLO,not selected,skipped: sector cap (Technology already 4),11.0,47.8268,Technology,0.0,0.0,weekly,1
2026-07-02,ALAB,drop,skipped: sector cap (Technology already 4),9.0,51.5891,Technology,0.1713,0.0,weekly,1
2026-07-02,URI,hold,selected (rank 14),14.0,45.3023,Industrials,0.0919,0.0972,weekly,1
2026-07-02,RBRK,not selected,skipped: sector cap (Technology already 4),12.0,46.6993,Technology,0.0,0.0,weekly,1
2026-07-10,AAPL,not selected,skipped: sector cap (Technology already 4),13.0,44.4199,Technology,0.0,0.0,weekly,1
2026-07-10,AFRM,hold,selected (rank 11),11.0,51.2868,Financials,0.0873,0.0941,weekly,1
2026-07-10,ANET,not selected,skipped: sector cap (Technology already 4),7.0,56.8219,Technology,0.0,0.0,weekly,1
2026-07-10,AMD,hold,selected (rank 1),1.0,67.116,Technology,0.0646,0.0672,weekly,1
2026-07-10,CVLT,drop,skipped: sector cap (Technology already 4),6.0,58.1699,Technology,0.112,0.0,weekly,1
2026-07-10,FTNT,hold,selected (rank 2),2.0,65.4616,Technology,0.0956,0.0999,weekly,1
2026-07-10,HIMS,hold,selected (rank 18),18.0,38.8807,Health Care,0.0601,0.0643,weekly,1
2026-07-10,HOOD,hold,selected (rank 9),9.0,54.9755,Financials,0.0701,0.0743,weekly,1
2026-07-10,MU,not selected,skipped: sector cap (Technology already 4),16.0,42.3611,Technology,0.0,0.0,weekly,1
2026-07-10,PANW,drop,skipped: sector cap (Technology already 4),10.0,54.9469,Technology,0.1029,0.0,weekly,1
2026-07-10,SNOW,not selected,skipped: sector cap (Technology already 4),12.0,49.2729,Technology,0.0,0.0,weekly,1
2026-07-10,UNH,hold,selected (rank 15),15.0,42.4837,Health Care,0.1634,0.2008,weekly,1
2026-07-10,TWLO,not selected,skipped: sector cap (Technology already 4),5.0,58.7949,Technology,0.0,0.0,weekly,1
2026-07-10,ALAB,hold,selected (rank 3),3.0,62.8023,Technology,0.1467,0.0523,weekly,1
2026-07-10,TRGP,add,selected (rank 17),17.0,41.6953,Energy,0.0,0.1919,weekly,1
2026-07-10,URI,add,selected (rank 14),14.0,43.4355,Industrials,0.0,0.1031,weekly,1
2026-07-10,CRDO,hold,selected (rank 4),4.0,58.844,Technology,0.0972,0.0523,weekly,1
2026-07-10,RBRK,not selected,skipped: sector cap (Technology already 4),8.0,55.0449,Technology,0.0,0.0,weekly,1
2026-07-17,AAPL,add,selected (rank 4),4.0,55.5719,Technology,0.0,0.1315,weekly,1
2026-07-17,AFRM,drop,rank 21 worse than 20 (picks only from ranks 1-20),21.0,26.9404,Financials,0.0941,0.0,weekly,1
2026-07-17,AMD,drop,rank 19 outside top 10,19.0,29.2729,Technology,0.0672,0.0,weekly,1
2026-07-17,BIIB,add,selected (rank 9),9.0,48.9216,Health Care,0.0,0.0895,weekly,1
2026-07-17,CVLT,not selected,skipped: sector cap (Technology already 4),8.0,48.9297,Technology,0.0,0.0,weekly,1
2026-07-17,FTNT,hold,selected (rank 3),3.0,59.1748,Technology,0.0999,0.0666,weekly,1
2026-07-17,GTLB,not selected,skipped: sector cap (Technology already 4),14.0,34.3954,Technology,0.0,0.0,weekly,1
2026-07-17,HIMS,drop,rank 16 outside top 10,16.0,32.0343,Health Care,0.0643,0.0,weekly,1
2026-07-17,HOOD,drop,rank 36 worse than 20 (picks only from ranks 1-20),36.0,8.607,Financials,0.0743,0.0,weekly,1
2026-07-17,MRK,add,selected (rank 7),7.0,49.2279,Health Care,0.0,0.1182,weekly,1
2026-07-17,PANW,hold,selected (rank 1),1.0,66.1969,Technology,0.1031,0.0703,weekly,1
2026-07-17,SNOW,hold,selected (rank 5),5.0,54.6895,Technology,0.0523,0.0416,weekly,1
2026-07-17,TEAM,not selected,skipped: sector cap (Technology already 4),13.0,35.1797,Technology,0.0,0.0,weekly,1
2026-07-17,UNH,hold,selected (rank 6),6.0,51.2132,Health Care,0.2008,0.1325,weekly,1
2026-07-17,TWLO,not selected,skipped: sector cap (Technology already 4),10.0,44.2851,Technology,0.0,0.0,weekly,1
2026-07-17,ALAB,drop,rank 34 worse than 20 (picks only from ranks 1-20),34.0,9.3832,Technology,0.0523,0.0,weekly,1
2026-07-17,TRGP,hold,selected (rank 2),2.0,63.4028,Energy,0.1919,0.1254,weekly,1
2026-07-17,FANG,add,selected (rank 11),11.0,39.3096,Energy,0.0,0.1021,weekly,1
2026-07-17,COF,add,selected (rank 15),15.0,33.0923,Financials,0.0,0.1223,weekly,1
2026-07-17,RBRK,not selected,skipped: sector cap (Technology already 4),12.0,35.7067,Technology,0.0,0.0,weekly,1
2026-07-24,AAPL,hold,selected (rank 1),1.0,58.7949,Technology,0.1315,0.1357,weekly,1
2026-07-24,ANET,not selected,skipped: sector cap (Technology already 4),8.0,42.5082,Technology,0.0,0.0,weekly,1
2026-07-24,CVLT,add,selected (rank 6),6.0,45.6822,Technology,0.0,0.088,weekly,1
2026-07-24,FTNT,drop,skipped: sector cap (Technology already 4),9.0,40.1675,Technology,0.0666,0.0,weekly,1
2026-07-24,MRK,hold,selected (rank 4),4.0,49.8775,Health Care,0.1182,0.1267,weekly,1
2026-07-24,PANW,hold,selected (rank 7),7.0,44.665,Technology,0.0703,0.072,weekly,1
2026-07-24,SNOW,hold,selected (rank 2),2.0,54.6773,Technology,0.0416,0.0436,weekly,1
2026-07-24,UNH,drop,rank 18 outside top 10,18.0,29.5098,Health Care,0.1325,0.0,weekly,1
2026-07-24,APA,add,selected (rank 12),12.0,35.9641,Energy,0.0,0.0874,weekly,1
2026-07-24,OXY,add,selected (rank 11),11.0,37.3243,Energy,0.0,0.1041,weekly,1
2026-07-24,TRGP,hold,selected (rank 3),3.0,53.3415,Energy,0.1254,0.1314,weekly,1
2026-07-24,FANG,hold,selected (rank 5),5.0,45.915,Energy,0.1021,0.1095,weekly,1
2026-07-24,URI,add,selected (rank 10),10.0,39.1095,Industrials,0.0,0.1016,weekly,1
2026-07-31,AAPL,drop,rank 38 worse than 20 (picks only from ranks 1-20),38.0,16.8178,Technology,0.1357,0.0,weekly,1
2026-07-31,ANET,not selected,skipped: sector cap (Technology already 4),6.0,45.9355,Technology,0.0,0.0,weekly,1
2026-07-31,DASH,add,selected (rank 9),9.0,41.6953,Communication Services,0.0,0.0822,weekly,1
2026-07-31,FTNT,add,selected (rank 4),4.0,50.7516,Technology,0.0,0.076,weekly,1
2026-07-31,GTLB,add,selected (rank 3),3.0,51.2663,Technology,0.0,0.0655,weekly,1
2026-07-31,MRK,hold,selected (rank 2),2.0,53.9338,Health Care,0.1267,0.1429,weekly,1
2026-07-31,MSFT,not selected,skipped: sector cap (Technology already 4),12.0,38.558,Technology,0.0,0.0,weekly,1
2026-07-31,PANW,hold,selected (rank 5),5.0,48.3742,Technology,0.072,0.0788,weekly,1
2026-07-31,RCL,add,selected (rank 11),11.0,39.5588,Consumer Discretionary,0.0,0.0913,weekly,1
2026-07-31,REGN,add,selected (rank 8),8.0,42.9167,Health Care,0.0,0.1184,weekly,1
2026-07-31,SNOW,hold,selected (rank 1),1.0,63.558,Technology,0.0436,0.0482,weekly,1
2026-07-31,TEAM,not selected,skipped: sector cap (Technology already 4),10.0,40.4575,Technology,0.0,0.0,weekly,1
2026-07-31,VEEV,not selected,skipped: sector cap (Technology already 4),7.0,43.0923,Technology,0.0,0.0,weekly,1
2026-07-31,LMT,add,selected (rank 13),13.0,38.0923,Industrials,0.0,0.1266,weekly,1
2026-07-31,FANG,drop,rank 19 outside top 10,19.0,34.5016,Energy,0.1095,0.0,weekly,1
2026-07-31,PH,add,selected (rank 14),14.0,37.3938,Industrials,0.0,0.1701,weekly,1
2026-08-07,ANET,not selected,skipped: sector cap (Technology already 4),8.0,48.3619,Technology,0.0,0.0,weekly,1
2026-08-07,BIIB,add,selected (rank 17),17.0,40.3758,Health Care,0.0,0.1172,weekly,1
2026-08-07,DASH,drop,rank 22 worse than 20 (picks only from ranks 1-20),22.0,36.1275,Communication Services,0.0822,0.0,weekly,1
2026-08-07,FTNT,drop,rank 20 outside top 10,20.0,38.031,Technology,0.076,0.0,weekly,1
2026-08-07,GTLB,drop,skipped: sector cap (Technology already 4),7.0,48.4355,Technology,0.0655,0.0,weekly,1
2026-08-07,MSFT,not selected,skipped: sector cap (Technology already 4),11.0,45.6168,Technology,0.0,0.0,weekly,1
2026-08-07,NOW,not selected,skipped: sector cap (Technology already 4),16.0,40.8007,Technology,0.0,0.0,weekly,1
2026-08-07,PANW,hold,selected (rank 4),4.0,56.3399,Technology,0.0788,0.0883,weekly,1
2026-08-07,RCL,drop,rank 30 worse than 20 (picks only from ranks 1-20),30.0,30.9273,Consumer Discretionary,0.0913,0.0,weekly,1
2026-08-07,SNOW,hold,selected (rank 1),1.0,62.6021,Technology,0.0482,0.0551,weekly,1
2026-08-07,TEAM,add,selected (rank 3),3.0,58.2271,Technology,0.0,0.0456,weekly,1
2026-08-07,VEEV,not selected,skipped: sector cap (Technology already 4),9.0,47.8105,Technology,0.0,0.0,weekly,1
2026-08-07,UMAC,drop,skipped: sector cap (Technology already 4),6.0,49.8815,Technology,0.1266,0.0,weekly,1
2026-08-07,U,hold,selected (rank 2),2.0,61.3521,Technology,0.1184,0.0784,weekly,1
2026-08-07,SHOP,add,selected (rank 5),5.0,51.6136,Consumer Discretionary,0.0,0.0732,weekly,1
2026-08-07,COF,add,selected (rank 15),15.0,42.1038,Financials,0.0,0.1521,weekly,1
2026-08-07,URI,hold,selected (rank 10),10.0,47.3775,Industrials,0.1429,0.1229,weekly,1
2026-08-07,PH,hold,selected (rank 13),13.0,43.5049,Industrials,0.1701,0.1762,weekly,1
2026-08-07,FCX,add,selected (rank 14),14.0,43.076,Materials,0.0,0.0909,weekly,1
2026-08-07,RBRK,not selected,skipped: sector cap (Technology already 4),12.0,45.5801,Technology,0.0,0.0,weekly,1
2026-08-14,ANET,add,selected (rank 8; sector cap relaxed: fewer than 10 fit the cap within the top 20),8.0,54.1258,Technology,0.0,0.124,weekly,1
2026-08-14,BIIB,drop,rank 32 worse than 20 (picks only from ranks 1-20),32.0,32.4142,Health Care,0.1172,0.0,weekly,1
2026-08-14,GTLB,add,selected (rank 7; sector cap relaxed: fewer than 10 fit the cap within the top 20),7.0,55.7557,Technology,0.0,0.1207,weekly,1
2026-08-14,MRVL,not selected,skipped: sector cap (Technology already 4),14.0,47.0425,Technology,0.0,0.0,weekly,1
2026-08-14,MSFT,not selected,skipped: sector cap (Technology already 4),20.0,39.469,Technology,0.0,0.0,weekly,1
2026-08-14,MU,not selected,skipped: sector cap (Technology already 4),18.0,44.9592,Technology,0.0,0.0,weekly,1
2026-08-14,NOW,not selected,skipped: sector cap (Technology already 4),16.0,45.0449,Technology,0.0,0.0,weekly,1
2026-08-14,PANW,drop,skipped: sector cap (Technology already 4),9.0,53.7949,Technology,0.0883,0.0,weekly,1
2026-08-14,SNOW,drop,skipped: sector cap (Technology already 4),11.0,51.3194,Technology,0.0551,0.0,weekly,1
2026-08-14,TEAM,hold,selected (rank 2),2.0,62.8391,Technology,0.0456,0.0716,weekly,1
2026-08-14,VEEV,not selected,skipped: sector cap (Technology already 4),13.0,47.594,Technology,0.0,0.0,weekly,1
2026-08-14,UMAC,add,selected (rank 3),3.0,61.2337,Technology,0.0,0.0415,weekly,1
2026-08-14,MDB,not selected,skipped: sector cap (Technology already 4),10.0,52.2141,Technology,0.0,0.0,weekly,1
2026-08-14,U,hold,selected (rank 1),1.0,66.8219,Technology,0.0784,0.1252,weekly,1
2026-08-14,TWLO,not selected,skipped: sector cap (Technology already 4),12.0,48.8562,Technology,0.0,0.0,weekly,1
2026-08-14,SHOP,hold,selected (rank 19),19.0,41.7116,Consumer Discretionary,0.0732,0.1173,weekly,1
2026-08-14,SMCI,not selected,skipped: sector cap (Technology already 4),17.0,44.9837,Technology,0.0,0.0,weekly,1
2026-08-14,APA,add,selected (rank 15),15.0,46.9567,Energy,0.0,0.1622,weekly,1
2026-08-14,COF,drop,rank 21 worse than 20 (picks only from ranks 1-20),21.0,37.6552,Financials,0.1521,0.0,weekly,1
2026-08-14,URI,drop,rank 25 worse than 20 (picks only from ranks 1-20),25.0,36.0498,Industrials,0.1229,0.0,weekly,1
2026-08-14,PH,drop,rank 23 worse than 20 (picks only from ranks 1-20),23.0,36.3807,Industrials,0.1762,0.0,weekly,1
2026-08-14,FCX,drop,rank 59 worse than 20 (picks only from ranks 1-20),59.0,10.6168,Materials,0.0909,0.0,weekly,1
2026-08-14,CRDO,add,selected (rank 6; sector cap relaxed: fewer than 10 fit the cap within the top 20),6.0,57.4101,Technology,0.0,0.0713,weekly,1
2026-08-14,NBIS,add,selected (rank 5; sector cap relaxed: fewer than 10 fit the cap within the top 20),5.0,59.6895,Technology,0.0,0.0508,weekly,1
2026-08-14,RBRK,add,selected (rank 4),4.0,59.9224,Technology,0.0,0.1156,weekly,1
2026-08-21,DASH,add,selected (rank 15),15.0,47.0302,Communication Services,0.0,0.1092,weekly,1
2026-08-21,GTLB,drop,skipped: sector cap (Technology already 4),9.0,51.2051,Technology,0.1207,0.0,weekly,1
2026-08-21,MRK,add,selected (rank 6),6.0,54.4771,Health Care,0.0,0.1308,weekly,1
2026-08-21,MRVL,not selected,skipped: sector cap (Technology already 4),7.0,51.3399,Technology,0.0,0.0,weekly,1
2026-08-21,NOW,not selected,skipped: sector cap (Technology already 4),11.0,49.5997,Technology,0.0,0.0,weekly,1
2026-08-21,REGN,add,selected (rank 13),13.0,47.6757,Health Care,0.0,0.1725,weekly,1
2026-08-21,SNOW,not selected,skipped: sector cap (Technology already 4),10.0,50.7884,Technology,0.0,0.0,weekly,1
2026-08-21,TEAM,hold,selected (rank 2),2.0,59.2443,Technology,0.0716,0.0492,weekly,1
2026-08-21,VEEV,add,selected (rank 5),5.0,54.4894,Technology,0.0,0.1084,weekly,1
2026-08-21,UMAC,drop,skipped: sector cap (Technology already 4),14.0,47.0997,Technology,0.0415,0.0,weekly,1
2026-08-21,U,hold,selected (rank 1),1.0,63.656,Technology,0.1252,0.0861,weekly,1
2026-08-21,SHOP,drop,rank 22 worse than 20 (picks only from ranks 1-20),22.0,40.8047,Consumer Discretionary,0.1173,0.0,weekly,1
2026-08-21,TEM,add,selected (rank 3),3.0,57.9698,Health Care,0.0,0.0549,weekly,1
2026-08-21,APA,hold,selected (rank 12),12.0,49.3423,Energy,0.1622,0.1143,weekly,1
2026-08-21,FCX,add,selected (rank 8),8.0,51.3358,Materials,0.0,0.0953,weekly,1
2026-08-21,RBRK,hold,selected (rank 4),4.0,54.5507,Technology,0.1156,0.0792,weekly,1
2026-08-28,ANET,not selected,skipped: sector cap (Technology already 4),9.0,52.3203,Technology,0.0,0.0,weekly,1
2026-08-28,CRM,add,selected (rank 7; sector cap relaxed: fewer than 10 fit the cap within the top 20),7.0,54.0605,Technology,0.0,0.09,weekly,1
2026-08-28,DASH,hold,selected (rank 5),5.0,59.3056,Communication Services,0.1092,0.1295,weekly,1
2026-08-28,FTNT,not selected,skipped: sector cap (Technology already 4),11.0,47.9085,Technology,0.0,0.0,weekly,1
2026-08-28,GTLB,hold,selected (rank 2),2.0,64.6242,Technology,0.1308,0.103,weekly,1
2026-08-28,MRK,add,selected (rank 18),18.0,42.3284,Health Care,0.0,0.1549,weekly,1
2026-08-28,MSFT,not selected,skipped: sector cap (Technology already 4),16.0,43.8521,Technology,0.0,0.0,weekly,1
2026-08-28,NOW,not selected,skipped: sector cap (Technology already 4),10.0,51.5605,Technology,0.0,0.0,weekly,1
2026-08-28,PANW,not selected,skipped: sector cap (Technology already 4),8.0,52.9943,Technology,0.0,0.0,weekly,1
2026-08-28,SNOW,not selected,skipped: sector cap (Technology already 4),12.0,47.5776,Technology,0.0,0.0,weekly,1
2026-08-28,TEAM,hold,selected (rank 1),1.0,67.308,Technology,0.0492,0.0594,weekly,1
2026-08-28,VEEV,hold,selected (rank 4),4.0,60.3227,Technology,0.1084,0.11,weekly,1
2026-08-28,ZS,not selected,skipped: sector cap (Technology already 4),14.0,45.8129,Technology,0.0,0.0,weekly,1
2026-08-28,MDB,add,selected (rank 6; sector cap relaxed: fewer than 10 fit the cap within the top 20),6.0,54.6855,Technology,0.0,0.0789,weekly,1
2026-08-28,U,drop,skipped: sector cap (Technology already 4),13.0,46.6462,Technology,0.0861,0.0,weekly,1
2026-08-28,TWLO,add,selected (rank 3),3.0,61.2786,Technology,0.0,0.0783,weekly,1
2026-08-28,TEM,hold,selected (rank 17),17.0,43.1127,Health Care,0.0549,0.0624,weekly,1
2026-08-28,APA,hold,selected (rank 20),20.0,42.0752,Energy,0.1143,0.1337,weekly,1
2026-08-28,FCX,drop,rank 25 worse than 20 (picks only from ranks 1-20),25.0,38.1618,Materials,0.0953,0.0,weekly,1
2026-08-28,LITE,not selected,skipped: sector cap (Technology already 4),19.0,42.259,Technology,0.0,0.0,weekly,1
2026-08-28,RBRK,drop,skipped: sector cap (Technology already 4),15.0,45.4208,Technology,0.0792,0.0,weekly,1
2026-09-04,BIIB,add,selected (rank 9),9.0,51.0417,Health Care,0.0,0.1285,weekly,1
2026-09-04,CRM,drop,rank 14 outside top 10,14.0,48.0392,Technology,0.09,0.0,weekly,1
2026-09-04,DASH,drop,rank 48 worse than 20 (picks only from ranks 1-20),48.0,13.317,Communication Services,0.1295,0.0,weekly,1
2026-09-04,GTLB,hold,selected (rank 1),1.0,67.3775,Technology,0.103,0.0875,weekly,1
2026-09-04,HOOD,add,selected (rank 6),6.0,53.9951,Financials,0.0,0.067,weekly,1
2026-09-04,MRK,hold,selected (rank 7),7.0,53.7745,Health Care,0.1549,0.136,weekly,1
2026-09-04,MU,not selected,skipped: sector cap (Technology already 4),8.0,52.9167,Technology,0.0,0.0,weekly,1
2026-09-04,REGN,add,selected (rank 12),12.0,49.2279,Health Care,0.0,0.165,weekly,1
2026-09-04,SNOW,add,selected (rank 3),3.0,57.9779,Technology,0.0,0.0967,weekly,1
2026-09-04,TEAM,hold,selected (rank 2),2.0,58.223,Technology,0.0594,0.0513,weekly,1
2026-09-04,VEEV,hold,selected (rank 5),5.0,55.8946,Technology,0.11,0.0974,weekly,1
2026-09-04,TWLO,drop,skipped: sector cap (Technology already 4),10.0,50.9804,Technology,0.0783,0.0,weekly,1
2026-09-04,TEM,add,selected (rank 4),4.0,56.4828,Health Care,0.0,0.0564,weekly,1
2026-09-04,APA,hold,selected (rank 11),11.0,50.192,Energy,0.1337,0.1142,weekly,1
2026-09-11,AMD,add,selected (rank 4),4.0,54.7426,Technology,0.0,0.0618,weekly,1
2026-09-11,CRM,not selected,skipped: sector cap (Technology already 4),9.0,47.1936,Technology,0.0,0.0,weekly,1
2026-09-11,GTLB,hold,selected (rank 3),3.0,56.9853,Technology,0.0875,0.077,weekly,1
2026-09-11,HOOD,hold,selected (rank 8),8.0,49.6242,Financials,0.067,0.0592,weekly,1
2026-09-11,MRK,drop,rank 24 worse than 20 (picks only from ranks 1-20),24.0,34.3546,Health Care,0.136,0.0,weekly,1
2026-09-11,MU,drop,skipped: sector cap (Technology already 4),7.0,49.9387,Technology,0.165,0.0,weekly,1
2026-09-11,SNOW,drop,skipped: sector cap (Technology already 4),10.0,46.5441,Technology,0.0967,0.0,weekly,1
2026-09-11,TEAM,hold,selected (rank 1),1.0,61.8015,Technology,0.0513,0.0449,weekly,1
2026-09-11,VEEV,hold,selected (rank 6),6.0,50.1103,Technology,0.0974,0.0854,weekly,1
2026-09-11,SMCI,not selected,skipped: sector cap (Technology already 4),12.0,44.3873,Technology,0.0,0.0,weekly,1
2026-09-11,TEM,drop,rank 28 worse than 20 (picks only from ranks 1-20),28.0,29.6487,Health Care,0.0564,0.0,weekly,1
2026-09-11,APA,hold,selected (rank 2),2.0,60.1838,Energy,0.1142,0.1034,weekly,1
2026-09-11,OXY,add,selected (rank 5),5.0,50.4412,Energy,0.0,0.1345,weekly,1
2026-09-11,DVN,add,selected (rank 14),14.0,43.4559,Energy,0.0,0.1354,weekly,1
2026-09-11,FANG,add,selected (rank 13),13.0,43.848,Energy,0.0,0.1356,weekly,1
2026-09-11,C,add,selected (rank 11),11.0,44.9306,Financials,0.0,0.1628,weekly,1
2026-09-18,AAPL,not selected,skipped: sector cap (Technology already 4),17.0,44.0931,Technology,0.0,0.0,weekly,1
2026-09-18,ANET,add,selected (rank 5; sector cap relaxed: fewer than 10 fit the cap within the top 20),5.0,60.5392,Technology,0.0,0.1013,weekly,1
2026-09-18,AMD,drop,skipped: sector cap (Technology already 4),8.0,55.6618,Technology,0.0618,0.0,weekly,1
2026-09-18,CVLT,not selected,skipped: sector cap (Technology already 4),12.0,50.1471,Technology,0.0,0.0,weekly,1
2026-09-18,FTNT,add,selected (rank 3),3.0,60.9069,Technology,0.0,0.1283,weekly,1
2026-09-18,GTLB,hold,selected (rank 1),1.0,67.2672,Technology,0.077,0.1037,weekly,1
2026-09-18,HOOD,hold,selected (rank 13),13.0,49.2851,Financials,0.0592,0.0775,weekly,1
2026-09-18,MRK,add,selected (rank 20),20.0,40.9559,Health Care,0.0,0.1604,weekly,1
2026-09-18,MU,not selected,skipped: sector cap (Technology already 4),9.0,54.3627,Technology,0.0,0.0,weekly,1
2026-09-18,PANW,not selected,skipped: sector cap (Technology already 4),19.0,42.8922,Technology,0.0,0.0,weekly,1
2026-09-18,SNOW,not selected,skipped: sector cap (Technology already 4),10.0,52.2304,Technology,0.0,0.0,weekly,1
2026-09-18,TEAM,hold,selected (rank 2),2.0,63.4926,Technology,0.0449,0.0602,weekly,1
2026-09-18,VEEV,drop,rank 26 worse than 20 (picks only from ranks 1-20),26.0,36.1765,Technology,0.0854,0.0,weekly,1
2026-09-18,ZS,not selected,skipped: sector cap (Technology already 4),14.0,48.5784,Technology,0.0,0.0,weekly,1
2026-09-18,TWLO,add,selected (rank 7; sector cap relaxed: fewer than 10 fit the cap within the top 20),7.0,58.701,Technology,0.0,0.0905,weekly,1
2026-09-18,MSTR,not selected,skipped: sector cap (Technology already 4),15.0,47.8554,Technology,0.0,0.0,weekly,1
2026-09-18,SMCI,not selected,skipped: sector cap (Technology already 4),11.0,51.7525,Technology,0.0,0.0,weekly,1
2026-09-18,TEM,hold,selected (rank 6),6.0,60.5025,Health Care,0.1356,0.062,weekly,1
2026-09-18,APA,hold,selected (rank 18),18.0,43.6642,Energy,0.1034,0.1368,weekly,1
2026-09-18,OXY,drop,rank 46 worse than 20 (picks only from ranks 1-20),46.0,6.5196,Energy,0.1345,0.0,weekly,1
2026-09-18,DVN,drop,rank 32 worse than 20 (picks only from ranks 1-20),32.0,26.9608,Energy,0.1354,0.0,weekly,1
2026-09-18,LITE,not selected,skipped: sector cap (Technology already 4),16.0,44.5343,Technology,0.0,0.0,weekly,1
2026-09-18,RBRK,add,selected (rank 4),4.0,60.8946,Technology,0.0,0.0793,weekly,1
2024-07-15,NVDA,drop,mid-week swap out: rank 18 (below 15); replaced by CRDO (rank 3),18.0,45.9238,Technology,0.0804,0.0,mid-week,1
2024-07-15,RCL,hold,kept at mid-week check (rank 16),16.0,46.59,Consumer Discretionary,0.1582,0.1582,mid-week,1
2024-07-15,TSLA,hold,kept at mid-week check (rank 9),9.0,53.1523,Consumer Discretionary,0.0686,0.0686,mid-week,1
2024-07-15,UI,hold,kept at mid-week check (rank 6),6.0,57.0279,Technology,0.1236,0.1236,mid-week,1
2024-07-15,ARM,hold,kept at mid-week check (rank 5),5.0,57.1483,Technology,0.058,0.058,mid-week,1
2024-07-15,ASTS,hold,kept at mid-week check (rank 7),7.0,56.5046,Communication Services,0.0206,0.0206,mid-week,1
2024-07-15,CIFR,add,mid-week swap in: rank 2 is in the top 3; replaces TRGP (rank 21),2.0,63.9038,Technology,0.0,0.2384,mid-week,1
2024-07-15,CVNA,hold,kept at mid-week check (rank 1),1.0,63.9918,Consumer Discretionary,0.0506,0.0506,mid-week,1
2024-07-15,TRGP,drop,mid-week swap out: rank 21 (below 15); replaced by CIFR (rank 2),21.0,40.6261,Energy,0.2384,0.0,mid-week,1
2024-07-15,CRDO,add,mid-week swap in: rank 3 is in the top 3; replaces NVDA (rank 18),3.0,63.829,Technology,0.0,0.0804,mid-week,1
2024-07-15,LITE,hold,kept at mid-week check (rank 14),14.0,49.9195,Technology,0.1147,0.1147,mid-week,1
2024-07-15,CLS,hold,kept at mid-week check (rank 4),4.0,61.3842,Technology,0.0869,0.0869,mid-week,1
2024-07-17,HOOD,add,mid-week swap in: rank 3 is in the top 3; replaces ARM (rank 27),3.0,59.2928,Financials,0.0,0.058,mid-week,1
2024-07-17,RCL,hold,kept at mid-week check (rank 18),18.0,38.7242,Consumer Discretionary,0.1582,0.1582,mid-week,1
2024-07-17,TSLA,hold,kept at mid-week check (rank 14),14.0,42.0201,Consumer Discretionary,0.0686,0.0686,mid-week,1
2024-07-17,UI,hold,kept at mid-week check (rank 6),6.0,53.6137,Technology,0.1236,0.1236,mid-week,1
2024-07-17,ARM,drop,mid-week swap out: rank 27 (below 15); replaced by HOOD (rank 3),27.0,30.7646,Technology,0.058,0.0,mid-week,1
2024-07-17,ASTS,hold,kept at mid-week check (rank 4),4.0,57.5784,Communication Services,0.0206,0.0206,mid-week,1
2024-07-17,CIFR,hold,kept at mid-week check (rank 1),1.0,60.7943,Technology,0.2384,0.2384,mid-week,1
2024-07-17,CVNA,hold,kept at mid-week check (rank 5),5.0,57.3539,Consumer Discretionary,0.0506,0.0506,mid-week,1
2024-07-17,MARA,add,mid-week swap in: rank 2 is in the top 3; replaces CLS (rank 29),2.0,59.37,Technology,0.0,0.0869,mid-week,1
2024-07-17,CRDO,hold,kept at mid-week check (rank 19),19.0,37.7818,Technology,0.0804,0.0804,mid-week,1
2024-07-17,LITE,hold,kept at mid-week check (rank 22),22.0,36.1546,Technology,0.1147,0.1147,mid-week,1
2024-07-17,CLS,drop,mid-week swap out: rank 29 (below 15); replaced by MARA (rank 2),29.0,27.4026,Technology,0.0869,0.0,mid-week,1
2024-07-19,CRDO,drop,rank 29 outside top 10,29.0,23.3853,Technology,0.0804,0.0,weekly,1
2024-07-24,BKR,hold,kept at mid-week check (rank 26),26.0,22.7362,Energy,0.1951,0.1951,mid-week,1
2024-07-24,HOOD,hold,kept at mid-week check (rank 21),21.0,25.8778,Financials,0.0868,0.0868,mid-week,1
2024-07-24,UI,hold,kept at mid-week check (rank 7),7.0,45.4616,Technology,0.1408,0.1408,mid-week,1
2024-07-24,UNH,add,mid-week swap in: rank 3 is in the top 3; replaces MARA (rank 34),3.0,51.0212,Health Care,0.0,0.0505,mid-week,1
2024-07-24,ASTS,hold,kept at mid-week check (rank 1),1.0,61.1012,Communication Services,0.0234,0.0234,mid-week,1
2024-07-24,CIFR,hold,kept at mid-week check (rank 8),8.0,45.333,Technology,0.0447,0.0447,mid-week,1
2024-07-24,CVNA,hold,kept at mid-week check (rank 14),14.0,34.3469,Consumer Discretionary,0.0581,0.0581,mid-week,1
2024-07-24,JOBY,hold,kept at mid-week check (rank 10),10.0,39.3164,Industrials,0.0737,0.0737,mid-week,1
2024-07-24,MARA,drop,mid-week swap out: rank 34 (below 15); replaced by UNH (rank 3),34.0,10.1398,Technology,0.0505,0.0,mid-week,1
2024-07-24,MSTR,hold,kept at mid-week check (rank 2),2.0,53.1947,Technology,0.0514,0.0514,mid-week,1
2024-07-24,TRGP,hold,kept at mid-week check (rank 12),12.0,37.3032,Energy,0.2754,0.2754,mid-week,1
2024-09-11,AFRM,hold,kept at mid-week check (rank 4),4.0,60.0291,Financials,0.0372,0.0372,mid-week,1
2024-09-11,APP,add,mid-week swap in: rank 3 is in the top 3; replaces NOC (rank 20),3.0,60.736,Communication Services,0.0,0.188,mid-week,1
2024-09-11,ORCL,hold,kept at mid-week check (rank 15),15.0,42.5785,Technology,0.0975,0.0975,mid-week,1
2024-09-11,TSLA,add,mid-week swap in: rank 2 is in the top 3; replaces TRGP (rank 37),2.0,63.2359,Consumer Discretionary,0.0,0.1496,mid-week,1
2024-09-11,UI,hold,kept at mid-week check (rank 5),5.0,58.6971,Technology,0.0741,0.0741,mid-week,1
2024-09-11,UNH,hold,kept at mid-week check (rank 10),10.0,47.191,Health Care,0.1359,0.1359,mid-week,1
2024-09-11,UPST,hold,kept at mid-week check (rank 8),8.0,49.0458,Financials,0.0313,0.0313,mid-week,1
2024-09-11,NOC,drop,mid-week swap out: rank 20 (below 15); replaced by APP (rank 3),20.0,38.689,Industrials,0.188,0.0,mid-week,1
2024-09-11,LMT,hold,kept at mid-week check (rank 12),12.0,44.8465,Industrials,0.2179,0.2179,mid-week,1
2024-09-11,ASTS,hold,kept at mid-week check (rank 7),7.0,51.9999,Communication Services,0.0213,0.0213,mid-week,1
2024-09-11,RKLB,hold,kept at mid-week check (rank 1),1.0,67.5364,Industrials,0.047,0.047,mid-week,1
2024-09-11,TRGP,drop,mid-week swap out: rank 37 (below 15); replaced by TSLA (rank 2),37.0,23.2747,Energy,0.1496,0.0,mid-week,1
2024-09-25,AFRM,hold,kept at mid-week check (rank 20),20.0,46.9616,Financials,0.0529,0.0529,mid-week,1
2024-09-25,APP,hold,kept at mid-week check (rank 3),3.0,74.0127,Communication Services,0.0731,0.0731,mid-week,1
2024-09-25,RCL,hold,kept at mid-week check (rank 5),5.0,62.5622,Consumer Discretionary,0.1141,0.1141,mid-week,1
2024-09-25,SOFI,drop,"mid-week exit: rank 31 (worse than 30); sold, cash until the weekly rebalance",31.0,32.0091,Financials,0.0989,0.0,mid-week,1
2024-09-25,TSLA,hold,kept at mid-week check (rank 2),2.0,74.0954,Consumer Discretionary,0.0709,0.0709,mid-week,1
2024-09-25,UPST,hold,kept at mid-week check (rank 26),26.0,41.3213,Financials,0.0427,0.0427,mid-week,1
2024-09-25,LMT,hold,kept at mid-week check (rank 6),6.0,60.7436,Industrials,0.29,0.29,mid-week,1
2024-09-25,CVNA,hold,kept at mid-week check (rank 4),4.0,67.9592,Consumer Discretionary,0.0726,0.0726,mid-week,1
2024-09-25,RKLB,hold,kept at mid-week check (rank 1),1.0,75.8672,Industrials,0.0644,0.0644,mid-week,1
2024-09-25,URI,hold,kept at mid-week check (rank 7),7.0,60.2141,Industrials,0.1205,0.1205,mid-week,1
2024-10-09,ANET,hold,kept at mid-week check (rank 8),8.0,54.9004,Technology,0.1076,0.1076,mid-week,1
2024-10-09,APP,hold,kept at mid-week check (rank 2),2.0,60.0522,Communication Services,0.0778,0.0778,mid-week,1
2024-10-09,ORCL,hold,kept at mid-week check (rank 15),15.0,48.0335,Technology,0.1434,0.1434,mid-week,1
2024-10-09,SOFI,hold,kept at mid-week check (rank 19),19.0,44.7165,Financials,0.1003,0.1003,mid-week,1
2024-10-09,UI,hold,kept at mid-week check (rank 3),3.0,59.2056,Technology,0.1088,0.1088,mid-week,1
2024-10-09,UPST,hold,kept at mid-week check (rank 5),5.0,57.4991,Financials,0.0445,0.0445,mid-week,1
2024-10-09,CVNA,hold,kept at mid-week check (rank 4),4.0,58.3499,Consumer Discretionary,0.0823,0.0823,mid-week,1
2024-10-09,RKLB,hold,kept at mid-week check (rank 6),6.0,56.7105,Industrials,0.0611,0.0611,mid-week,1
2024-10-09,TRGP,drop,mid-week swap out: rank 22 (below 15); replaced by CRDO (rank 1),22.0,41.5496,Energy,0.1971,0.0,mid-week,1
2024-10-09,CRDO,add,mid-week swap in: rank 1 is in the top 3; replaces TRGP (rank 22),1.0,60.3835,Technology,0.0,0.1971,mid-week,1
2024-10-09,LITE,hold,kept at mid-week check (rank 7),7.0,55.166,Technology,0.0772,0.0772,mid-week,1
2024-10-11,CRDO,drop,rank 18 outside top 10,18.0,46.2675,Technology,0.1971,0.0,weekly,1
2024-10-14,AFRM,hold,kept at mid-week check (rank 8),8.0,50.9611,Financials,0.0682,0.0682,mid-week,1
2024-10-14,APP,drop,mid-week swap out: rank 20 (below 15); replaced by SOFI (rank 3),20.0,46.4517,Communication Services,0.0961,0.0,mid-week,1
2024-10-14,AVAV,hold,kept at mid-week check (rank 12),12.0,49.8373,Industrials,0.1151,0.1151,mid-week,1
2024-10-14,SOFI,add,mid-week swap in: rank 3 is in the top 3; replaces APP (rank 20),3.0,59.5701,Financials,0.0,0.0961,mid-week,1
2024-10-14,UI,hold,kept at mid-week check (rank 4),4.0,55.4508,Technology,0.1342,0.1342,mid-week,1
2024-10-14,UPST,hold,kept at mid-week check (rank 2),2.0,69.2464,Financials,0.055,0.055,mid-week,1
2024-10-14,VRT,hold,kept at mid-week check (rank 5),5.0,53.4305,Industrials,0.0944,0.0944,mid-week,1
2024-10-14,CVNA,hold,kept at mid-week check (rank 17),17.0,46.9589,Consumer Discretionary,0.1013,0.1013,mid-week,1
2024-10-14,RKLB,hold,kept at mid-week check (rank 1),1.0,74.2657,Industrials,0.0746,0.0746,mid-week,1
2024-10-14,URI,hold,kept at mid-week check (rank 11),11.0,50.4521,Industrials,0.1664,0.1664,mid-week,1
2024-10-14,LITE,hold,kept at mid-week check (rank 7),7.0,51.7261,Technology,0.0946,0.0946,mid-week,1
2024-11-06,AFRM,hold,kept at mid-week check (rank 1),1.0,73.2638,Financials,0.0612,0.0612,mid-week,1
2024-11-06,APP,hold,kept at mid-week check (rank 11),11.0,59.656,Communication Services,0.0928,0.0928,mid-week,1
2024-11-06,RCL,hold,kept at mid-week check (rank 6),6.0,66.684,Consumer Discretionary,0.1542,0.1542,mid-week,1
2024-11-06,SOFI,hold,kept at mid-week check (rank 3),3.0,70.4928,Financials,0.1027,0.1027,mid-week,1
2024-11-06,UI,drop,"mid-week exit: rank 40 (worse than 30); sold, cash until the weekly rebalance",40.0,31.4635,Technology,0.135,0.0,mid-week,1
2024-11-06,UPST,hold,kept at mid-week check (rank 4),4.0,68.3523,Financials,0.0493,0.0493,mid-week,1
2024-11-06,CVNA,hold,kept at mid-week check (rank 2),2.0,73.0706,Consumer Discretionary,0.0847,0.0847,mid-week,1
2024-11-06,MSTR,hold,kept at mid-week check (rank 14),14.0,54.1761,Technology,0.0621,0.0621,mid-week,1
2024-11-06,COF,hold,kept at mid-week check (rank 9),9.0,61.7813,Financials,0.1821,0.1821,mid-week,1
2024-11-06,CRDO,hold,kept at mid-week check (rank 10),10.0,60.8936,Technology,0.0758,0.0758,mid-week,1
2024-11-13,APP,hold,kept at mid-week check (rank 7),7.0,65.2726,Communication Services,0.0644,0.0644,mid-week,1
2024-11-13,HOOD,hold,kept at mid-week check (rank 5),5.0,65.5265,Financials,0.1036,0.1036,mid-week,1
2024-11-13,RCL,hold,kept at mid-week check (rank 13),13.0,52.922,Consumer Discretionary,0.2072,0.2072,mid-week,1
2024-11-13,SOFI,hold,kept at mid-week check (rank 9),9.0,60.8893,Financials,0.1296,0.1296,mid-week,1
2024-11-13,TSLA,hold,kept at mid-week check (rank 4),4.0,66.4265,Consumer Discretionary,0.094,0.094,mid-week,1
2024-11-13,UPST,hold,kept at mid-week check (rank 6),6.0,65.325,Financials,0.0592,0.0592,mid-week,1
2024-11-13,CVNA,hold,kept at mid-week check (rank 3),3.0,66.93,Consumer Discretionary,0.1154,0.1154,mid-week,1
2024-11-13,IONQ,hold,kept at mid-week check (rank 11),11.0,55.7377,Technology,0.0604,0.0604,mid-week,1
2024-11-13,MSTR,drop,mid-week swap out: rank 17 (below 15); replaced by SHOP (rank 2),17.0,50.6938,Technology,0.0817,0.0,mid-week,1
2024-11-13,RKLB,hold,kept at mid-week check (rank 1),1.0,70.1148,Industrials,0.0845,0.0845,mid-week,1
2024-11-13,SHOP,add,mid-week swap in: rank 2 is in the top 3; replaces MSTR (rank 17),2.0,70.0542,Consumer Discretionary,0.0,0.0817,mid-week,1
2024-12-09,APP,hold,kept at mid-week check (rank 4),4.0,61.7659,Communication Services,0.0763,0.0763,mid-week,1
2024-12-09,RCL,hold,kept at mid-week check (rank 19),19.0,45.2838,Consumer Discretionary,0.2726,0.2726,mid-week,1
2024-12-09,TSLA,hold,kept at mid-week check (rank 1),1.0,65.9845,Consumer Discretionary,0.111,0.111,mid-week,1
2024-12-09,UPST,hold,kept at mid-week check (rank 5),5.0,60.7764,Financials,0.0691,0.0691,mid-week,1
2024-12-09,UMAC,hold,kept at mid-week check (rank 8),8.0,57.0433,Technology,0.0276,0.0276,mid-week,1
2024-12-09,IONQ,hold,kept at mid-week check (rank 7),7.0,60.3332,Technology,0.0633,0.0633,mid-week,1
2024-12-09,MSTR,drop,"mid-week exit: rank 31 (worse than 30); sold, cash until the weekly rebalance",31.0,37.6834,Technology,0.074,0.0,mid-week,1
2024-12-09,RKLB,hold,kept at mid-week check (rank 16),16.0,48.3297,Industrials,0.0854,0.0854,mid-week,1
2024-12-09,SHOP,hold,kept at mid-week check (rank 2),2.0,62.9589,Consumer Discretionary,0.1536,0.1536,mid-week,1
2024-12-09,SOUN,hold,kept at mid-week check (rank 3),3.0,62.2222,Technology,0.0672,0.0672,mid-week,1
2024-12-11,APP,hold,kept at mid-week check (rank 6),6.0,56.3295,Communication Services,0.0763,0.0763,mid-week,1
2024-12-11,RCL,drop,mid-week swap out: rank 30 (below 15); replaced by MSTR (rank 3),30.0,39.2094,Consumer Discretionary,0.2726,0.0,mid-week,1
2024-12-11,TSLA,hold,kept at mid-week check (rank 1),1.0,69.0329,Consumer Discretionary,0.111,0.111,mid-week,1
2024-12-11,UPST,hold,kept at mid-week check (rank 12),12.0,50.9582,Financials,0.0691,0.0691,mid-week,1
2024-12-11,UMAC,hold,kept at mid-week check (rank 5),5.0,57.2631,Technology,0.0276,0.0276,mid-week,1
2024-12-11,IONQ,hold,kept at mid-week check (rank 17),17.0,46.0226,Technology,0.0633,0.0633,mid-week,1
2024-12-11,MSTR,add,mid-week swap in: rank 3 is in the top 3; replaces RCL (rank 30),3.0,58.0389,Technology,0.0,0.2726,mid-week,1
2024-12-11,RKLB,hold,kept at mid-week check (rank 13),13.0,50.3182,Industrials,0.0854,0.0854,mid-week,1
2024-12-11,SHOP,hold,kept at mid-week check (rank 2),2.0,67.6229,Consumer Discretionary,0.1536,0.1536,mid-week,1
2024-12-11,SOUN,hold,kept at mid-week check (rank 9),9.0,53.4794,Technology,0.0672,0.0672,mid-week,1
2024-12-26,AMZN,hold,kept at mid-week check (rank 16),16.0,49.8823,Consumer Discretionary,0.2463,0.2463,mid-week,1
2024-12-26,APP,hold,kept at mid-week check (rank 6),6.0,61.3468,Communication Services,0.0644,0.0644,mid-week,1
2024-12-26,MRVL,hold,kept at mid-week check (rank 10),10.0,56.9038,Technology,0.107,0.107,mid-week,1
2024-12-26,NFLX,drop,mid-week swap out: rank 21 (below 15); replaced by CRDO (rank 2),21.0,44.1479,Communication Services,0.23,0.0,mid-week,1
2024-12-26,TSLA,hold,kept at mid-week check (rank 1),1.0,69.7786,Consumer Discretionary,0.0957,0.0957,mid-week,1
2024-12-26,UMAC,hold,kept at mid-week check (rank 3),3.0,64.6379,Technology,0.024,0.024,mid-week,1
2024-12-26,ACHR,hold,kept at mid-week check (rank 11),11.0,56.4746,Industrials,0.0585,0.0585,mid-week,1
2024-12-26,IONQ,hold,kept at mid-week check (rank 5),5.0,63.773,Technology,0.0492,0.0492,mid-week,1
2024-12-26,RKLB,hold,kept at mid-week check (rank 9),9.0,57.1774,Industrials,0.072,0.072,mid-week,1
2024-12-26,SOUN,hold,kept at mid-week check (rank 4),4.0,63.9834,Technology,0.0529,0.0529,mid-week,1
2024-12-26,CRDO,add,mid-week swap in: rank 2 is in the top 3; replaces NFLX (rank 21),2.0,64.792,Technology,0.0,0.23,mid-week,1
2025-01-02,APP,hold,kept at mid-week check (rank 5),5.0,52.2734,Communication Services,0.0957,0.0957,mid-week,1
2025-01-02,SOFI,drop,"mid-week exit: rank 31 (worse than 30); sold, cash until the weekly rebalance",31.0,17.717,Financials,0.1943,0.0,mid-week,1
2025-01-02,TSLA,hold,kept at mid-week check (rank 13),13.0,40.9209,Consumer Discretionary,0.1387,0.1387,mid-week,1
2025-01-02,UMAC,hold,kept at mid-week check (rank 3),3.0,62.7577,Technology,0.0353,0.0353,mid-week,1
2025-01-02,ACHR,hold,kept at mid-week check (rank 14),14.0,40.4699,Industrials,0.0856,0.0856,mid-week,1
2025-01-02,IONQ,hold,kept at mid-week check (rank 1),1.0,65.7638,Technology,0.0746,0.0746,mid-week,1
2025-01-02,JOBY,hold,kept at mid-week check (rank 19),19.0,32.1417,Industrials,0.0956,0.0956,mid-week,1
2025-01-02,RKLB,hold,kept at mid-week check (rank 11),11.0,42.3521,Industrials,0.1113,0.1113,mid-week,1
2025-01-02,SOUN,hold,kept at mid-week check (rank 6),6.0,52.0013,Technology,0.076,0.076,mid-week,1
2025-01-02,CRDO,hold,kept at mid-week check (rank 2),2.0,65.354,Technology,0.093,0.093,mid-week,1
2025-01-06,APP,hold,kept at mid-week check (rank 6),6.0,61.1729,Communication Services,0.0911,0.0911,mid-week,1
2025-01-06,HOOD,hold,kept at mid-week check (rank 5),5.0,62.4618,Financials,0.1346,0.1346,mid-week,1
2025-01-06,MRVL,drop,mid-week swap out: rank 20 (below 15); replaced by RDDT (rank 3),20.0,50.2719,Technology,0.1532,0.0,mid-week,1
2025-01-06,TSLA,hold,kept at mid-week check (rank 9),9.0,54.4084,Consumer Discretionary,0.129,0.129,mid-week,1
2025-01-06,UMAC,hold,kept at mid-week check (rank 2),2.0,66.8438,Technology,0.0335,0.0335,mid-week,1
2025-01-06,ACHR,hold,kept at mid-week check (rank 10),10.0,54.0545,Industrials,0.0786,0.0786,mid-week,1
2025-01-06,ALAB,hold,kept at mid-week check (rank 4),4.0,63.0325,Technology,0.1049,0.1049,mid-week,1
2025-01-06,IONQ,hold,kept at mid-week check (rank 1),1.0,69.6554,Technology,0.0729,0.0729,mid-week,1
2025-01-06,JOBY,hold,kept at mid-week check (rank 18),18.0,50.4879,Industrials,0.0983,0.0983,mid-week,1
2025-01-06,RDDT,add,mid-week swap in: rank 3 is in the top 3; replaces MRVL (rank 20),3.0,63.5688,Communication Services,0.0,0.1532,mid-week,1
2025-01-06,RKLB,hold,kept at mid-week check (rank 14),14.0,52.5932,Industrials,0.1038,0.1038,mid-week,1
2025-01-08,APP,drop,"mid-week exit: rank 31 (worse than 30); sold, cash until the weekly rebalance",31.0,22.0676,Communication Services,0.0911,0.0,mid-week,1
2025-01-08,HOOD,hold,kept at mid-week check (rank 3),3.0,59.2006,Financials,0.1346,0.1346,mid-week,1
2025-01-08,TSLA,hold,kept at mid-week check (rank 19),19.0,35.8036,Consumer Discretionary,0.129,0.129,mid-week,1
2025-01-08,UI,add,mid-week swap in: rank 1 is in the top 3; replaces IONQ (rank 37),1.0,61.1238,Technology,0.0,0.0729,mid-week,1
2025-01-08,UMAC,hold,kept at mid-week check (rank 16),16.0,41.6258,Technology,0.0335,0.0335,mid-week,1
2025-01-08,ACHR,hold,kept at mid-week check (rank 13),13.0,43.758,Industrials,0.0786,0.0786,mid-week,1
2025-01-08,ALAB,hold,kept at mid-week check (rank 14),14.0,43.4796,Technology,0.1049,0.1049,mid-week,1
2025-01-08,IONQ,drop,mid-week swap out: rank 37 (below 15); replaced by UI (rank 1),37.0,12.3929,Technology,0.0729,0.0,mid-week,1
2025-01-08,JOBY,hold,kept at mid-week check (rank 6),6.0,55.7669,Industrials,0.0983,0.0983,mid-week,1
2025-01-08,RDDT,hold,kept at mid-week check (rank 2),2.0,60.9118,Communication Services,0.1532,0.1532,mid-week,1
2025-01-08,RKLB,hold,kept at mid-week check (rank 4),4.0,56.9172,Industrials,0.1038,0.1038,mid-week,1
2025-01-13,BKR,hold,kept at mid-week check (rank 8),8.0,41.633,Energy,0.1781,0.1781,mid-week,1
2025-01-13,GOOGL,hold,kept at mid-week check (rank 18),18.0,30.0909,Communication Services,0.1866,0.1866,mid-week,1
2025-01-13,HOOD,hold,kept at mid-week check (rank 4),4.0,49.1405,Financials,0.0717,0.0717,mid-week,1
2025-01-13,META,drop,mid-week swap out: rank 21 (below 15); replaced by MRVL (rank 3),21.0,22.6638,Communication Services,0.1994,0.0,mid-week,1
2025-01-13,MRVL,add,mid-week swap in: rank 3 is in the top 3; replaces META (rank 21),3.0,56.8206,Technology,0.0,0.1994,mid-week,1
2025-01-13,UI,hold,kept at mid-week check (rank 1),1.0,61.9333,Technology,0.1017,0.1017,mid-week,1
2025-01-13,UMAC,hold,kept at mid-week check (rank 6),6.0,44.3519,Technology,0.0175,0.0175,mid-week,1
2025-01-13,RDDT,hold,kept at mid-week check (rank 7),7.0,44.2852,Communication Services,0.0505,0.0505,mid-week,1
2025-01-13,RKLB,hold,kept at mid-week check (rank 14),14.0,32.5281,Industrials,0.0546,0.0546,mid-week,1
2025-01-13,CRDO,hold,kept at mid-week check (rank 12),12.0,36.6999,Technology,0.0468,0.0468,mid-week,1
2025-01-13,CLS,hold,kept at mid-week check (rank 2),2.0,61.0614,Technology,0.093,0.093,mid-week,1
2025-01-15,BKR,hold,kept at mid-week check (rank 12),12.0,47.4391,Energy,0.1781,0.1781,mid-week,1
2025-01-15,GOOGL,drop,mid-week swap out: rank 22 (below 15); replaced by C (rank 3),22.0,38.1179,Communication Services,0.1866,0.0,mid-week,1
2025-01-15,HOOD,hold,kept at mid-week check (rank 1),1.0,70.8749,Financials,0.0717,0.0717,mid-week,1
2025-01-15,MRVL,hold,kept at mid-week check (rank 7),7.0,52.1291,Technology,0.1994,0.1994,mid-week,1
2025-01-15,UI,hold,kept at mid-week check (rank 4),4.0,54.6435,Technology,0.1017,0.1017,mid-week,1
2025-01-15,UMAC,hold,kept at mid-week check (rank 15),15.0,43.0229,Technology,0.0175,0.0175,mid-week,1
2025-01-15,RDDT,hold,kept at mid-week check (rank 2),2.0,60.7887,Communication Services,0.0505,0.0505,mid-week,1
2025-01-15,RKLB,hold,kept at mid-week check (rank 21),21.0,38.2281,Industrials,0.0546,0.0546,mid-week,1
2025-01-15,C,add,mid-week swap in: rank 3 is in the top 3; replaces GOOGL (rank 22),3.0,56.0256,Financials,0.0,0.1866,mid-week,1
2025-01-15,CRDO,hold,kept at mid-week check (rank 9),9.0,48.6362,Technology,0.0468,0.0468,mid-week,1
2025-01-15,CLS,hold,kept at mid-week check (rank 5),5.0,54.0279,Technology,0.093,0.093,mid-week,1
2025-01-22,APP,hold,kept at mid-week check (rank 10),10.0,53.3605,Communication Services,0.048,0.048,mid-week,1
2025-01-22,HOOD,hold,kept at mid-week check (rank 1),1.0,70.3416,Financials,0.0706,0.0706,mid-week,1
2025-01-22,MRVL,hold,kept at mid-week check (rank 9),9.0,54.1929,Technology,0.0811,0.0811,mid-week,1
2025-01-22,SOFI,hold,kept at mid-week check (rank 4),4.0,61.7537,Financials,0.098,0.098,mid-week,1
2025-01-22,RDDT,hold,kept at mid-week check (rank 2),2.0,66.3343,Communication Services,0.0513,0.0513,mid-week,1
2025-01-22,RKLB,add,mid-week swap in: rank 3 is in the top 3; replaces TRGP (rank 20),3.0,64.3495,Industrials,0.0,0.1833,mid-week,1
2025-01-22,TRGP,drop,mid-week swap out: rank 20 (below 15); replaced by RKLB (rank 3),20.0,42.8587,Energy,0.1833,0.0,mid-week,1
2025-01-22,COF,hold,kept at mid-week check (rank 12),12.0,49.7164,Financials,0.1372,0.1372,mid-week,1
2025-01-22,C,hold,kept at mid-week check (rank 6),6.0,58.4428,Financials,0.1871,0.1871,mid-week,1
2025-01-22,CRDO,hold,kept at mid-week check (rank 5),5.0,58.7098,Technology,0.0469,0.0469,mid-week,1
2025-01-22,CLS,hold,kept at mid-week check (rank 7),7.0,57.6159,Technology,0.0965,0.0965,mid-week,1
2025-01-27,APP,hold,kept at mid-week check (rank 4),4.0,57.8148,Communication Services,0.0746,0.0746,mid-week,1
2025-01-27,HOOD,hold,kept at mid-week check (rank 2),2.0,70.515,Financials,0.1093,0.1093,mid-week,1
2025-01-27,SOFI,hold,kept at mid-week check (rank 10),10.0,49.3963,Financials,0.1465,0.1465,mid-week,1
2025-01-27,UI,hold,kept at mid-week check (rank 14),14.0,41.1491,Technology,0.1528,0.1528,mid-week,1
2025-01-27,TWLO,hold,kept at mid-week check (rank 6),6.0,53.5984,Technology,0.1518,0.1518,mid-week,1
2025-01-27,JOBY,hold,kept at mid-week check (rank 24),24.0,24.4209,Industrials,0.0793,0.0793,mid-week,1
2025-01-27,RDDT,hold,kept at mid-week check (rank 3),3.0,67.078,Communication Services,0.0793,0.0793,mid-week,1
2025-01-27,RKLB,hold,kept at mid-week check (rank 1),1.0,72.8556,Industrials,0.0731,0.0731,mid-week,1
2025-01-27,BE,hold,kept at mid-week check (rank 30),30.0,21.88,Industrials,0.0607,0.0607,mid-week,1
2025-01-27,CRDO,drop,"mid-week exit: rank 51 (worse than 30); sold, cash until the weekly rebalance",51.0,0.0266,Technology,0.0725,0.0,mid-week,1
2025-01-29,APP,hold,kept at mid-week check (rank 3),3.0,63.8587,Communication Services,0.0746,0.0746,mid-week,1
2025-01-29,HOOD,hold,kept at mid-week check (rank 2),2.0,71.9221,Financials,0.1093,0.1093,mid-week,1
2025-01-29,SOFI,hold,kept at mid-week check (rank 21),21.0,35.8936,Financials,0.1465,0.1465,mid-week,1
2025-01-29,UI,hold,kept at mid-week check (rank 19),19.0,38.1652,Technology,0.1528,0.1528,mid-week,1
2025-01-29,TWLO,hold,kept at mid-week check (rank 8),8.0,54.8484,Technology,0.1518,0.1518,mid-week,1
2025-01-29,JOBY,hold,kept at mid-week check (rank 28),28.0,24.9998,Industrials,0.0793,0.0793,mid-week,1
2025-01-29,RDDT,hold,kept at mid-week check (rank 1),1.0,72.604,Communication Services,0.0793,0.0793,mid-week,1
2025-01-29,RKLB,hold,kept at mid-week check (rank 4),4.0,59.9099,Industrials,0.0731,0.0731,mid-week,1
2025-01-29,BE,drop,"mid-week exit: rank 41 (worse than 30); sold, cash until the weekly rebalance",41.0,10.0427,Industrials,0.0607,0.0,mid-week,1
2025-02-26,AFRM,hold,kept at mid-week check (rank 17),17.0,25.9832,Financials,0.062,0.062,mid-week,1
2025-02-26,APP,hold,kept at mid-week check (rank 18),18.0,24.9089,Communication Services,0.0534,0.0534,mid-week,1
2025-02-26,DASH,hold,kept at mid-week check (rank 1),1.0,56.7693,Communication Services,0.1531,0.1531,mid-week,1
2025-02-26,FTNT,hold,kept at mid-week check (rank 3),3.0,46.7697,Technology,0.1737,0.1737,mid-week,1
2025-02-26,HIMS,hold,kept at mid-week check (rank 4),4.0,45.0871,Health Care,0.0371,0.0371,mid-week,1
2025-02-26,LRCX,hold,kept at mid-week check (rank 23),23.0,18.1539,Technology,0.1112,0.1112,mid-week,1
2025-02-26,META,hold,kept at mid-week check (rank 9),9.0,35.4448,Communication Services,0.1752,0.1752,mid-week,1
2025-02-26,NFLX,hold,kept at mid-week check (rank 6),6.0,37.251,Communication Services,0.1451,0.1451,mid-week,1
2025-02-26,U,hold,kept at mid-week check (rank 2),2.0,49.2278,Technology,0.0512,0.0512,mid-week,1
2025-02-26,APLD,drop,"mid-week exit: rank 40 (worse than 30); sold, cash until the weekly rebalance",40.0,0.1266,Technology,0.0381,0.0,mid-week,1
2025-03-05,DASH,hold,kept at mid-week check (rank 3),3.0,52.4976,Communication Services,0.1084,0.1084,mid-week,1
2025-03-05,FTNT,hold,kept at mid-week check (rank 7),7.0,36.8846,Technology,0.1275,0.1275,mid-week,1
2025-03-05,HIMS,hold,kept at mid-week check (rank 5),5.0,44.4889,Health Care,0.0278,0.0278,mid-week,1
2025-03-05,HOOD,hold,kept at mid-week check (rank 8),8.0,33.3521,Financials,0.0447,0.0447,mid-week,1
2025-03-05,MCK,hold,kept at mid-week check (rank 2),2.0,53.1442,Health Care,0.1663,0.1663,mid-week,1
2025-03-05,META,hold,kept at mid-week check (rank 11),11.0,28.3127,Communication Services,0.1209,0.1209,mid-week,1
2025-03-05,NFLX,hold,kept at mid-week check (rank 6),6.0,43.4008,Communication Services,0.1077,0.1077,mid-week,1
2025-03-05,U,hold,kept at mid-week check (rank 4),4.0,47.3613,Technology,0.0387,0.0387,mid-week,1
2025-03-05,ASTS,add,mid-week swap in: rank 1 is in the top 3; replaces COF (rank 22),1.0,61.0637,Communication Services,0.0,0.1285,mid-week,1
2025-03-05,COF,drop,mid-week swap out: rank 22 (below 15); replaced by ASTS (rank 1),22.0,8.0218,Financials,0.1285,0.0,mid-week,1
2025-03-05,C,hold,kept at mid-week check (rank 19),19.0,10.8035,Financials,0.1295,0.1295,mid-week,1
2025-03-10,FTNT,drop,"mid-week exit: no longer qualifies (score <= 0 or no data); sold, cash until the weekly rebalance",,-1.3086,Technology,0.0688,0.0,mid-week,0
2025-03-10,HOOD,drop,"mid-week exit: no longer qualifies (score <= 0 or no data); sold, cash until the weekly rebalance",,-1.8474,Financials,0.024,0.0,mid-week,0
2025-03-10,MCK,hold,kept at mid-week check (rank 1),1.0,63.7443,Health Care,0.0929,0.0929,mid-week,0
2025-03-10,UBER,hold,kept at mid-week check (rank 5),5.0,24.3311,Consumer Discretionary,0.0402,0.0402,mid-week,0
2025-03-10,VEEV,hold,kept at mid-week check (rank 3),3.0,43.1163,Technology,0.0499,0.0499,mid-week,0
2025-03-10,ZS,hold,kept at mid-week check (rank 15),15.0,9.7923,Technology,0.048,0.048,mid-week,0
2025-03-10,NOC,hold,kept at mid-week check (rank 4),4.0,42.6522,Industrials,0.0722,0.0722,mid-week,0
2025-03-10,LMT,hold,kept at mid-week check (rank 6),6.0,21.9799,Industrials,0.0662,0.0662,mid-week,0
2025-03-10,U,hold,kept at mid-week check (rank 16),16.0,8.6568,Technology,0.0204,0.0204,mid-week,0
2025-03-10,ASTS,hold,kept at mid-week check (rank 2),2.0,52.4503,Communication Services,0.0174,0.0174,mid-week,0
2025-03-12,DASH,add,mid-week swap in: rank 2 is in the top 3; replaces UBER (no longer qualifies),2.0,45.8285,Communication Services,0.0,0.0402,mid-week,0
2025-03-12,MCK,hold,kept at mid-week check (rank 1),1.0,57.0175,Health Care,0.0929,0.0929,mid-week,0
2025-03-12,UBER,drop,mid-week swap out: no longer qualifies (below 15); replaced by DASH (rank 2),,-8.5581,Consumer Discretionary,0.0402,0.0,mid-week,0
2025-03-12,VEEV,hold,kept at mid-week check (rank 5),5.0,29.3701,Technology,0.0499,0.0499,mid-week,0
2025-03-12,ZS,hold,kept at mid-week check (rank 9),9.0,17.2892,Technology,0.048,0.048,mid-week,0
2025-03-12,NOC,hold,kept at mid-week check (rank 6),6.0,26.0024,Industrials,0.0722,0.0722,mid-week,0
2025-03-12,LMT,hold,kept at mid-week check (rank 12),12.0,9.8413,Industrials,0.0662,0.0662,mid-week,0
2025-03-12,U,drop,mid-week swap out: rank 18 (below 15); replaced by BE (rank 3),18.0,2.6639,Technology,0.0204,0.0,mid-week,0
2025-03-12,ASTS,hold,kept at mid-week check (rank 4),4.0,34.8546,Communication Services,0.0174,0.0174,mid-week,0
2025-03-12,BE,add,mid-week swap in: rank 3 is in the top 3; replaces U (rank 18),3.0,42.0816,Industrials,0.0,0.0204,mid-week,0
2025-03-19,DASH,hold,kept at mid-week check (rank 2),2.0,48.4115,Communication Services,0.0587,0.0587,mid-week,0
2025-03-19,MCK,hold,kept at mid-week check (rank 1),1.0,61.45,Health Care,0.1089,0.1089,mid-week,0
2025-03-19,MU,hold,kept at mid-week check (rank 20),20.0,19.0073,Technology,0.0302,0.0302,mid-week,0
2025-03-19,NFLX,add,mid-week swap in: rank 3 is in the top 3; replaces SMCI (no longer qualifies),3.0,48.0622,Communication Services,0.0,0.0189,mid-week,0
2025-03-19,VEEV,hold,kept at mid-week check (rank 4),4.0,47.922,Technology,0.066,0.066,mid-week,0
2025-03-19,NOC,hold,kept at mid-week check (rank 7),7.0,40.5615,Industrials,0.0793,0.0793,mid-week,0
2025-03-19,ASTS,hold,kept at mid-week check (rank 23),23.0,12.208,Communication Services,0.0202,0.0202,mid-week,0
2025-03-19,SMCI,drop,mid-week swap out: no longer qualifies (below 15); replaced by NFLX (rank 3),,-1.9046,Technology,0.0189,0.0,mid-week,0
2025-03-19,TRGP,hold,kept at mid-week check (rank 5),5.0,47.0018,Energy,0.0654,0.0654,mid-week,0
2025-03-19,BE,hold,kept at mid-week check (rank 6),6.0,41.7841,Industrials,0.025,0.025,mid-week,0
2025-03-19,RBRK,hold,kept at mid-week check (rank 8),8.0,39.6381,Technology,0.0274,0.0274,mid-week,0
2025-04-07,DASH,hold,kept at mid-week check (rank 5),5.0,10.8371,Communication Services,0.0493,0.0493,mid-week,0
2025-04-07,HIMS,hold,kept at mid-week check (rank 6),6.0,7.8392,Health Care,0.017,0.017,mid-week,0
2025-04-07,MCK,hold,kept at mid-week check (rank 1),1.0,53.1026,Health Care,0.0958,0.0958,mid-week,0
2025-04-07,NFLX,hold,kept at mid-week check (rank 4),4.0,11.1311,Communication Services,0.0523,0.0523,mid-week,0
2025-04-07,SLB,drop,"mid-week exit: no longer qualifies (score <= 0 or no data); sold, cash until the weekly rebalance",,-21.8546,Energy,0.0555,0.0,mid-week,0
2025-04-07,UNH,hold,kept at mid-week check (rank 2),2.0,37.6761,Health Care,0.0705,0.0705,mid-week,0
2025-04-07,NOC,hold,kept at mid-week check (rank 3),3.0,14.8523,Industrials,0.0741,0.0741,mid-week,0
2025-04-07,MSTR,drop,"mid-week exit: no longer qualifies (score <= 0 or no data); sold, cash until the weekly rebalance",,-2.2695,Technology,0.0223,0.0,mid-week,0
2025-04-07,TEM,drop,"mid-week exit: no longer qualifies (score <= 0 or no data); sold, cash until the weekly rebalance",,-0.7796,Health Care,0.0162,0.0,mid-week,0
2025-04-07,TRGP,hold,kept at mid-week check (rank 7),7.0,2.7454,Energy,0.0469,0.0469,mid-week,0
2025-04-09,DASH,hold,kept at mid-week check (rank 6),6.0,35.2151,Communication Services,0.0493,0.0493,mid-week,0
2025-04-09,HIMS,hold,kept at mid-week check (rank 22),22.0,5.7328,Health Care,0.017,0.017,mid-week,0
2025-04-09,MCK,hold,kept at mid-week check (rank 2),2.0,46.6397,Health Care,0.0958,0.0958,mid-week,0
2025-04-09,NFLX,hold,kept at mid-week check (rank 8),8.0,34.5169,Communication Services,0.0523,0.0523,mid-week,0
2025-04-09,UNH,hold,kept at mid-week check (rank 5),5.0,36.8233,Health Care,0.0705,0.0705,mid-week,0
2025-04-09,NOC,hold,kept at mid-week check (rank 1),1.0,52.4225,Industrials,0.0741,0.0741,mid-week,0
2025-04-09,CVNA,add,mid-week swap in: rank 3 is in the top 3; replaces TRGP (no longer qualifies),3.0,44.2154,Consumer Discretionary,0.0,0.0469,mid-week,0
2025-04-09,TRGP,drop,mid-week swap out: no longer qualifies (below 15); replaced by CVNA (rank 3),,-13.7889,Energy,0.0469,0.0,mid-week,0
2025-04-21,DASH,hold,kept at mid-week check (rank 10),10.0,12.9556,Communication Services,0.0492,0.0492,mid-week,0
2025-04-21,HOOD,hold,kept at mid-week check (rank 8),8.0,15.4252,Financials,0.0252,0.0252,mid-week,0
2025-04-21,MCK,hold,kept at mid-week check (rank 3),3.0,61.0601,Health Care,0.1101,0.1101,mid-week,0
2025-04-21,NFLX,hold,kept at mid-week check (rank 1),1.0,70.9131,Communication Services,0.0569,0.0569,mid-week,0
2025-04-21,UBER,hold,kept at mid-week check (rank 5),5.0,28.0621,Consumer Discretionary,0.0508,0.0508,mid-week,0
2025-04-21,ZS,drop,"mid-week exit: no longer qualifies (score <= 0 or no data); sold, cash until the weekly rebalance",,-5.4334,Technology,0.0488,0.0,mid-week,0
2025-04-21,NOC,hold,kept at mid-week check (rank 2),2.0,67.9614,Industrials,0.0859,0.0859,mid-week,0
2025-04-21,CVNA,hold,kept at mid-week check (rank 11),11.0,11.9555,Consumer Discretionary,0.0254,0.0254,mid-week,0
2025-04-21,MSTR,hold,kept at mid-week check (rank 4),4.0,28.1247,Technology,0.0239,0.0239,mid-week,0
2025-04-21,RKLB,hold,kept at mid-week check (rank 9),9.0,15.032,Industrials,0.0238,0.0238,mid-week,0
2025-05-05,DASH,hold,kept at mid-week check (rank 5),5.0,54.1287,Communication Services,0.0514,0.0514,mid-week,0
2025-05-05,HIMS,hold,kept at mid-week check (rank 15),15.0,35.4857,Health Care,0.0196,0.0196,mid-week,0
2025-05-05,MCK,drop,"mid-week exit: rank 33 (worse than 30); sold, cash until the weekly rebalance",33.0,26.6021,Health Care,0.1213,0.0,mid-week,0
2025-05-05,NFLX,hold,kept at mid-week check (rank 1),1.0,57.9123,Communication Services,0.0656,0.0656,mid-week,0
2025-05-05,UBER,hold,kept at mid-week check (rank 8),8.0,46.6055,Consumer Discretionary,0.0531,0.0531,mid-week,0
2025-05-05,ZS,hold,kept at mid-week check (rank 3),3.0,55.9051,Technology,0.0532,0.0532,mid-week,0
2025-05-05,ACHR,hold,kept at mid-week check (rank 4),4.0,54.4637,Industrials,0.029,0.029,mid-week,0
2025-05-05,MSTR,hold,kept at mid-week check (rank 2),2.0,57.2705,Technology,0.0261,0.0261,mid-week,0
2025-05-05,BA,hold,kept at mid-week check (rank 7),7.0,49.781,Industrials,0.05,0.05,mid-week,0
2025-05-05,RBRK,hold,kept at mid-week check (rank 6),6.0,52.9278,Technology,0.0308,0.0308,mid-week,0
2025-05-07,DASH,drop,"mid-week exit: no longer qualifies (score <= 0 or no data); sold, cash until the weekly rebalance",,-3.1894,Communication Services,0.0514,0.0,mid-week,0
2025-05-07,HIMS,hold,kept at mid-week check (rank 21),21.0,32.7153,Health Care,0.0196,0.0196,mid-week,0
2025-05-07,NFLX,hold,kept at mid-week check (rank 1),1.0,65.0252,Communication Services,0.0656,0.0656,mid-week,0
2025-05-07,UBER,hold,kept at mid-week check (rank 7),7.0,47.6914,Consumer Discretionary,0.0531,0.0531,mid-week,0
2025-05-07,ZS,hold,kept at mid-week check (rank 2),2.0,58.9574,Technology,0.0532,0.0532,mid-week,0
2025-05-07,ACHR,hold,kept at mid-week check (rank 15),15.0,35.8429,Industrials,0.029,0.029,mid-week,0
2025-05-07,MSTR,hold,kept at mid-week check (rank 4),4.0,55.1872,Technology,0.0261,0.0261,mid-week,0
2025-05-07,BA,hold,kept at mid-week check (rank 5),5.0,50.8357,Industrials,0.05,0.05,mid-week,0
2025-05-07,RBRK,hold,kept at mid-week check (rank 3),3.0,55.9824,Technology,0.0308,0.0308,mid-week,0
2025-05-12,APP,hold,kept at mid-week check (rank 12),12.0,38.7115,Communication Services,0.0276,0.0276,mid-week,1
2025-05-12,HOOD,hold,kept at mid-week check (rank 2),2.0,55.7059,Financials,0.0325,0.0325,mid-week,1
2025-05-12,NFLX,hold,kept at mid-week check (rank 20),20.0,34.8749,Communication Services,0.079,0.079,mid-week,1
2025-05-12,UI,add,mid-week swap in: rank 3 is in the top 3; replaces ASTS (rank 25),3.0,54.9062,Technology,0.0,0.0308,mid-week,1
2025-05-12,VEEV,hold,kept at mid-week check (rank 11),11.0,39.5289,Technology,0.1009,0.1009,mid-week,1
2025-05-12,ZS,hold,kept at mid-week check (rank 6),6.0,46.7305,Technology,0.0646,0.0646,mid-week,1
2025-05-12,ACHR,hold,kept at mid-week check (rank 9),9.0,42.7761,Industrials,0.0348,0.0348,mid-week,1
2025-05-12,ASTS,drop,mid-week swap out: rank 25 (below 15); replaced by UI (rank 3),25.0,30.2584,Communication Services,0.0308,0.0,mid-week,1
2025-05-12,MSTR,hold,kept at mid-week check (rank 1),1.0,59.0983,Technology,0.0316,0.0316,mid-week,1
2025-05-12,BA,hold,kept at mid-week check (rank 4),4.0,54.6891,Industrials,0.0607,0.0607,mid-week,1
2025-05-12,RBRK,hold,kept at mid-week check (rank 5),5.0,52.6234,Technology,0.0376,0.0376,mid-week,1
2025-05-14,APP,hold,kept at mid-week check (rank 15),15.0,39.6929,Communication Services,0.0276,0.0276,mid-week,1
2025-05-14,HOOD,hold,kept at mid-week check (rank 2),2.0,57.8158,Financials,0.0325,0.0325,mid-week,1
2025-05-14,NFLX,hold,kept at mid-week check (rank 9),9.0,47.0266,Communication Services,0.079,0.079,mid-week,1
2025-05-14,UI,hold,kept at mid-week check (rank 10),10.0,46.6926,Technology,0.0308,0.0308,mid-week,1
2025-05-14,VEEV,drop,"mid-week exit: rank 42 (worse than 30); sold, cash until the weekly rebalance",42.0,27.3752,Technology,0.1009,0.0,mid-week,1
2025-05-14,ZS,hold,kept at mid-week check (rank 6),6.0,50.5456,Technology,0.0646,0.0646,mid-week,1
2025-05-14,ACHR,hold,kept at mid-week check (rank 1),1.0,61.4943,Industrials,0.0348,0.0348,mid-week,1
2025-05-14,MSTR,hold,kept at mid-week check (rank 5),5.0,51.7609,Technology,0.0316,0.0316,mid-week,1
2025-05-14,BA,hold,kept at mid-week check (rank 4),4.0,52.57,Industrials,0.0607,0.0607,mid-week,1
2025-05-14,RBRK,hold,kept at mid-week check (rank 3),3.0,53.5441,Technology,0.0376,0.0376,mid-week,1
2025-06-02,APP,hold,kept at mid-week check (rank 16),16.0,47.0113,Communication Services,0.0788,0.0788,mid-week,1
2025-06-02,AVGO,hold,kept at mid-week check (rank 5),5.0,56.4519,Technology,0.1289,0.1289,mid-week,1
2025-06-02,HOOD,hold,kept at mid-week check (rank 2),2.0,60.2853,Financials,0.0876,0.0876,mid-week,1
2025-06-02,ZS,hold,kept at mid-week check (rank 3),3.0,59.8488,Technology,0.1571,0.1571,mid-week,1
2025-06-02,CVNA,hold,kept at mid-week check (rank 7),7.0,53.2472,Consumer Discretionary,0.0832,0.0832,mid-week,1
2025-06-02,JOBY,drop,"mid-week exit: rank 32 (worse than 30); sold, cash until the weekly rebalance",32.0,32.0808,Industrials,0.0966,0.0,mid-week,1
2025-06-02,NVTS,hold,kept at mid-week check (rank 4),4.0,58.268,Technology,0.0237,0.0237,mid-week,1
2025-06-02,RKLB,hold,kept at mid-week check (rank 26),26.0,35.7789,Industrials,0.0938,0.0938,mid-week,1
2025-06-02,BA,hold,kept at mid-week check (rank 8),8.0,52.8384,Industrials,0.1529,0.1529,mid-week,1
2025-06-02,RBRK,hold,kept at mid-week check (rank 1),1.0,66.7373,Technology,0.0973,0.0973,mid-week,1
2025-06-09,APP,drop,mid-week swap out: rank 52 (below 15); replaced by ACHR (rank 2),52.0,18.8661,Communication Services,0.0743,0.0,mid-week,1
2025-06-09,DASH,hold,kept at mid-week check (rank 17),17.0,44.3433,Communication Services,0.1351,0.1351,mid-week,1
2025-06-09,HOOD,hold,kept at mid-week check (rank 5),5.0,51.9916,Financials,0.0785,0.0785,mid-week,1
2025-06-09,NFLX,hold,kept at mid-week check (rank 22),22.0,40.5707,Communication Services,0.1957,0.1957,mid-week,1
2025-06-09,ZS,hold,kept at mid-week check (rank 3),3.0,55.8923,Technology,0.1381,0.1381,mid-week,1
2025-06-09,ACHR,add,mid-week swap in: rank 2 is in the top 3; replaces APP (rank 52),2.0,58.5621,Industrials,0.0,0.0743,mid-week,1
2025-06-09,APLD,hold,kept at mid-week check (rank 12),12.0,47.6938,Technology,0.043,0.043,mid-week,1
2025-06-09,NVTS,hold,kept at mid-week check (rank 1),1.0,72.2386,Technology,0.0207,0.0207,mid-week,1
2025-06-09,RKLB,hold,kept at mid-week check (rank 7),7.0,51.6992,Industrials,0.0854,0.0854,mid-week,1
2025-06-09,BA,hold,kept at mid-week check (rank 10),10.0,49.6722,Industrials,0.1415,0.1415,mid-week,1
2025-06-09,RBRK,hold,kept at mid-week check (rank 14),14.0,46.4835,Technology,0.0875,0.0875,mid-week,1
2025-06-13,ACHR,drop,rank 47 outside top 10,47.0,12.2486,Industrials,0.0743,0.0,weekly,1
2025-06-18,AVAV,hold,kept at mid-week check (rank 10),10.0,50.3902,Industrials,0.1134,0.1134,mid-week,1
2025-06-18,DASH,hold,kept at mid-week check (rank 11),11.0,50.304,Communication Services,0.1069,0.1069,mid-week,1
2025-06-18,MCK,drop,mid-week swap out: rank 37 (below 15); replaced by SNOW (rank 2),37.0,31.4683,Health Care,0.2423,0.0,mid-week,1
2025-06-18,NFLX,hold,kept at mid-week check (rank 23),23.0,42.5759,Communication Services,0.1579,0.1579,mid-week,1
2025-06-18,SNOW,add,mid-week swap in: rank 2 is in the top 3; replaces MCK (rank 37),2.0,61.4145,Technology,0.0,0.2423,mid-week,1
2025-06-18,ZS,hold,kept at mid-week check (rank 8),8.0,55.41,Technology,0.1136,0.1136,mid-week,1
2025-06-18,ASTS,hold,kept at mid-week check (rank 1),1.0,65.2315,Communication Services,0.0628,0.0628,mid-week,1
2025-06-18,NVTS,hold,kept at mid-week check (rank 5),5.0,59.0088,Technology,0.016,0.016,mid-week,1
2025-06-18,TEM,drop,"mid-week exit: rank 34 (worse than 30); sold, cash until the weekly rebalance",34.0,33.1252,Health Care,0.0511,0.0,mid-week,1
2025-06-18,CRDO,hold,kept at mid-week check (rank 3),3.0,61.2672,Technology,0.0613,0.0613,mid-week,1
2025-06-18,CLS,hold,kept at mid-week check (rank 4),4.0,60.86,Technology,0.0747,0.0747,mid-week,1
2025-06-23,AVAV,hold,kept at mid-week check (rank 10),10.0,52.1458,Industrials,0.1614,0.1614,mid-week,1
2025-06-23,HIMS,drop,mid-week swap out: no longer qualifies (below 15); replaced by ZS (rank 2),,-16.0024,Health Care,0.0757,0.0,mid-week,1
2025-06-23,HOOD,hold,kept at mid-week check (rank 5),5.0,58.9927,Financials,0.1023,0.1023,mid-week,1
2025-06-23,SNOW,hold,kept at mid-week check (rank 6),6.0,57.8328,Technology,0.1509,0.1509,mid-week,1
2025-06-23,VRT,hold,kept at mid-week check (rank 30),30.0,36.9004,Industrials,0.1067,0.1067,mid-week,1
2025-06-23,ZS,add,mid-week swap in: rank 2 is in the top 3; replaces HIMS (no longer qualifies),2.0,61.6278,Technology,0.0,0.0757,mid-week,1
2025-06-23,ASTS,hold,kept at mid-week check (rank 1),1.0,62.2437,Communication Services,0.0877,0.0877,mid-week,1
2025-06-23,NVTS,hold,kept at mid-week check (rank 8),8.0,56.8029,Technology,0.023,0.023,mid-week,1
2025-06-23,RKLB,hold,kept at mid-week check (rank 3),3.0,61.3771,Industrials,0.095,0.095,mid-week,1
2025-06-23,CRDO,hold,kept at mid-week check (rank 9),9.0,54.6867,Technology,0.0885,0.0885,mid-week,1
2025-06-23,CLS,hold,kept at mid-week check (rank 4),4.0,61.3615,Technology,0.1088,0.1088,mid-week,1
2025-06-25,AVAV,hold,kept at mid-week check (rank 3),3.0,62.6493,Industrials,0.1614,0.1614,mid-week,1
2025-06-25,HOOD,hold,kept at mid-week check (rank 6),6.0,58.7579,Financials,0.1023,0.1023,mid-week,1
2025-06-25,SNOW,hold,kept at mid-week check (rank 16),16.0,50.5818,Technology,0.1509,0.1509,mid-week,1
2025-06-25,VRT,drop,"mid-week exit: rank 32 (worse than 30); sold, cash until the weekly rebalance",32.0,35.532,Industrials,0.1067,0.0,mid-week,1
2025-06-25,ZS,hold,kept at mid-week check (rank 5),5.0,60.3223,Technology,0.0757,0.0757,mid-week,1
2025-06-25,ASTS,hold,kept at mid-week check (rank 7),7.0,58.3394,Communication Services,0.0877,0.0877,mid-week,1
2025-06-25,NVTS,hold,kept at mid-week check (rank 2),2.0,64.6729,Technology,0.023,0.023,mid-week,1
2025-06-25,RKLB,hold,kept at mid-week check (rank 8),8.0,57.4207,Industrials,0.095,0.095,mid-week,1
2025-06-25,CRDO,hold,kept at mid-week check (rank 1),1.0,64.7904,Technology,0.0885,0.0885,mid-week,1
2025-06-25,CLS,hold,kept at mid-week check (rank 4),4.0,61.4809,Technology,0.1088,0.1088,mid-week,1
2025-06-30,AVAV,hold,kept at mid-week check (rank 2),2.0,63.1625,Industrials,0.0915,0.0915,mid-week,1
2025-06-30,COIN,drop,mid-week swap out: rank 25 (below 15); replaced by ORCL (rank 3),25.0,42.756,Financials,0.0714,0.0,mid-week,1
2025-06-30,DASH,hold,kept at mid-week check (rank 15),15.0,49.7376,Communication Services,0.1233,0.1233,mid-week,1
2025-06-30,NFLX,hold,kept at mid-week check (rank 16),16.0,48.4633,Communication Services,0.188,0.188,mid-week,1
2025-06-30,ORCL,add,mid-week swap in: rank 3 is in the top 3; replaces COIN (rank 25),3.0,58.5689,Technology,0.0,0.0714,mid-week,1
2025-06-30,ZS,hold,kept at mid-week check (rank 11),11.0,51.5834,Technology,0.1303,0.1303,mid-week,1
2025-06-30,ARM,hold,kept at mid-week check (rank 17),17.0,48.2281,Technology,0.0885,0.0885,mid-week,1
2025-06-30,ASTS,hold,kept at mid-week check (rank 12),12.0,50.8821,Communication Services,0.0711,0.0711,mid-week,1
2025-06-30,RKLB,hold,kept at mid-week check (rank 7),7.0,54.9415,Industrials,0.073,0.073,mid-week,1
2025-06-30,CRDO,hold,kept at mid-week check (rank 8),8.0,54.2368,Technology,0.0725,0.0725,mid-week,1
2025-06-30,CLS,hold,kept at mid-week check (rank 1),1.0,63.705,Technology,0.0904,0.0904,mid-week,1
2025-07-02,AVAV,hold,kept at mid-week check (rank 5),5.0,55.3624,Industrials,0.0915,0.0915,mid-week,1
2025-07-02,DASH,hold,kept at mid-week check (rank 13),13.0,49.8534,Communication Services,0.1233,0.1233,mid-week,1
2025-07-02,NFLX,drop,"mid-week exit: rank 40 (worse than 30); sold, cash until the weekly rebalance",40.0,34.8025,Communication Services,0.188,0.0,mid-week,1
2025-07-02,ORCL,hold,kept at mid-week check (rank 2),2.0,60.643,Technology,0.0714,0.0714,mid-week,1
2025-07-02,ZS,hold,kept at mid-week check (rank 26),26.0,40.8019,Technology,0.1303,0.1303,mid-week,1
2025-07-02,ARM,hold,kept at mid-week check (rank 22),22.0,43.5084,Technology,0.0885,0.0885,mid-week,1
2025-07-02,ASTS,hold,kept at mid-week check (rank 11),11.0,50.2077,Communication Services,0.0711,0.0711,mid-week,1
2025-07-02,RKLB,hold,kept at mid-week check (rank 3),3.0,57.2906,Industrials,0.073,0.073,mid-week,1
2025-07-02,CRDO,hold,kept at mid-week check (rank 10),10.0,50.375,Technology,0.0725,0.0725,mid-week,1
2025-07-02,CLS,hold,kept at mid-week check (rank 1),1.0,61.7696,Technology,0.0904,0.0904,mid-week,1
2025-07-16,AVAV,hold,kept at mid-week check (rank 16),16.0,52.8179,Industrials,0.0923,0.0923,mid-week,1
2025-07-16,COIN,drop,mid-week swap out: rank 21 (below 15); replaced by U (rank 3),21.0,48.6103,Financials,0.0794,0.0,mid-week,1
2025-07-16,HOOD,hold,kept at mid-week check (rank 14),14.0,53.7133,Financials,0.1059,0.1059,mid-week,1
2025-07-16,ORCL,hold,kept at mid-week check (rank 9),9.0,55.5998,Technology,0.1448,0.1448,mid-week,1
2025-07-16,SOFI,hold,kept at mid-week check (rank 19),19.0,49.3222,Financials,0.1325,0.1325,mid-week,1
2025-07-16,U,add,mid-week swap in: rank 3 is in the top 3; replaces COIN (rank 21),3.0,63.7035,Technology,0.0,0.0794,mid-week,1
2025-07-16,CIFR,hold,kept at mid-week check (rank 1),1.0,65.1171,Technology,0.0636,0.0636,mid-week,1
2025-07-16,JOBY,hold,kept at mid-week check (rank 5),5.0,59.9231,Industrials,0.0715,0.0715,mid-week,1
2025-07-16,RKLB,hold,kept at mid-week check (rank 7),7.0,59.0697,Industrials,0.0846,0.0846,mid-week,1
2025-07-16,CRDO,hold,kept at mid-week check (rank 2),2.0,63.8122,Technology,0.095,0.095,mid-week,1
2025-07-16,CLS,hold,kept at mid-week check (rank 6),6.0,59.6285,Technology,0.1304,0.1304,mid-week,1
2025-07-21,AVAV,hold,kept at mid-week check (rank 7),7.0,54.5985,Industrials,0.1032,0.1032,mid-week,1
2025-07-21,HOOD,hold,kept at mid-week check (rank 5),5.0,54.7385,Financials,0.1277,0.1277,mid-week,1
2025-07-21,ORCL,hold,kept at mid-week check (rank 8),8.0,54.0339,Technology,0.1656,0.1656,mid-week,1
2025-07-21,U,hold,kept at mid-week check (rank 2),2.0,60.4716,Technology,0.108,0.108,mid-week,1
2025-07-21,ACHR,hold,kept at mid-week check (rank 20),20.0,46.496,Industrials,0.075,0.075,mid-week,1
2025-07-21,ASTS,drop,mid-week swap out: rank 24 (below 15); replaced by NVTS (rank 3),24.0,44.1743,Communication Services,0.0877,0.0,mid-week,1
2025-07-21,CIFR,hold,kept at mid-week check (rank 1),1.0,64.0351,Technology,0.0734,0.0734,mid-week,1
2025-07-21,JOBY,hold,kept at mid-week check (rank 12),12.0,52.1416,Industrials,0.0736,0.0736,mid-week,1
2025-07-21,NVTS,add,mid-week swap in: rank 3 is in the top 3; replaces ASTS (rank 24),3.0,60.4663,Technology,0.0,0.0877,mid-week,1
2025-07-21,RKLB,hold,kept at mid-week check (rank 11),11.0,52.4326,Industrials,0.0941,0.0941,mid-week,1
2025-07-21,SMCI,hold,kept at mid-week check (rank 13),13.0,51.9177,Technology,0.0917,0.0917,mid-week,1
2025-07-23,AVAV,hold,kept at mid-week check (rank 13),13.0,54.2532,Industrials,0.1032,0.1032,mid-week,1
2025-07-23,HOOD,hold,kept at mid-week check (rank 26),26.0,38.9733,Financials,0.1277,0.1277,mid-week,1
2025-07-23,ORCL,hold,kept at mid-week check (rank 4),4.0,59.9868,Technology,0.1656,0.1656,mid-week,1
2025-07-23,U,hold,kept at mid-week check (rank 3),3.0,60.1971,Technology,0.108,0.108,mid-week,1
2025-07-23,ACHR,drop,"mid-week exit: rank 42 (worse than 30); sold, cash until the weekly rebalance",42.0,26.525,Industrials,0.075,0.0,mid-week,1
2025-07-23,CIFR,hold,kept at mid-week check (rank 2),2.0,65.2135,Technology,0.0734,0.0734,mid-week,1
2025-07-23,JOBY,hold,kept at mid-week check (rank 7),7.0,57.4802,Industrials,0.0736,0.0736,mid-week,1
2025-07-23,NVTS,hold,kept at mid-week check (rank 1),1.0,70.0018,Technology,0.0877,0.0877,mid-week,1
2025-07-23,RKLB,hold,kept at mid-week check (rank 12),12.0,55.1351,Industrials,0.0941,0.0941,mid-week,1
2025-07-23,SMCI,hold,kept at mid-week check (rank 11),11.0,55.1808,Technology,0.0917,0.0917,mid-week,1
2025-07-28,AMD,hold,kept at mid-week check (rank 4),4.0,61.1454,Technology,0.1425,0.1425,mid-week,1
2025-07-28,AVAV,drop,mid-week swap out: rank 25 (below 15); replaced by SMCI (rank 2),25.0,41.4693,Industrials,0.083,0.0,mid-week,1
2025-07-28,HOOD,hold,kept at mid-week check (rank 14),14.0,50.6101,Financials,0.1053,0.1053,mid-week,1
2025-07-28,ORCL,hold,kept at mid-week check (rank 3),3.0,63.427,Technology,0.14,0.14,mid-week,1
2025-07-28,RCL,hold,kept at mid-week check (rank 13),13.0,51.3775,Consumer Discretionary,0.1896,0.1896,mid-week,1
2025-07-28,JOBY,hold,kept at mid-week check (rank 5),5.0,60.7812,Industrials,0.0584,0.0584,mid-week,1
2025-07-28,NVTS,hold,kept at mid-week check (rank 1),1.0,68.9303,Technology,0.0162,0.0162,mid-week,1
2025-07-28,RKLB,hold,kept at mid-week check (rank 18),18.0,47.484,Industrials,0.0753,0.0753,mid-week,1
2025-07-28,SMCI,add,mid-week swap in: rank 2 is in the top 3; replaces AVAV (rank 25),2.0,64.7432,Technology,0.0,0.083,mid-week,1
2025-07-28,BE,hold,kept at mid-week check (rank 8),8.0,56.373,Industrials,0.0675,0.0675,mid-week,1
2025-07-28,CLS,hold,kept at mid-week check (rank 7),7.0,59.5837,Technology,0.1222,0.1222,mid-week,1
2025-07-30,AMD,hold,kept at mid-week check (rank 3),3.0,68.0417,Technology,0.1425,0.1425,mid-week,1
2025-07-30,HOOD,hold,kept at mid-week check (rank 14),14.0,48.292,Financials,0.1053,0.1053,mid-week,1
2025-07-30,ORCL,hold,kept at mid-week check (rank 6),6.0,63.3876,Technology,0.14,0.14,mid-week,1
2025-07-30,RCL,drop,mid-week swap out: rank 45 (below 15); replaced by CRDO (rank 1),45.0,21.9735,Consumer Discretionary,0.1896,0.0,mid-week,1
2025-07-30,JOBY,hold,kept at mid-week check (rank 17),17.0,45.0077,Industrials,0.0584,0.0584,mid-week,1
2025-07-30,NVTS,hold,kept at mid-week check (rank 9),9.0,58.0437,Technology,0.0162,0.0162,mid-week,1
2025-07-30,RKLB,hold,kept at mid-week check (rank 15),15.0,47.275,Industrials,0.0753,0.0753,mid-week,1
2025-07-30,SMCI,hold,kept at mid-week check (rank 5),5.0,65.4353,Technology,0.083,0.083,mid-week,1
2025-07-30,BE,hold,kept at mid-week check (rank 11),11.0,55.6874,Industrials,0.0675,0.0675,mid-week,1
2025-07-30,CRDO,add,mid-week swap in: rank 1 is in the top 3; replaces RCL (rank 45),1.0,69.6793,Technology,0.0,0.1896,mid-week,1
2025-07-30,CLS,hold,kept at mid-week check (rank 2),2.0,69.4666,Technology,0.1222,0.1222,mid-week,1
2025-08-04,AMD,hold,kept at mid-week check (rank 8),8.0,63.5027,Technology,0.1831,0.1831,mid-week,1
2025-08-04,VRT,hold,kept at mid-week check (rank 29),29.0,36.248,Industrials,0.1813,0.1813,mid-week,1
2025-08-04,ALAB,hold,kept at mid-week check (rank 2),2.0,67.3557,Technology,0.0994,0.0994,mid-week,1
2025-08-04,APLD,hold,kept at mid-week check (rank 1),1.0,73.1551,Technology,0.05,0.05,mid-week,1
2025-08-04,ASTS,drop,"mid-week exit: rank 38 (worse than 30); sold, cash until the weekly rebalance",38.0,29.7948,Communication Services,0.0958,0.0,mid-week,1
2025-08-04,JOBY,hold,kept at mid-week check (rank 6),6.0,65.9258,Industrials,0.0769,0.0769,mid-week,1
2025-08-04,NVTS,hold,kept at mid-week check (rank 3),3.0,66.9879,Technology,0.0213,0.0213,mid-week,1
2025-08-04,RKLB,hold,kept at mid-week check (rank 22),22.0,42.1058,Industrials,0.0973,0.0973,mid-week,1
2025-08-04,SMCI,hold,kept at mid-week check (rank 7),7.0,64.1819,Technology,0.1037,0.1037,mid-week,1
2025-08-04,BE,hold,kept at mid-week check (rank 14),14.0,48.1047,Industrials,0.0911,0.0911,mid-week,1
2025-08-06,AMD,hold,kept at mid-week check (rank 14),14.0,46.2099,Technology,0.1831,0.1831,mid-week,1
2025-08-06,VRT,drop,"mid-week exit: rank 31 (worse than 30); sold, cash until the weekly rebalance",31.0,35.4593,Industrials,0.1813,0.0,mid-week,1
2025-08-06,ALAB,hold,kept at mid-week check (rank 2),2.0,69.8896,Technology,0.0994,0.0994,mid-week,1
2025-08-06,APLD,hold,kept at mid-week check (rank 1),1.0,70.5415,Technology,0.05,0.05,mid-week,1
2025-08-06,JOBY,hold,kept at mid-week check (rank 5),5.0,61.6355,Industrials,0.0769,0.0769,mid-week,1
2025-08-06,NVTS,drop,"mid-week exit: rank 38 (worse than 30); sold, cash until the weekly rebalance",38.0,30.0868,Technology,0.0213,0.0,mid-week,1
2025-08-06,RKLB,hold,kept at mid-week check (rank 23),23.0,40.3326,Industrials,0.0973,0.0973,mid-week,1
2025-08-06,SMCI,drop,mid-week swap out: rank 43 (below 15); replaced by CLS (rank 3),43.0,17.5687,Technology,0.1037,0.0,mid-week,1
2025-08-06,BE,hold,kept at mid-week check (rank 7),7.0,60.2317,Industrials,0.0911,0.0911,mid-week,1
2025-08-06,CLS,add,mid-week swap in: rank 3 is in the top 3; replaces SMCI (rank 43),3.0,67.1,Technology,0.0,0.1037,mid-week,1
2025-08-11,DASH,hold,kept at mid-week check (rank 20),20.0,42.6648,Communication Services,0.2072,0.2072,mid-week,1
2025-08-11,HOOD,hold,kept at mid-week check (rank 12),12.0,52.3874,Financials,0.1181,0.1181,mid-week,1
2025-08-11,ALAB,hold,kept at mid-week check (rank 2),2.0,70.4155,Technology,0.0676,0.0676,mid-week,1
2025-08-11,APLD,add,mid-week swap in: rank 3 is in the top 3; replaces JOBY (rank 24),3.0,67.481,Technology,0.0,0.0598,mid-week,1
2025-08-11,JOBY,drop,mid-week swap out: rank 24 (below 15); replaced by APLD (rank 3),24.0,41.4136,Industrials,0.0598,0.0,mid-week,1
2025-08-11,RKLB,hold,kept at mid-week check (rank 15),15.0,47.0333,Industrials,0.0827,0.0827,mid-week,1
2025-08-11,SHOP,hold,kept at mid-week check (rank 19),19.0,42.8517,Consumer Discretionary,0.0991,0.0991,mid-week,1
2025-08-11,BE,hold,kept at mid-week check (rank 10),10.0,53.5156,Industrials,0.076,0.076,mid-week,1
2025-08-11,CRDO,hold,kept at mid-week check (rank 5),5.0,65.7432,Technology,0.1009,0.1009,mid-week,1
2025-08-11,NBIS,hold,kept at mid-week check (rank 1),1.0,71.3726,Technology,0.0713,0.0713,mid-week,1
2025-08-11,CLS,hold,kept at mid-week check (rank 4),4.0,66.1689,Technology,0.1173,0.1173,mid-week,1
2025-08-13,DASH,hold,kept at mid-week check (rank 25),25.0,38.1666,Communication Services,0.2072,0.2072,mid-week,1
2025-08-13,HOOD,hold,kept at mid-week check (rank 30),30.0,35.7989,Financials,0.1181,0.1181,mid-week,1
2025-08-13,U,add,mid-week swap in: rank 3 is in the top 3; replaces RKLB (rank 45),3.0,65.8499,Technology,0.0,0.0827,mid-week,1
2025-08-13,ALAB,hold,kept at mid-week check (rank 1),1.0,72.1962,Technology,0.0676,0.0676,mid-week,1
2025-08-13,APLD,hold,kept at mid-week check (rank 2),2.0,71.4654,Technology,0.0598,0.0598,mid-week,1
2025-08-13,RKLB,drop,mid-week swap out: rank 45 (below 15); replaced by U (rank 3),45.0,21.2459,Industrials,0.0827,0.0,mid-week,1
2025-08-13,SHOP,hold,kept at mid-week check (rank 13),13.0,53.0705,Consumer Discretionary,0.0991,0.0991,mid-week,1
2025-08-13,BE,hold,kept at mid-week check (rank 9),9.0,57.4605,Industrials,0.076,0.076,mid-week,1
2025-08-13,CRDO,hold,kept at mid-week check (rank 5),5.0,63.3196,Technology,0.1009,0.1009,mid-week,1
2025-08-13,NBIS,hold,kept at mid-week check (rank 6),6.0,61.6493,Technology,0.0713,0.0713,mid-week,1
2025-08-13,CLS,hold,kept at mid-week check (rank 7),7.0,61.0958,Technology,0.1173,0.1173,mid-week,1
2025-08-18,AMD,hold,kept at mid-week check (rank 6),6.0,57.9928,Technology,0.114,0.114,mid-week,1
2025-08-18,GOOGL,hold,kept at mid-week check (rank 16),16.0,47.5771,Communication Services,0.2213,0.2213,mid-week,1
2025-08-18,IREN,hold,kept at mid-week check (rank 23),23.0,42.5309,Energy,0.0746,0.0746,mid-week,1
2025-08-18,META,drop,mid-week swap out: rank 28 (below 15); replaced by APLD (rank 2),28.0,35.6731,Communication Services,0.1558,0.0,mid-week,1
2025-08-18,SOFI,hold,kept at mid-week check (rank 22),22.0,43.7968,Financials,0.112,0.112,mid-week,1
2025-08-18,U,hold,kept at mid-week check (rank 4),4.0,60.8722,Technology,0.0706,0.0706,mid-week,1
2025-08-18,ALAB,hold,kept at mid-week check (rank 3),3.0,60.9367,Technology,0.0549,0.0549,mid-week,1
2025-08-18,APLD,add,mid-week swap in: rank 2 is in the top 3; replaces META (rank 28),2.0,67.4362,Technology,0.0,0.1558,mid-week,1
2025-08-18,RDDT,hold,kept at mid-week check (rank 13),13.0,51.8753,Communication Services,0.0789,0.0789,mid-week,1
2025-08-18,BE,hold,kept at mid-week check (rank 9),9.0,56.7861,Industrials,0.0592,0.0592,mid-week,1
2025-08-18,NBIS,hold,kept at mid-week check (rank 1),1.0,67.7158,Technology,0.0587,0.0587,mid-week,1
2025-08-27,IREN,hold,kept at mid-week check (rank 8),8.0,58.1753,Energy,0.0896,0.0896,mid-week,1
2025-08-27,SOFI,hold,kept at mid-week check (rank 19),19.0,45.4302,Financials,0.1369,0.1369,mid-week,1
2025-08-27,U,hold,kept at mid-week check (rank 6),6.0,59.9345,Technology,0.0919,0.0919,mid-week,1
2025-08-27,ALAB,hold,kept at mid-week check (rank 7),7.0,58.3516,Technology,0.0695,0.0695,mid-week,1
2025-08-27,APLD,hold,kept at mid-week check (rank 1),1.0,64.0331,Technology,0.0431,0.0431,mid-week,1
2025-08-27,CIFR,add,mid-week swap in: rank 2 is in the top 3; replaces SHOP (rank 31),2.0,63.3614,Technology,0.0,0.1092,mid-week,1
2025-08-27,RDDT,hold,kept at mid-week check (rank 20),20.0,44.1599,Communication Services,0.1047,0.1047,mid-week,1
2025-08-27,SHOP,drop,mid-week swap out: rank 31 (below 15); replaced by CIFR (rank 2),31.0,36.1141,Consumer Discretionary,0.1092,0.0,mid-week,1
2025-08-27,BE,hold,kept at mid-week check (rank 4),4.0,60.5406,Industrials,0.0749,0.0749,mid-week,1
2025-08-27,URI,hold,kept at mid-week check (rank 18),18.0,46.2956,Industrials,0.206,0.206,mid-week,1
2025-08-27,NBIS,hold,kept at mid-week check (rank 3),3.0,63.0542,Technology,0.0741,0.0741,mid-week,1
2025-09-08,APP,hold,kept at mid-week check (rank 9),9.0,56.145,Communication Services,0.1023,0.1023,mid-week,1
2025-09-08,GOOGL,drop,mid-week swap out: rank 17 (below 15); replaced by CIFR (rank 2),17.0,50.2078,Communication Services,0.2067,0.0,mid-week,1
2025-09-08,IREN,hold,kept at mid-week check (rank 10),10.0,56.1029,Energy,0.0727,0.0727,mid-week,1
2025-09-08,SOFI,hold,kept at mid-week check (rank 12),12.0,52.3643,Financials,0.1161,0.1161,mid-week,1
2025-09-08,U,hold,kept at mid-week check (rank 7),7.0,60.5864,Technology,0.0911,0.0911,mid-week,1
2025-09-08,ALAB,hold,kept at mid-week check (rank 1),1.0,64.6676,Technology,0.0617,0.0617,mid-week,1
2025-09-08,CIFR,add,mid-week swap in: rank 2 is in the top 3; replaces GOOGL (rank 17),2.0,64.5859,Technology,0.0,0.2067,mid-week,1
2025-09-08,RDDT,hold,kept at mid-week check (rank 13),13.0,52.1756,Communication Services,0.0936,0.0936,mid-week,1
2025-09-08,BE,hold,kept at mid-week check (rank 15),15.0,50.5513,Industrials,0.0685,0.0685,mid-week,1
2025-09-08,CRDO,hold,kept at mid-week check (rank 3),3.0,64.045,Technology,0.0914,0.0914,mid-week,1
2025-09-08,CLS,hold,kept at mid-week check (rank 4),4.0,63.4087,Technology,0.0958,0.0958,mid-week,1
2025-09-15,APP,hold,kept at mid-week check (rank 1),1.0,67.9786,Communication Services,0.0987,0.0987,mid-week,1
2025-09-15,GOOGL,hold,kept at mid-week check (rank 13),13.0,59.7083,Communication Services,0.2097,0.2097,mid-week,1
2025-09-15,IREN,hold,kept at mid-week check (rank 16),16.0,53.2721,Energy,0.068,0.068,mid-week,1
2025-09-15,SOFI,hold,kept at mid-week check (rank 20),20.0,50.0188,Financials,0.1175,0.1175,mid-week,1
2025-09-15,TSLA,drop,mid-week swap out: rank 22 (below 15); replaced by ALAB (rank 3),22.0,46.8222,Consumer Discretionary,0.1182,0.0,mid-week,1
2025-09-15,ALAB,add,mid-week swap in: rank 3 is in the top 3; replaces TSLA (rank 22),3.0,65.1571,Technology,0.0,0.1182,mid-week,1
2025-09-15,APLD,hold,kept at mid-week check (rank 8),8.0,62.5915,Technology,0.0554,0.0554,mid-week,1
2025-09-15,CIFR,hold,kept at mid-week check (rank 2),2.0,67.1335,Technology,0.0572,0.0572,mid-week,1
2025-09-15,RDDT,hold,kept at mid-week check (rank 11),11.0,60.1975,Communication Services,0.0921,0.0921,mid-week,1
2025-09-15,CRDO,hold,kept at mid-week check (rank 4),4.0,65.0391,Technology,0.0886,0.0886,mid-week,1
2025-09-15,CLS,hold,kept at mid-week check (rank 6),6.0,63.4369,Technology,0.0946,0.0946,mid-week,1
2025-09-22,APP,hold,kept at mid-week check (rank 14),14.0,56.8157,Communication Services,0.1201,0.1201,mid-week,1
2025-09-22,GOOGL,hold,kept at mid-week check (rank 27),27.0,40.8807,Communication Services,0.2462,0.2462,mid-week,1
2025-09-22,IREN,hold,kept at mid-week check (rank 18),18.0,50.9191,Energy,0.0779,0.0779,mid-week,1
2025-09-22,APLD,hold,kept at mid-week check (rank 3),3.0,70.3375,Technology,0.0658,0.0658,mid-week,1
2025-09-22,CIFR,hold,kept at mid-week check (rank 2),2.0,73.0793,Technology,0.0658,0.0658,mid-week,1
2025-09-22,IONQ,hold,kept at mid-week check (rank 4),4.0,70.212,Technology,0.0848,0.0848,mid-week,1
2025-09-22,RDDT,drop,"mid-week exit: rank 37 (worse than 30); sold, cash until the weekly rebalance",37.0,34.6009,Communication Services,0.1087,0.0,mid-week,1
2025-09-22,BE,hold,kept at mid-week check (rank 17),17.0,54.5057,Industrials,0.0734,0.0734,mid-week,1
2025-09-22,CRDO,hold,kept at mid-week check (rank 7),7.0,65.1985,Technology,0.1046,0.1046,mid-week,1
2025-09-22,NBIS,hold,kept at mid-week check (rank 1),1.0,73.1864,Technology,0.0528,0.0528,mid-week,1
2025-09-24,APP,hold,kept at mid-week check (rank 10),10.0,54.2067,Communication Services,0.1201,0.1201,mid-week,1
2025-09-24,GOOGL,drop,"mid-week exit: rank 38 (worse than 30); sold, cash until the weekly rebalance",38.0,29.5486,Communication Services,0.2462,0.0,mid-week,1
2025-09-24,IREN,hold,kept at mid-week check (rank 11),11.0,53.4355,Energy,0.0779,0.0779,mid-week,1
2025-09-24,APLD,hold,kept at mid-week check (rank 5),5.0,64.4422,Technology,0.0658,0.0658,mid-week,1
2025-09-24,CIFR,hold,kept at mid-week check (rank 1),1.0,73.4796,Technology,0.0658,0.0658,mid-week,1
2025-09-24,IONQ,hold,kept at mid-week check (rank 3),3.0,70.72,Technology,0.0848,0.0848,mid-week,1
2025-09-24,BE,hold,kept at mid-week check (rank 25),25.0,39.7073,Industrials,0.0734,0.0734,mid-week,1
2025-09-24,CRDO,hold,kept at mid-week check (rank 20),20.0,46.4791,Technology,0.1046,0.1046,mid-week,1
2025-09-24,NBIS,hold,kept at mid-week check (rank 2),2.0,72.008,Technology,0.0528,0.0528,mid-week,1
2025-10-01,APP,hold,kept at mid-week check (rank 13),13.0,52.1463,Communication Services,0.1317,0.1317,mid-week,1
2025-10-01,IREN,drop,mid-week swap out: rank 19 (below 15); replaced by MU (rank 3),19.0,48.278,Energy,0.0794,0.0,mid-week,1
2025-10-01,MU,add,mid-week swap in: rank 3 is in the top 3; replaces IREN (rank 19),3.0,68.5017,Technology,0.0,0.0794,mid-week,1
2025-10-01,TSLA,hold,kept at mid-week check (rank 18),18.0,48.359,Consumer Discretionary,0.1488,0.1488,mid-week,1
2025-10-01,UI,hold,kept at mid-week check (rank 6),6.0,64.1241,Technology,0.0931,0.0931,mid-week,1
2025-10-01,APLD,hold,kept at mid-week check (rank 2),2.0,73.8137,Technology,0.0667,0.0667,mid-week,1
2025-10-01,CIFR,hold,kept at mid-week check (rank 9),9.0,62.3765,Technology,0.0658,0.0658,mid-week,1
2025-10-01,IONQ,hold,kept at mid-week check (rank 10),10.0,57.616,Technology,0.0919,0.0919,mid-week,1
2025-10-01,NBIS,hold,kept at mid-week check (rank 1),1.0,74.4453,Technology,0.0569,0.0569,mid-week,1
2025-10-01,LITE,hold,kept at mid-week check (rank 4),4.0,67.5039,Technology,0.1504,0.1504,mid-week,1
2025-10-01,CLS,hold,kept at mid-week check (rank 7),7.0,62.4894,Technology,0.1152,0.1152,mid-week,1
2025-11-03,AMD,hold,kept at mid-week check (rank 5),5.0,66.3585,Technology,0.0996,0.0996,mid-week,1
2025-11-03,LRCX,hold,kept at mid-week check (rank 8),8.0,61.5402,Technology,0.1586,0.1586,mid-week,1
2025-11-03,UI,hold,kept at mid-week check (rank 7),7.0,64.6696,Technology,0.0907,0.0907,mid-week,1
2025-11-03,APLD,hold,kept at mid-week check (rank 10),10.0,57.9769,Technology,0.0796,0.0796,mid-week,1
2025-11-03,CIFR,add,mid-week swap in: rank 3 is in the top 3; replaces SHOP (rank 27),3.0,67.3073,Technology,0.0,0.1195,mid-week,1
2025-11-03,NVTS,hold,kept at mid-week check (rank 9),9.0,59.0141,Technology,0.0596,0.0596,mid-week,1
2025-11-03,SHOP,drop,mid-week swap out: rank 27 (below 15); replaced by CIFR (rank 3),27.0,36.742,Consumer Discretionary,0.1195,0.0,mid-week,1
2025-11-03,BE,hold,kept at mid-week check (rank 13),13.0,54.1255,Industrials,0.0688,0.0688,mid-week,1
2025-11-03,CRDO,hold,kept at mid-week check (rank 2),2.0,69.3195,Technology,0.0874,0.0874,mid-week,1
2025-11-03,LITE,hold,kept at mid-week check (rank 6),6.0,66.1611,Technology,0.1197,0.1197,mid-week,1
2025-11-03,CLS,hold,kept at mid-week check (rank 1),1.0,73.9317,Technology,0.1165,0.1165,mid-week,1
2025-11-05,AMD,hold,kept at mid-week check (rank 6),6.0,63.1848,Technology,0.0996,0.0996,mid-week,1
2025-11-05,LRCX,hold,kept at mid-week check (rank 7),7.0,62.5332,Technology,0.1586,0.1586,mid-week,1
2025-11-05,MU,add,mid-week swap in: rank 1 is in the top 3; replaces NVTS (rank 18),1.0,73.4643,Technology,0.0,0.0596,mid-week,1
2025-11-05,UI,hold,kept at mid-week check (rank 5),5.0,64.5352,Technology,0.0907,0.0907,mid-week,1
2025-11-05,APLD,hold,kept at mid-week check (rank 10),10.0,59.4189,Technology,0.0796,0.0796,mid-week,1
2025-11-05,CIFR,hold,kept at mid-week check (rank 2),2.0,71.8988,Technology,0.1195,0.1195,mid-week,1
2025-11-05,NVTS,drop,mid-week swap out: rank 18 (below 15); replaced by MU (rank 1),18.0,44.9414,Technology,0.0596,0.0,mid-week,1
2025-11-05,BE,hold,kept at mid-week check (rank 12),12.0,56.5928,Industrials,0.0688,0.0688,mid-week,1
2025-11-05,CRDO,hold,kept at mid-week check (rank 4),4.0,68.8865,Technology,0.0874,0.0874,mid-week,1
2025-11-05,LITE,hold,kept at mid-week check (rank 8),8.0,61.8109,Technology,0.1197,0.1197,mid-week,1
2025-11-05,CLS,hold,kept at mid-week check (rank 3),3.0,70.8517,Technology,0.1165,0.1165,mid-week,1
2025-11-12,BIIB,hold,kept at mid-week check (rank 7),7.0,57.5607,Health Care,0.131,0.131,mid-week,1
2025-11-12,GOOGL,hold,kept at mid-week check (rank 14),14.0,43.4448,Communication Services,0.156,0.156,mid-week,1
2025-11-12,HAL,drop,mid-week swap out: rank 17 (below 15); replaced by LRCX (rank 2),17.0,39.384,Energy,0.1109,0.0,mid-week,1
2025-11-12,LRCX,add,mid-week swap in: rank 2 is in the top 3; replaces HAL (rank 17),2.0,64.2013,Technology,0.0,0.1109,mid-week,1
2025-11-12,MCK,hold,kept at mid-week check (rank 13),13.0,43.4589,Health Care,0.1829,0.1829,mid-week,1
2025-11-12,MU,hold,kept at mid-week check (rank 1),1.0,68.4034,Technology,0.0847,0.0847,mid-week,1
2025-11-12,REGN,hold,kept at mid-week check (rank 8),8.0,56.2353,Health Care,0.1205,0.1205,mid-week,1
2025-11-12,MDB,hold,kept at mid-week check (rank 3),3.0,64.1968,Technology,0.0547,0.0547,mid-week,1
2025-11-12,BE,hold,kept at mid-week check (rank 15),15.0,41.4948,Industrials,0.0433,0.0433,mid-week,1
2025-11-12,CRDO,hold,kept at mid-week check (rank 9),9.0,53.2084,Technology,0.0549,0.0549,mid-week,1
2025-11-12,LITE,hold,kept at mid-week check (rank 4),4.0,63.4746,Technology,0.0613,0.0613,mid-week,1
2025-11-14,LRCX,drop,rank 20 outside top 10,20.0,36.0466,Technology,0.1109,0.0,weekly,1
2025-12-03,AVGO,hold,kept at mid-week check (rank 9),9.0,52.3711,Technology,0.0775,0.0775,mid-week,1
2025-12-03,BIIB,hold,kept at mid-week check (rank 2),2.0,63.2926,Health Care,0.1163,0.1163,mid-week,1
2025-12-03,GOOGL,hold,kept at mid-week check (rank 8),8.0,52.6218,Communication Services,0.1168,0.1168,mid-week,1
2025-12-03,MCK,drop,"mid-week exit: rank 45 (worse than 30); sold, cash until the weekly rebalance",45.0,8.6229,Health Care,0.167,0.0,mid-week,1
2025-12-03,MRK,hold,kept at mid-week check (rank 3),3.0,61.6082,Health Care,0.1243,0.1243,mid-week,1
2025-12-03,MU,hold,kept at mid-week check (rank 11),11.0,51.1451,Technology,0.0634,0.0634,mid-week,1
2025-12-03,REGN,hold,kept at mid-week check (rank 12),12.0,49.9947,Health Care,0.101,0.101,mid-week,1
2025-12-03,CIFR,hold,kept at mid-week check (rank 16),16.0,44.8403,Technology,0.0298,0.0298,mid-week,1
2025-12-03,PH,hold,kept at mid-week check (rank 15),15.0,45.2547,Industrials,0.1611,0.1611,mid-week,1
2025-12-03,LITE,hold,kept at mid-week check (rank 1),1.0,63.4099,Technology,0.0429,0.0429,mid-week,1
2025-12-10,APP,hold,kept at mid-week check (rank 18),18.0,44.9099,Communication Services,0.0745,0.0745,mid-week,1
2025-12-10,BIIB,hold,kept at mid-week check (rank 16),16.0,44.9663,Health Care,0.134,0.134,mid-week,1
2025-12-10,GOOGL,hold,kept at mid-week check (rank 9),9.0,53.4984,Communication Services,0.149,0.149,mid-week,1
2025-12-10,MRVL,hold,kept at mid-week check (rank 24),24.0,40.7293,Technology,0.0832,0.0832,mid-week,1
2025-12-10,MU,add,mid-week swap in: rank 3 is in the top 3; replaces CRDO (rank 38),3.0,61.3899,Technology,0.0,0.0494,mid-week,1
2025-12-10,REGN,hold,kept at mid-week check (rank 15),15.0,45.0674,Health Care,0.1104,0.1104,mid-week,1
2025-12-10,MDB,hold,kept at mid-week check (rank 2),2.0,62.4228,Technology,0.0805,0.0805,mid-week,1
2025-12-10,APA,hold,kept at mid-week check (rank 20),20.0,43.5745,Energy,0.0928,0.0928,mid-week,1
2025-12-10,PH,hold,kept at mid-week check (rank 12),12.0,45.9759,Industrials,0.1792,0.1792,mid-week,1
2025-12-10,CRDO,drop,mid-week swap out: rank 38 (below 15); replaced by MU (rank 3),38.0,18.6894,Technology,0.0494,0.0,mid-week,1
2025-12-10,LITE,hold,kept at mid-week check (rank 1),1.0,69.1092,Technology,0.047,0.047,mid-week,1
2025-12-15,APP,hold,kept at mid-week check (rank 9),9.0,47.852,Communication Services,0.0834,0.0834,mid-week,1
2025-12-15,LRCX,add,mid-week swap in: rank 2 is in the top 3; replaces ASTS (rank 24),2.0,57.8756,Technology,0.0,0.0485,mid-week,1
2025-12-15,MRK,hold,kept at mid-week check (rank 5),5.0,54.9286,Health Care,0.159,0.159,mid-week,1
2025-12-15,MU,hold,kept at mid-week check (rank 15),15.0,38.8101,Technology,0.0809,0.0809,mid-week,1
2025-12-15,REGN,hold,kept at mid-week check (rank 1),1.0,59.1216,Health Care,0.1246,0.1246,mid-week,1
2025-12-15,MDB,hold,kept at mid-week check (rank 3),3.0,57.6625,Technology,0.0931,0.0931,mid-week,1
2025-12-15,U,hold,kept at mid-week check (rank 10),10.0,45.6439,Technology,0.0742,0.0742,mid-week,1
2025-12-15,ASTS,drop,mid-week swap out: rank 24 (below 15); replaced by LRCX (rank 2),24.0,27.996,Communication Services,0.0485,0.0,mid-week,1
2025-12-15,RKLB,hold,kept at mid-week check (rank 12),12.0,43.0773,Industrials,0.0627,0.0627,mid-week,1
2025-12-15,C,hold,kept at mid-week check (rank 7),7.0,49.4125,Financials,0.2207,0.2207,mid-week,1
2025-12-15,LITE,hold,kept at mid-week check (rank 4),4.0,55.2225,Technology,0.0529,0.0529,mid-week,1
2025-12-17,APP,hold,kept at mid-week check (rank 11),11.0,46.7145,Communication Services,0.0834,0.0834,mid-week,1
2025-12-17,LRCX,hold,kept at mid-week check (rank 16),16.0,33.889,Technology,0.0485,0.0485,mid-week,1
2025-12-17,MRK,hold,kept at mid-week check (rank 4),4.0,52.9392,Health Care,0.159,0.159,mid-week,1
2025-12-17,MU,drop,mid-week swap out: rank 31 (below 15); replaced by TWLO (rank 3),31.0,14.4247,Technology,0.0809,0.0,mid-week,1
2025-12-17,REGN,hold,kept at mid-week check (rank 1),1.0,64.9229,Health Care,0.1246,0.1246,mid-week,1
2025-12-17,MDB,hold,kept at mid-week check (rank 2),2.0,56.3308,Technology,0.0931,0.0931,mid-week,1
2025-12-17,U,hold,kept at mid-week check (rank 14),14.0,36.9715,Technology,0.0742,0.0742,mid-week,1
2025-12-17,TWLO,add,mid-week swap in: rank 3 is in the top 3; replaces MU (rank 31),3.0,53.8022,Technology,0.0,0.0809,mid-week,1
2025-12-17,RKLB,hold,kept at mid-week check (rank 19),19.0,31.0713,Industrials,0.0627,0.0627,mid-week,1
2025-12-17,C,hold,kept at mid-week check (rank 8),8.0,50.0928,Financials,0.2207,0.2207,mid-week,1
2025-12-17,LITE,hold,kept at mid-week check (rank 5),5.0,51.5969,Technology,0.0529,0.0529,mid-week,1
2025-12-31,LRCX,hold,kept at mid-week check (rank 4),4.0,52.3163,Technology,0.0811,0.0811,mid-week,1
2025-12-31,MRK,hold,kept at mid-week check (rank 7),7.0,50.1011,Health Care,0.126,0.126,mid-week,1
2025-12-31,MU,hold,kept at mid-week check (rank 1),1.0,65.3139,Technology,0.0613,0.0613,mid-week,1
2025-12-31,REGN,hold,kept at mid-week check (rank 10),10.0,45.6846,Health Care,0.1051,0.1051,mid-week,1
2025-12-31,MDB,hold,kept at mid-week check (rank 9),9.0,48.0914,Technology,0.0748,0.0748,mid-week,1
2025-12-31,TWLO,add,mid-week swap in: rank 3 is in the top 3; replaces SHOP (rank 34),3.0,53.4436,Technology,0.0,0.0859,mid-week,1
2025-12-31,SHOP,drop,mid-week swap out: rank 34 (below 15); replaced by TWLO (rank 3),34.0,10.4357,Consumer Discretionary,0.0859,0.0,mid-week,1
2025-12-31,COF,hold,kept at mid-week check (rank 12),12.0,39.4136,Financials,0.1442,0.1442,mid-week,1
2025-12-31,C,hold,kept at mid-week check (rank 5),5.0,51.8962,Financials,0.1685,0.1685,mid-week,1
2025-12-31,FCX,hold,kept at mid-week check (rank 6),6.0,50.6501,Materials,0.1111,0.1111,mid-week,1
2025-12-31,LITE,hold,kept at mid-week check (rank 2),2.0,56.3889,Technology,0.042,0.042,mid-week,1
2026-01-02,TWLO,drop,rank 21 outside top 10,21.0,34.9067,Technology,0.0859,0.0,weekly,1
2026-01-07,BIIB,add,mid-week swap in: rank 3 is in the top 3; replaces HAL (rank 25),3.0,66.0123,Health Care,0.0,0.1144,mid-week,1
2026-01-07,HAL,drop,mid-week swap out: rank 25 (below 15); replaced by BIIB (rank 3),25.0,37.4294,Energy,0.1144,0.0,mid-week,1
2026-01-07,LRCX,hold,kept at mid-week check (rank 7),7.0,59.4574,Technology,0.0866,0.0866,mid-week,1
2026-01-07,MRK,hold,kept at mid-week check (rank 4),4.0,63.2396,Health Care,0.1678,0.1678,mid-week,1
2026-01-07,MU,hold,kept at mid-week check (rank 6),6.0,60.6103,Technology,0.0654,0.0654,mid-week,1
2026-01-07,REGN,hold,kept at mid-week check (rank 1),1.0,68.6748,Health Care,0.1199,0.1199,mid-week,1
2026-01-07,ASTS,hold,kept at mid-week check (rank 13),13.0,52.5111,Communication Services,0.0401,0.0401,mid-week,1
2026-01-07,RKLB,hold,kept at mid-week check (rank 2),2.0,67.3643,Industrials,0.049,0.049,mid-week,1
2026-01-07,C,hold,kept at mid-week check (rank 8),8.0,58.4733,Financials,0.1875,0.1875,mid-week,1
2026-01-07,FCX,hold,kept at mid-week check (rank 5),5.0,61.4001,Materials,0.1241,0.1241,mid-week,1
2026-01-07,LITE,hold,kept at mid-week check (rank 11),11.0,53.4722,Technology,0.0452,0.0452,mid-week,1
2026-01-14,BIIB,drop,mid-week swap out: rank 42 (below 15); replaced by SLB (rank 2),42.0,17.915,Health Care,0.1829,0.0,mid-week,1
2026-01-14,GOOGL,hold,kept at mid-week check (rank 15),15.0,45.7398,Communication Services,0.1601,0.1601,mid-week,1
2026-01-14,HAL,hold,kept at mid-week check (rank 1),1.0,73.7985,Energy,0.1093,0.1093,mid-week,1
2026-01-14,MRK,hold,kept at mid-week check (rank 3),3.0,68.1221,Health Care,0.1801,0.1801,mid-week,1
2026-01-14,MU,hold,kept at mid-week check (rank 6),6.0,61.1451,Technology,0.0673,0.0673,mid-week,1
2026-01-14,REGN,hold,kept at mid-week check (rank 24),24.0,40.7591,Health Care,0.1273,0.1273,mid-week,1
2026-01-14,SLB,add,mid-week swap in: rank 2 is in the top 3; replaces BIIB (rank 42),2.0,72.531,Energy,0.0,0.1829,mid-week,1
2026-01-14,APLD,hold,kept at mid-week check (rank 11),11.0,52.4896,Technology,0.0421,0.0421,mid-week,1
2026-01-14,ASTS,hold,kept at mid-week check (rank 26),26.0,38.8359,Communication Services,0.0415,0.0415,mid-week,1
2026-01-14,RKLB,hold,kept at mid-week check (rank 5),5.0,61.8515,Industrials,0.0523,0.0523,mid-week,1
2026-01-14,BE,hold,kept at mid-week check (rank 7),7.0,57.4673,Industrials,0.0372,0.0372,mid-week,1
2026-01-21,BKR,hold,kept at mid-week check (rank 11),11.0,52.4914,Energy,0.1551,0.1551,mid-week,1
2026-01-21,HAL,hold,kept at mid-week check (rank 2),2.0,71.1373,Energy,0.1179,0.1179,mid-week,1
2026-01-21,LRCX,hold,kept at mid-week check (rank 6),6.0,60.281,Technology,0.0932,0.0932,mid-week,1
2026-01-21,MRK,add,mid-week swap in: rank 3 is in the top 3; replaces APLD (rank 19),3.0,66.182,Health Care,0.0,0.0449,mid-week,1
2026-01-21,MU,hold,kept at mid-week check (rank 7),7.0,60.1672,Technology,0.0703,0.0703,mid-week,1
2026-01-21,SLB,hold,kept at mid-week check (rank 1),1.0,73.857,Energy,0.1373,0.1373,mid-week,1
2026-01-21,LMT,hold,kept at mid-week check (rank 8),8.0,58.3036,Industrials,0.1802,0.1802,mid-week,1
2026-01-21,APLD,drop,mid-week swap out: rank 19 (below 15); replaced by MRK (rank 3),19.0,44.3684,Technology,0.0449,0.0,mid-week,1
2026-01-21,RKLB,hold,kept at mid-week check (rank 9),9.0,55.6461,Industrials,0.0531,0.0531,mid-week,1
2026-01-21,APA,hold,kept at mid-week check (rank 4),4.0,64.9087,Energy,0.1066,0.1066,mid-week,1
2026-01-21,BE,hold,kept at mid-week check (rank 10),10.0,55.3227,Industrials,0.0413,0.0413,mid-week,1
2026-01-23,MRK,drop,rank 15 outside top 10,15.0,50.3342,Health Care,0.0449,0.0,weekly,1
2026-01-28,BKR,add,mid-week swap in: rank 3 is in the top 3; replaces CVNA (rank 48),3.0,65.9118,Energy,0.0,0.068,mid-week,1
2026-01-28,HAL,hold,kept at mid-week check (rank 5),5.0,64.1376,Energy,0.1256,0.1256,mid-week,1
2026-01-28,MU,hold,kept at mid-week check (rank 8),8.0,60.9289,Technology,0.0627,0.0627,mid-week,1
2026-01-28,SLB,hold,kept at mid-week check (rank 1),1.0,72.705,Energy,0.123,0.123,mid-week,1
2026-01-28,LMT,hold,kept at mid-week check (rank 13),13.0,57.0401,Industrials,0.1667,0.1667,mid-week,1
2026-01-28,APLD,hold,kept at mid-week check (rank 12),12.0,57.9041,Technology,0.041,0.041,mid-week,1
2026-01-28,CVNA,drop,mid-week swap out: rank 48 (below 15); replaced by BKR (rank 3),48.0,3.206,Consumer Discretionary,0.068,0.0,mid-week,1
2026-01-28,APA,hold,kept at mid-week check (rank 15),15.0,54.1279,Energy,0.0935,0.0935,mid-week,1
2026-01-28,TRGP,hold,kept at mid-week check (rank 10),10.0,58.4844,Energy,0.1567,0.1567,mid-week,1
2026-01-28,BE,hold,kept at mid-week check (rank 2),2.0,67.5163,Industrials,0.0378,0.0378,mid-week,1
2026-01-28,FCX,hold,kept at mid-week check (rank 4),4.0,65.6779,Materials,0.1249,0.1249,mid-week,1
2026-02-04,BKR,hold,kept at mid-week check (rank 5),5.0,67.933,Energy,0.1131,0.1131,mid-week,1
2026-02-04,GOOGL,drop,mid-week swap out: rank 18 (below 15); replaced by SLB (rank 1),18.0,50.3758,Communication Services,0.1296,0.0,mid-week,1
2026-02-04,HAL,hold,kept at mid-week check (rank 8),8.0,66.781,Energy,0.1063,0.1063,mid-week,1
2026-02-04,MRK,hold,kept at mid-week check (rank 6),6.0,67.8105,Health Care,0.1314,0.1314,mid-week,1
2026-02-04,SLB,add,mid-week swap in: rank 1 is in the top 3; replaces GOOGL (rank 18),1.0,73.9747,Energy,0.0,0.1296,mid-week,1
2026-02-04,LMT,hold,kept at mid-week check (rank 13),13.0,57.0302,Industrials,0.1282,0.1282,mid-week,1
2026-02-04,ASTS,hold,kept at mid-week check (rank 17),17.0,52.018,Communication Services,0.0298,0.0298,mid-week,1
2026-02-04,TRGP,hold,kept at mid-week check (rank 7),7.0,67.4306,Energy,0.1291,0.1291,mid-week,1
2026-02-04,DVN,hold,kept at mid-week check (rank 3),3.0,68.0188,Energy,0.1081,0.1081,mid-week,1
2026-02-04,BE,hold,kept at mid-week check (rank 12),12.0,57.4469,Industrials,0.0322,0.0322,mid-week,1
2026-02-04,FCX,hold,kept at mid-week check (rank 2),2.0,68.1332,Materials,0.0922,0.0922,mid-week,1
2026-02-09,BIIB,drop,mid-week swap out: rank 17 (below 15); replaced by BE (rank 2),17.0,54.6977,Health Care,0.0899,0.0,mid-week,1
2026-02-09,HAL,hold,kept at mid-week check (rank 7),7.0,62.7002,Energy,0.0897,0.0897,mid-week,1
2026-02-09,MRK,hold,kept at mid-week check (rank 8),8.0,60.3472,Health Care,0.1178,0.1178,mid-week,1
2026-02-09,SLB,hold,kept at mid-week check (rank 4),4.0,66.9894,Energy,0.0842,0.0842,mid-week,1
2026-02-09,NOC,hold,kept at mid-week check (rank 15),15.0,55.3145,Industrials,0.1117,0.1117,mid-week,1
2026-02-09,LMT,hold,kept at mid-week check (rank 1),1.0,69.3219,Industrials,0.1071,0.1071,mid-week,1
2026-02-09,TRGP,hold,kept at mid-week check (rank 5),5.0,63.6438,Energy,0.1176,0.1176,mid-week,1
2026-02-09,DVN,drop,mid-week swap out: rank 16 (below 15); replaced by FCX (rank 3),16.0,54.9306,Energy,0.0895,0.0,mid-week,1
2026-02-09,BE,add,mid-week swap in: rank 2 is in the top 3; replaces BIIB (rank 17),2.0,68.2802,Industrials,0.0,0.0899,mid-week,1
2026-02-09,PH,hold,kept at mid-week check (rank 12),12.0,57.5449,Industrials,0.1261,0.1261,mid-week,1
2026-02-09,FCX,add,mid-week swap in: rank 3 is in the top 3; replaces DVN (rank 16),3.0,67.5082,Materials,0.0,0.0895,mid-week,1
2026-02-09,LYB,hold,kept at mid-week check (rank 6),6.0,62.9616,Materials,0.0664,0.0664,mid-week,1
2026-02-11,HAL,hold,kept at mid-week check (rank 10),10.0,64.4894,Energy,0.0897,0.0897,mid-week,1
2026-02-11,MRK,hold,kept at mid-week check (rank 11),11.0,64.4649,Health Care,0.1178,0.1178,mid-week,1
2026-02-11,SLB,hold,kept at mid-week check (rank 4),4.0,66.0335,Energy,0.0842,0.0842,mid-week,1
2026-02-11,VRT,add,mid-week swap in: rank 1 is in the top 3; replaces NOC (rank 24),1.0,70.4493,Industrials,0.0,0.1117,mid-week,1
2026-02-11,NOC,drop,mid-week swap out: rank 24 (below 15); replaced by VRT (rank 1),24.0,41.3685,Industrials,0.1117,0.0,mid-week,1
2026-02-11,LMT,hold,kept at mid-week check (rank 6),6.0,65.7557,Industrials,0.1071,0.1071,mid-week,1
2026-02-11,TRGP,hold,kept at mid-week check (rank 9),9.0,64.5752,Energy,0.1176,0.1176,mid-week,1
2026-02-11,BE,hold,kept at mid-week check (rank 5),5.0,65.7802,Industrials,0.0899,0.0899,mid-week,1
2026-02-11,PH,hold,kept at mid-week check (rank 12),12.0,62.3611,Industrials,0.1261,0.1261,mid-week,1
2026-02-11,FCX,hold,kept at mid-week check (rank 7),7.0,65.4412,Materials,0.0895,0.0895,mid-week,1
2026-02-11,LYB,hold,kept at mid-week check (rank 3),3.0,68.0882,Materials,0.0664,0.0664,mid-week,1
2026-02-13,BE,drop,rank 22 outside top 10,22.0,45.0204,Industrials,0.0899,0.0,weekly,1
2026-02-25,BKR,hold,kept at mid-week check (rank 4),4.0,68.2108,Energy,0.0985,0.0985,mid-week,1
2026-02-25,MRK,hold,kept at mid-week check (rank 14),14.0,56.1724,Health Care,0.121,0.121,mid-week,1
2026-02-25,SLB,hold,kept at mid-week check (rank 6),6.0,64.7672,Energy,0.0846,0.0846,mid-week,1
2026-02-25,VRT,hold,kept at mid-week check (rank 2),2.0,74.5997,Industrials,0.0424,0.0424,mid-week,1
2026-02-25,NOC,hold,kept at mid-week check (rank 19),19.0,48.0556,Industrials,0.1043,0.1043,mid-week,1
2026-02-25,LMT,hold,kept at mid-week check (rank 10),10.0,59.1217,Industrials,0.1054,0.1054,mid-week,1
2026-02-25,TRGP,hold,kept at mid-week check (rank 8),8.0,61.3725,Energy,0.1201,0.1201,mid-week,1
2026-02-25,DVN,drop,mid-week swap out: rank 23 (below 15); replaced by BE (rank 1),23.0,41.7157,Energy,0.0908,0.0,mid-week,1
2026-02-25,BE,add,mid-week swap in: rank 1 is in the top 3; replaces DVN (rank 23),1.0,78.9992,Industrials,0.0,0.0908,mid-week,1
2026-02-25,PH,hold,kept at mid-week check (rank 17),17.0,53.0923,Industrials,0.16,0.16,mid-week,1
2026-02-25,FCX,hold,kept at mid-week check (rank 3),3.0,71.2663,Materials,0.0729,0.0729,mid-week,1
2026-02-27,BE,drop,rank 17 outside top 10,17.0,52.5408,Industrials,0.0908,0.0,weekly,1
2026-03-25,MU,drop,"mid-week exit: rank 33 (worse than 30); sold, cash until the weekly rebalance",33.0,13.0556,Technology,0.0351,0.0,mid-week,0
2026-03-25,UI,hold,kept at mid-week check (rank 5),5.0,61.4992,Technology,0.0495,0.0495,mid-week,0
2026-03-25,VRT,hold,kept at mid-week check (rank 4),4.0,62.0629,Industrials,0.0358,0.0358,mid-week,0
2026-03-25,APA,hold,kept at mid-week check (rank 1),1.0,76.3113,Energy,0.0585,0.0585,mid-week,0
2026-03-25,OXY,hold,kept at mid-week check (rank 3),3.0,64.4363,Energy,0.0666,0.0666,mid-week,0
2026-03-25,DVN,hold,kept at mid-week check (rank 6),6.0,60.8946,Energy,0.0761,0.0761,mid-week,0
2026-03-25,FANG,hold,kept at mid-week check (rank 9),9.0,57.8922,Energy,0.0789,0.0789,mid-week,0
2026-03-25,LYB,hold,kept at mid-week check (rank 2),2.0,65.6863,Materials,0.0506,0.0506,mid-week,0
2026-03-25,NBIS,hold,kept at mid-week check (rank 13),13.0,46.4134,Technology,0.0238,0.0238,mid-week,0
2026-03-25,LITE,hold,kept at mid-week check (rank 8),8.0,58.7296,Technology,0.025,0.025,mid-week,0
2026-04-08,BKR,add,mid-week swap in: rank 2 is in the top 3; replaces MRK (rank 16),2.0,60.96,Energy,0.0,0.0991,mid-week,1
2026-04-08,HAL,hold,kept at mid-week check (rank 10),10.0,54.9306,Energy,0.0619,0.0619,mid-week,1
2026-04-08,MRK,drop,mid-week swap out: rank 16 (below 15); replaced by BKR (rank 2),16.0,45.4412,Health Care,0.0991,0.0,mid-week,1
2026-04-08,UI,hold,kept at mid-week check (rank 6),6.0,59.2974,Technology,0.0406,0.0406,mid-week,1
2026-04-08,VRT,hold,kept at mid-week check (rank 14),14.0,51.2132,Industrials,0.0309,0.0309,mid-week,1
2026-04-08,APA,hold,kept at mid-week check (rank 3),3.0,60.6046,Energy,0.0521,0.0521,mid-week,1
2026-04-08,OXY,hold,kept at mid-week check (rank 13),13.0,51.4379,Energy,0.0595,0.0595,mid-week,1
2026-04-08,DVN,hold,kept at mid-week check (rank 12),12.0,52.0874,Energy,0.0684,0.0684,mid-week,1
2026-04-08,LYB,hold,kept at mid-week check (rank 4),4.0,60.2574,Materials,0.0441,0.0441,mid-week,1
2026-04-08,NBIS,hold,kept at mid-week check (rank 7),7.0,59.1381,Technology,0.0216,0.0216,mid-week,1
2026-04-08,LITE,hold,kept at mid-week check (rank 1),1.0,62.2141,Technology,0.0218,0.0218,mid-week,1
2026-04-15,BKR,drop,mid-week swap out: rank 38 (below 15); replaced by BE (rank 3),38.0,18.125,Energy,0.1583,0.0,mid-week,1
2026-04-15,MRVL,hold,kept at mid-week check (rank 1),1.0,67.7247,Technology,0.0851,0.0851,mid-week,1
2026-04-15,SLB,hold,kept at mid-week check (rank 11),11.0,52.1324,Energy,0.147,0.147,mid-week,1
2026-04-15,UI,hold,kept at mid-week check (rank 2),2.0,63.2271,Technology,0.0956,0.0956,mid-week,1
2026-04-15,VRT,hold,kept at mid-week check (rank 4),4.0,61.3113,Industrials,0.0762,0.0762,mid-week,1
2026-04-15,APA,hold,kept at mid-week check (rank 22),22.0,36.875,Energy,0.1232,0.1232,mid-week,1
2026-04-15,BE,add,mid-week swap in: rank 3 is in the top 3; replaces BKR (rank 38),3.0,61.5809,Industrials,0.0,0.1583,mid-week,1
2026-04-15,FCX,hold,kept at mid-week check (rank 6),6.0,59.2034,Materials,0.1059,0.1059,mid-week,1
2026-04-15,LYB,hold,kept at mid-week check (rank 19),19.0,39.4975,Materials,0.1024,0.1024,mid-week,1
2026-04-15,NBIS,hold,kept at mid-week check (rank 5),5.0,60.1021,Technology,0.0517,0.0517,mid-week,1
2026-04-15,LITE,hold,kept at mid-week check (rank 7),7.0,58.0556,Technology,0.0546,0.0546,mid-week,1
2026-04-22,HAL,hold,kept at mid-week check (rank 13),13.0,49.9387,Energy,0.1771,0.1771,mid-week,1
2026-04-22,MRVL,hold,kept at mid-week check (rank 1),1.0,69.9469,Technology,0.0857,0.0857,mid-week,1
2026-04-22,SLB,hold,kept at mid-week check (rank 12),12.0,50.6863,Energy,0.1487,0.1487,mid-week,1
2026-04-22,UI,hold,kept at mid-week check (rank 16),16.0,49.0278,Technology,0.0975,0.0975,mid-week,1
2026-04-22,VRT,hold,kept at mid-week check (rank 20),20.0,46.0417,Industrials,0.0761,0.0761,mid-week,1
2026-04-22,NVTS,add,mid-week swap in: rank 3 is in the top 3; replaces C (rank 23),3.0,60.4493,Technology,0.0,0.1484,mid-week,1
2026-04-22,C,drop,mid-week swap out: rank 23 (below 15); replaced by NVTS (rank 3),23.0,37.4224,Financials,0.1484,0.0,mid-week,1
2026-04-22,BE,hold,kept at mid-week check (rank 2),2.0,61.7525,Industrials,0.0498,0.0498,mid-week,1
2026-04-22,FCX,hold,kept at mid-week check (rank 11),11.0,52.7042,Materials,0.1088,0.1088,mid-week,1
2026-04-22,NBIS,hold,kept at mid-week check (rank 4),4.0,59.1748,Technology,0.0523,0.0523,mid-week,1
2026-04-22,LITE,hold,kept at mid-week check (rank 7),7.0,56.8832,Technology,0.0556,0.0556,mid-week,1
2026-04-27,BKR,hold,kept at mid-week check (rank 12),12.0,52.7941,Energy,0.143,0.143,mid-week,1
2026-04-27,HAL,hold,kept at mid-week check (rank 14),14.0,48.8113,Energy,0.1614,0.1614,mid-week,1
2026-04-27,MRVL,hold,kept at mid-week check (rank 7),7.0,58.6111,Technology,0.0782,0.0782,mid-week,1
2026-04-27,MU,hold,kept at mid-week check (rank 4),4.0,63.0474,Technology,0.0718,0.0718,mid-week,1
2026-04-27,SLB,hold,kept at mid-week check (rank 10),10.0,53.9583,Energy,0.1381,0.1381,mid-week,1
2026-04-27,VRT,hold,kept at mid-week check (rank 6),6.0,60.9191,Industrials,0.0695,0.0695,mid-week,1
2026-04-27,ARM,hold,kept at mid-week check (rank 9),9.0,54.0523,Technology,0.072,0.072,mid-week,1
2026-04-27,NVTS,add,mid-week swap in: rank 1 is in the top 3; replaces FANG (rank 22),1.0,67.2386,Technology,0.0,0.168,mid-week,1
2026-04-27,FANG,drop,mid-week swap out: rank 22 (below 15); replaced by NVTS (rank 1),22.0,37.7941,Energy,0.168,0.0,mid-week,1
2026-04-27,BE,hold,kept at mid-week check (rank 5),5.0,61.7279,Industrials,0.0461,0.0461,mid-week,1
2026-04-27,LITE,hold,kept at mid-week check (rank 8),8.0,56.0498,Technology,0.0519,0.0519,mid-week,1
2026-05-04,AMD,hold,kept at mid-week check (rank 4),4.0,62.5449,Technology,0.0735,0.0735,mid-week,1
2026-05-04,BKR,drop,mid-week swap out: rank 19 (below 15); replaced by TWLO (rank 3),19.0,49.281,Energy,0.147,0.0,mid-week,1
2026-05-04,HAL,hold,kept at mid-week check (rank 18),18.0,49.3668,Energy,0.1621,0.1621,mid-week,1
2026-05-04,MRVL,hold,kept at mid-week check (rank 6),6.0,59.7753,Technology,0.0778,0.0778,mid-week,1
2026-05-04,MU,hold,kept at mid-week check (rank 1),1.0,63.5743,Technology,0.0732,0.0732,mid-week,1
2026-05-04,SLB,drop,mid-week swap out: rank 22 (below 15); replaced by NBIS (rank 2),22.0,45.8252,Energy,0.142,0.0,mid-week,1
2026-05-04,VRT,hold,kept at mid-week check (rank 7),7.0,59.5997,Industrials,0.0692,0.0692,mid-week,1
2026-05-04,TWLO,add,mid-week swap in: rank 3 is in the top 3; replaces BKR (rank 19),3.0,62.9493,Technology,0.0,0.147,mid-week,1
2026-05-04,NVTS,hold,kept at mid-week check (rank 10),10.0,58.0106,Technology,0.0404,0.0404,mid-week,1
2026-05-04,FANG,hold,kept at mid-week check (rank 14),14.0,51.7688,Energy,0.1716,0.1716,mid-week,1
2026-05-04,BE,hold,kept at mid-week check (rank 8),8.0,59.134,Industrials,0.0431,0.0431,mid-week,1
2026-05-04,NBIS,add,mid-week swap in: rank 2 is in the top 3; replaces SLB (rank 22),2.0,63.0351,Technology,0.0,0.142,mid-week,1
2026-05-06,AMD,hold,kept at mid-week check (rank 3),3.0,67.3243,Technology,0.0735,0.0735,mid-week,1
2026-05-06,HAL,hold,kept at mid-week check (rank 28),28.0,35.4575,Energy,0.1621,0.1621,mid-week,1
2026-05-06,MRVL,hold,kept at mid-week check (rank 1),1.0,68.9052,Technology,0.0778,0.0778,mid-week,1
2026-05-06,MU,hold,kept at mid-week check (rank 5),5.0,66.491,Technology,0.0732,0.0732,mid-week,1
2026-05-06,VRT,hold,kept at mid-week check (rank 7),7.0,59.3382,Industrials,0.0692,0.0692,mid-week,1
2026-05-06,TWLO,hold,kept at mid-week check (rank 12),12.0,55.3023,Technology,0.147,0.147,mid-week,1
2026-05-06,ARM,add,mid-week swap in: rank 2 is in the top 3; replaces FANG (rank 40),2.0,67.4469,Technology,0.0,0.1716,mid-week,1
2026-05-06,NVTS,hold,kept at mid-week check (rank 8),8.0,57.2631,Technology,0.0404,0.0404,mid-week,1
2026-05-06,FANG,drop,mid-week swap out: rank 40 (below 15); replaced by ARM (rank 2),40.0,23.5212,Energy,0.1716,0.0,mid-week,1
2026-05-06,BE,hold,kept at mid-week check (rank 9),9.0,56.9975,Industrials,0.0431,0.0431,mid-week,1
2026-05-06,NBIS,hold,kept at mid-week check (rank 4),4.0,67.116,Technology,0.142,0.142,mid-week,1
2026-05-18,FTNT,add,mid-week swap in: rank 2 is in the top 3; replaces VRT (rank 27),2.0,66.7525,Technology,0.0,0.0983,mid-week,1
2026-05-18,HAL,hold,kept at mid-week check (rank 11),11.0,56.4297,Energy,0.1752,0.1752,mid-week,1
2026-05-18,MRVL,hold,kept at mid-week check (rank 6),6.0,59.8162,Technology,0.0805,0.0805,mid-week,1
2026-05-18,MU,hold,kept at mid-week check (rank 9),9.0,58.6275,Technology,0.0713,0.0713,mid-week,1
2026-05-18,VRT,drop,mid-week swap out: rank 27 (below 15); replaced by FTNT (rank 2),27.0,32.2835,Industrials,0.0983,0.0,mid-week,1
2026-05-18,NVTS,hold,kept at mid-week check (rank 1),1.0,72.6838,Technology,0.0397,0.0397,mid-week,1
2026-05-18,RKLB,hold,kept at mid-week check (rank 12),12.0,55.433,Industrials,0.051,0.051,mid-week,1
2026-05-18,TRGP,hold,kept at mid-week check (rank 13),13.0,53.4886,Energy,0.2125,0.2125,mid-week,1
2026-05-18,FANG,hold,kept at mid-week check (rank 14),14.0,51.5155,Energy,0.1711,0.1711,mid-week,1
2026-05-18,BE,hold,kept at mid-week check (rank 22),22.0,35.8129,Industrials,0.0476,0.0476,mid-week,1
2026-05-18,NBIS,hold,kept at mid-week check (rank 3),3.0,65.8946,Technology,0.0527,0.0527,mid-week,1
2026-05-20,FTNT,hold,kept at mid-week check (rank 6),6.0,66.3358,Technology,0.0983,0.0983,mid-week,1
2026-05-20,HAL,hold,kept at mid-week check (rank 14),14.0,49.7141,Energy,0.1752,0.1752,mid-week,1
2026-05-20,MRVL,hold,kept at mid-week check (rank 4),4.0,68.6275,Technology,0.0805,0.0805,mid-week,1
2026-05-20,MU,hold,kept at mid-week check (rank 7),7.0,59.2525,Technology,0.0713,0.0713,mid-week,1
2026-05-20,ARM,add,mid-week swap in: rank 2 is in the top 3; replaces FANG (rank 19),2.0,72.1936,Technology,0.0,0.1711,mid-week,1
2026-05-20,NVTS,hold,kept at mid-week check (rank 1),1.0,72.7941,Technology,0.0397,0.0397,mid-week,1
2026-05-20,RKLB,hold,kept at mid-week check (rank 12),12.0,51.6585,Industrials,0.051,0.051,mid-week,1
2026-05-20,TRGP,hold,kept at mid-week check (rank 9),9.0,55.9886,Energy,0.2125,0.2125,mid-week,1
2026-05-20,FANG,drop,mid-week swap out: rank 19 (below 15); replaced by ARM (rank 2),19.0,45.5474,Energy,0.1711,0.0,mid-week,1
2026-05-20,BE,hold,kept at mid-week check (rank 15),15.0,49.5752,Industrials,0.0476,0.0476,mid-week,1
2026-05-20,NBIS,hold,kept at mid-week check (rank 10),10.0,54.0441,Technology,0.0527,0.0527,mid-week,1
2026-05-27,AMD,hold,kept at mid-week check (rank 4),4.0,71.1275,Technology,0.0936,0.0936,mid-week,1
2026-05-27,FTNT,hold,kept at mid-week check (rank 16),16.0,55.0,Technology,0.1337,0.1337,mid-week,1
2026-05-27,MRVL,hold,kept at mid-week check (rank 6),6.0,65.8946,Technology,0.0983,0.0983,mid-week,1
2026-05-27,MU,hold,kept at mid-week check (rank 2),2.0,73.8358,Technology,0.0877,0.0877,mid-week,1
2026-05-27,ALAB,hold,kept at mid-week check (rank 3),3.0,71.9608,Technology,0.0737,0.0737,mid-week,1
2026-05-27,ARM,hold,kept at mid-week check (rank 10),10.0,62.1078,Technology,0.0752,0.0752,mid-week,1
2026-05-27,IONQ,hold,kept at mid-week check (rank 5),5.0,65.9191,Technology,0.0653,0.0653,mid-week,1
2026-05-27,NVTS,hold,kept at mid-week check (rank 1),1.0,74.2525,Technology,0.0464,0.0464,mid-week,1
2026-05-27,TRGP,drop,"mid-week exit: rank 33 (worse than 30); sold, cash until the weekly rebalance",33.0,27.3529,Energy,0.2667,0.0,mid-week,1
2026-05-27,BE,hold,kept at mid-week check (rank 19),19.0,49.5874,Industrials,0.0594,0.0594,mid-week,1
2026-06-03,AMD,hold,kept at mid-week check (rank 8),8.0,67.3529,Technology,0.1207,0.1207,mid-week,1
2026-06-03,FTNT,hold,kept at mid-week check (rank 13),13.0,56.875,Technology,0.1639,0.1639,mid-week,1
2026-06-03,MRVL,hold,kept at mid-week check (rank 4),4.0,71.8382,Technology,0.1229,0.1229,mid-week,1
2026-06-03,MU,hold,kept at mid-week check (rank 2),2.0,74.0441,Technology,0.1015,0.1015,mid-week,1
2026-06-03,ALAB,hold,kept at mid-week check (rank 6),6.0,67.9779,Technology,0.0942,0.0942,mid-week,1
2026-06-03,APLD,hold,kept at mid-week check (rank 21),21.0,44.6691,Technology,0.0811,0.0811,mid-week,1
2026-06-03,ARM,hold,kept at mid-week check (rank 3),3.0,73.6275,Technology,0.0928,0.0928,mid-week,1
2026-06-03,NVTS,hold,kept at mid-week check (rank 1),1.0,77.6103,Technology,0.0598,0.0598,mid-week,1
2026-06-03,RKLB,drop,"mid-week exit: rank 34 (worse than 30); sold, cash until the weekly rebalance",34.0,32.982,Industrials,0.0801,0.0,mid-week,1
2026-06-03,NBIS,hold,kept at mid-week check (rank 7),7.0,67.8922,Technology,0.083,0.083,mid-week,1
2026-06-10,LRCX,add,mid-week swap in: rank 2 is in the top 3; replaces UMAC (rank 17),2.0,58.4355,Technology,0.0,0.0385,mid-week,1
2026-06-10,MRVL,hold,kept at mid-week check (rank 3),3.0,57.933,Technology,0.0705,0.0705,mid-week,1
2026-06-10,MU,hold,kept at mid-week check (rank 6),6.0,54.808,Technology,0.075,0.075,mid-week,1
2026-06-10,UNH,hold,kept at mid-week check (rank 13),13.0,49.0441,Health Care,0.1989,0.1989,mid-week,1
2026-06-10,UMAC,drop,mid-week swap out: rank 17 (below 15); replaced by LRCX (rank 2),17.0,39.5752,Technology,0.0385,0.0,mid-week,1
2026-06-10,TWLO,hold,kept at mid-week check (rank 14),14.0,46.683,Technology,0.0899,0.0899,mid-week,1
2026-06-10,ALAB,hold,kept at mid-week check (rank 4),4.0,56.2663,Technology,0.069,0.069,mid-week,1
2026-06-10,ARM,hold,kept at mid-week check (rank 5),5.0,55.4208,Technology,0.0661,0.0661,mid-week,1
2026-06-10,NVTS,drop,mid-week swap out: rank 23 (below 15); replaced by CRDO (rank 1),23.0,29.8203,Technology,0.0437,0.0,mid-week,1
2026-06-10,C,hold,kept at mid-week check (rank 12),12.0,49.8366,Financials,0.228,0.228,mid-week,1
2026-06-10,URI,hold,kept at mid-week check (rank 15),15.0,45.8088,Industrials,0.1203,0.1203,mid-week,1
2026-06-10,CRDO,add,mid-week swap in: rank 1 is in the top 3; replaces NVTS (rank 23),1.0,60.0041,Technology,0.0,0.0437,mid-week,1
2026-06-15,AMD,hold,kept at mid-week check (rank 9),9.0,65.8824,Technology,0.0682,0.0682,mid-week,1
2026-06-15,FTNT,hold,kept at mid-week check (rank 8),8.0,66.9608,Technology,0.0938,0.0938,mid-week,1
2026-06-15,MRVL,hold,kept at mid-week check (rank 2),2.0,74.8775,Technology,0.0527,0.0527,mid-week,1
2026-06-15,MU,add,mid-week swap in: rank 3 is in the top 3; replaces TRGP (rank 39),3.0,73.6275,Technology,0.0,0.1911,mid-week,1
2026-06-15,UNH,hold,kept at mid-week check (rank 22),22.0,41.9444,Health Care,0.1587,0.1587,mid-week,1
2026-06-15,ALAB,hold,kept at mid-week check (rank 4),4.0,73.0025,Technology,0.0534,0.0534,mid-week,1
2026-06-15,ARM,hold,kept at mid-week check (rank 1),1.0,75.2941,Technology,0.0495,0.0495,mid-week,1
2026-06-15,TRGP,drop,mid-week swap out: rank 39 (below 15); replaced by MU (rank 3),39.0,19.3791,Energy,0.1911,0.0,mid-week,1
2026-06-15,C,hold,kept at mid-week check (rank 17),17.0,46.2663,Financials,0.1811,0.1811,mid-week,1
2026-06-15,URI,hold,kept at mid-week check (rank 16),16.0,47.4306,Industrials,0.0985,0.0985,mid-week,1
2026-06-15,CRDO,hold,kept at mid-week check (rank 5),5.0,72.7083,Technology,0.053,0.053,mid-week,1
2026-06-17,AMD,hold,kept at mid-week check (rank 4),4.0,72.5,Technology,0.0682,0.0682,mid-week,1
2026-06-17,FTNT,hold,kept at mid-week check (rank 13),13.0,54.1667,Technology,0.0938,0.0938,mid-week,1
2026-06-17,MRVL,hold,kept at mid-week check (rank 6),6.0,71.201,Technology,0.0527,0.0527,mid-week,1
2026-06-17,MU,hold,kept at mid-week check (rank 7),7.0,70.2696,Technology,0.1911,0.1911,mid-week,1
2026-06-17,UNH,drop,mid-week swap out: rank 30 (below 15); replaced by NBIS (rank 1),30.0,25.625,Health Care,0.1587,0.0,mid-week,1
2026-06-17,ALAB,hold,kept at mid-week check (rank 3),3.0,72.8922,Technology,0.0534,0.0534,mid-week,1
2026-06-17,ARM,hold,kept at mid-week check (rank 2),2.0,74.8775,Technology,0.0495,0.0495,mid-week,1
2026-06-17,C,hold,kept at mid-week check (rank 15),15.0,47.5858,Financials,0.1811,0.1811,mid-week,1
2026-06-17,URI,hold,kept at mid-week check (rank 26),26.0,37.9412,Industrials,0.0985,0.0985,mid-week,1
2026-06-17,CRDO,hold,kept at mid-week check (rank 8),8.0,69.7672,Technology,0.053,0.053,mid-week,1
2026-06-17,NBIS,add,mid-week swap in: rank 1 is in the top 3; replaces UNH (rank 30),1.0,75.527,Technology,0.0,0.1587,mid-week,1
2026-06-29,AFRM,hold,kept at mid-week check (rank 13),13.0,49.808,Financials,0.0811,0.0811,mid-week,1
2026-06-29,BIIB,hold,kept at mid-week check (rank 18),18.0,44.808,Health Care,0.1377,0.1377,mid-week,1
2026-06-29,FTNT,hold,kept at mid-week check (rank 5),5.0,63.5743,Technology,0.0903,0.0903,mid-week,1
2026-06-29,HIMS,hold,kept at mid-week check (rank 12),12.0,54.3056,Health Care,0.0553,0.0553,mid-week,1
2026-06-29,LRCX,hold,kept at mid-week check (rank 4),4.0,64.2974,Technology,0.0738,0.0738,mid-week,1
2026-06-29,MU,hold,kept at mid-week check (rank 2),2.0,69.3096,Technology,0.0486,0.0486,mid-week,1
2026-06-29,PANW,hold,kept at mid-week check (rank 3),3.0,67.9739,Technology,0.0978,0.0978,mid-week,1
2026-06-29,UNH,hold,kept at mid-week check (rank 9),9.0,54.9306,Health Care,0.1523,0.1523,mid-week,1
2026-06-29,ALAB,add,mid-week swap in: rank 1 is in the top 3; replaces C (rank 22),1.0,70.9886,Technology,0.0,0.1713,mid-week,1
2026-06-29,C,drop,mid-week swap out: rank 22 (below 15); replaced by ALAB (rank 1),22.0,38.8889,Financials,0.1713,0.0,mid-week,1
2026-06-29,URI,hold,kept at mid-week check (rank 10),10.0,54.4894,Industrials,0.0919,0.0919,mid-week,1
2026-07-01,AFRM,hold,kept at mid-week check (rank 10),10.0,52.7941,Financials,0.0811,0.0811,mid-week,1
2026-07-01,AMD,add,mid-week swap in: rank 2 is in the top 3; replaces BIIB (rank 16),2.0,67.9861,Technology,0.0,0.1377,mid-week,1
2026-07-01,BIIB,drop,mid-week swap out: rank 16 (below 15); replaced by AMD (rank 2),16.0,46.4869,Health Care,0.1377,0.0,mid-week,1
2026-07-01,FTNT,hold,kept at mid-week check (rank 5),5.0,58.3415,Technology,0.0903,0.0903,mid-week,1
2026-07-01,HIMS,hold,kept at mid-week check (rank 7),7.0,56.058,Health Care,0.0553,0.0553,mid-week,1
2026-07-01,LRCX,hold,kept at mid-week check (rank 4),4.0,59.1748,Technology,0.0738,0.0738,mid-week,1
2026-07-01,MU,hold,kept at mid-week check (rank 11),11.0,52.018,Technology,0.0486,0.0486,mid-week,1
2026-07-01,PANW,hold,kept at mid-week check (rank 3),3.0,62.5327,Technology,0.0978,0.0978,mid-week,1
2026-07-01,UNH,hold,kept at mid-week check (rank 8),8.0,54.906,Health Care,0.1523,0.1523,mid-week,1
2026-07-01,ALAB,hold,kept at mid-week check (rank 1),1.0,71.3194,Technology,0.1713,0.1713,mid-week,1
2026-07-01,URI,hold,kept at mid-week check (rank 12),12.0,50.1593,Industrials,0.0919,0.0919,mid-week,1
2026-07-06,AFRM,hold,kept at mid-week check (rank 6),6.0,57.3775,Financials,0.0873,0.0873,mid-week,1
2026-07-06,AMD,hold,kept at mid-week check (rank 4),4.0,61.5891,Technology,0.0646,0.0646,mid-week,1
2026-07-06,BIIB,drop,mid-week swap out: rank 19 (below 15); replaced by ALAB (rank 1),19.0,36.7279,Health Care,0.1467,0.0,mid-week,1
2026-07-06,CVLT,hold,kept at mid-week check (rank 9),9.0,56.4052,Technology,0.112,0.112,mid-week,1
2026-07-06,FTNT,hold,kept at mid-week check (rank 3),3.0,61.6993,Technology,0.0956,0.0956,mid-week,1
2026-07-06,HIMS,hold,kept at mid-week check (rank 7),7.0,56.5441,Health Care,0.0601,0.0601,mid-week,1
2026-07-06,HOOD,hold,kept at mid-week check (rank 8),8.0,56.5441,Financials,0.0701,0.0701,mid-week,1
2026-07-06,PANW,hold,kept at mid-week check (rank 2),2.0,66.1969,Technology,0.1029,0.1029,mid-week,1
2026-07-06,UNH,hold,kept at mid-week check (rank 14),14.0,43.2475,Health Care,0.1634,0.1634,mid-week,1
2026-07-06,ALAB,add,mid-week swap in: rank 1 is in the top 3; replaces BIIB (rank 19),1.0,66.8096,Technology,0.0,0.1467,mid-week,1
2026-07-06,URI,hold,kept at mid-week check (rank 16),16.0,41.8832,Industrials,0.0972,0.0972,mid-week,1
2026-07-08,AFRM,hold,kept at mid-week check (rank 12),12.0,45.5556,Financials,0.0873,0.0873,mid-week,1
2026-07-08,AMD,hold,kept at mid-week check (rank 11),11.0,49.6895,Technology,0.0646,0.0646,mid-week,1
2026-07-08,CVLT,hold,kept at mid-week check (rank 5),5.0,56.5891,Technology,0.112,0.112,mid-week,1
2026-07-08,FTNT,hold,kept at mid-week check (rank 2),2.0,63.7949,Technology,0.0956,0.0956,mid-week,1
2026-07-08,HIMS,hold,kept at mid-week check (rank 3),3.0,58.4477,Health Care,0.0601,0.0601,mid-week,1
2026-07-08,HOOD,hold,kept at mid-week check (rank 10),10.0,50.8252,Financials,0.0701,0.0701,mid-week,1
2026-07-08,PANW,hold,kept at mid-week check (rank 6),6.0,56.3194,Technology,0.1029,0.1029,mid-week,1
2026-07-08,UNH,hold,kept at mid-week check (rank 14),14.0,45.4698,Health Care,0.1634,0.1634,mid-week,1
2026-07-08,ALAB,hold,kept at mid-week check (rank 4),4.0,56.8096,Technology,0.1467,0.1467,mid-week,1
2026-07-08,URI,drop,mid-week swap out: rank 27 (below 15); replaced by CRDO (rank 1),27.0,26.4257,Industrials,0.0972,0.0,mid-week,1
2026-07-08,CRDO,add,mid-week swap in: rank 1 is in the top 3; replaces URI (rank 27),1.0,64.1748,Technology,0.0,0.0972,mid-week,1
2026-07-13,AFRM,hold,kept at mid-week check (rank 11),11.0,47.5,Financials,0.0941,0.0941,mid-week,1
2026-07-13,AMD,hold,kept at mid-week check (rank 3),3.0,61.7606,Technology,0.0672,0.0672,mid-week,1
2026-07-13,FTNT,hold,kept at mid-week check (rank 1),1.0,66.0866,Technology,0.0999,0.0999,mid-week,1
2026-07-13,HIMS,hold,kept at mid-week check (rank 14),14.0,44.7917,Health Care,0.0643,0.0643,mid-week,1
2026-07-13,HOOD,hold,kept at mid-week check (rank 10),10.0,48.1495,Financials,0.0743,0.0743,mid-week,1
2026-07-13,PANW,add,mid-week swap in: rank 2 is in the top 3; replaces URI (rank 23),2.0,64.7018,Technology,0.0,0.1031,mid-week,1
2026-07-13,UNH,hold,kept at mid-week check (rank 16),16.0,44.1054,Health Care,0.2008,0.2008,mid-week,1
2026-07-13,ALAB,hold,kept at mid-week check (rank 12),12.0,46.6503,Technology,0.0523,0.0523,mid-week,1
2026-07-13,TRGP,hold,kept at mid-week check (rank 17),17.0,37.9085,Energy,0.1919,0.1919,mid-week,1
2026-07-13,URI,drop,mid-week swap out: rank 23 (below 15); replaced by PANW (rank 2),23.0,31.8096,Industrials,0.1031,0.0,mid-week,1
2026-07-13,CRDO,hold,kept at mid-week check (rank 21),21.0,33.4886,Technology,0.0523,0.0523,mid-week,1
2026-07-15,AFRM,hold,kept at mid-week check (rank 9),9.0,47.9575,Financials,0.0941,0.0941,mid-week,1
2026-07-15,AMD,hold,kept at mid-week check (rank 10),10.0,45.8129,Technology,0.0672,0.0672,mid-week,1
2026-07-15,FTNT,hold,kept at mid-week check (rank 2),2.0,61.4502,Technology,0.0999,0.0999,mid-week,1
2026-07-15,HIMS,hold,kept at mid-week check (rank 4),4.0,55.1879,Health Care,0.0643,0.0643,mid-week,1
2026-07-15,HOOD,hold,kept at mid-week check (rank 5),5.0,54.0727,Financials,0.0743,0.0743,mid-week,1
2026-07-15,PANW,hold,kept at mid-week check (rank 1),1.0,66.8913,Technology,0.1031,0.1031,mid-week,1
2026-07-15,SNOW,add,mid-week swap in: rank 3 is in the top 3; replaces CRDO (rank 36),3.0,58.4477,Technology,0.0,0.0523,mid-week,1
2026-07-15,UNH,hold,kept at mid-week check (rank 15),15.0,37.308,Health Care,0.2008,0.2008,mid-week,1
2026-07-15,ALAB,hold,kept at mid-week check (rank 19),19.0,29.1585,Technology,0.0523,0.0523,mid-week,1
2026-07-15,TRGP,hold,kept at mid-week check (rank 6),6.0,52.4837,Energy,0.1919,0.1919,mid-week,1
2026-07-15,CRDO,drop,mid-week swap out: rank 36 (below 15); replaced by SNOW (rank 3),36.0,13.0556,Technology,0.0523,0.0,mid-week,1
2026-07-20,AAPL,hold,kept at mid-week check (rank 5),5.0,55.6944,Technology,0.1315,0.1315,mid-week,1
2026-07-20,BIIB,drop,"mid-week exit: rank 31 (worse than 30); sold, cash until the weekly rebalance",31.0,17.5613,Health Care,0.0895,0.0,mid-week,1
2026-07-20,FTNT,hold,kept at mid-week check (rank 4),4.0,56.5523,Technology,0.0666,0.0666,mid-week,1
2026-07-20,MRK,hold,kept at mid-week check (rank 11),11.0,37.1936,Health Care,0.1182,0.1182,mid-week,1
2026-07-20,PANW,hold,kept at mid-week check (rank 2),2.0,62.8391,Technology,0.0703,0.0703,mid-week,1
2026-07-20,SNOW,hold,kept at mid-week check (rank 3),3.0,60.8783,Technology,0.0416,0.0416,mid-week,1
2026-07-20,UNH,hold,kept at mid-week check (rank 8),8.0,47.549,Health Care,0.1325,0.1325,mid-week,1
2026-07-20,TRGP,hold,kept at mid-week check (rank 1),1.0,64.2361,Energy,0.1254,0.1254,mid-week,1
2026-07-20,FANG,hold,kept at mid-week check (rank 7),7.0,48.1209,Energy,0.1021,0.1021,mid-week,1
2026-07-20,COF,hold,kept at mid-week check (rank 16),16.0,29.232,Financials,0.1223,0.1223,mid-week,1
2026-07-22,AAPL,hold,kept at mid-week check (rank 3),3.0,52.8391,Technology,0.1315,0.1315,mid-week,1
2026-07-22,AMD,add,mid-week swap in: rank 1 is in the top 3; replaces COF (rank 48),1.0,61.0743,Technology,0.0,0.1223,mid-week,1
2026-07-22,FTNT,hold,kept at mid-week check (rank 8),8.0,47.4101,Technology,0.0666,0.0666,mid-week,1
2026-07-22,MRK,hold,kept at mid-week check (rank 4),4.0,51.973,Health Care,0.1182,0.1182,mid-week,1
2026-07-22,PANW,hold,kept at mid-week check (rank 6),6.0,49.2851,Technology,0.0703,0.0703,mid-week,1
2026-07-22,SNOW,hold,kept at mid-week check (rank 2),2.0,53.844,Technology,0.0416,0.0416,mid-week,1
2026-07-22,UNH,hold,kept at mid-week check (rank 7),7.0,49.2279,Health Care,0.1325,0.1325,mid-week,1
2026-07-22,TRGP,hold,kept at mid-week check (rank 5),5.0,50.9926,Energy,0.1254,0.1254,mid-week,1
2026-07-22,FANG,hold,kept at mid-week check (rank 11),11.0,40.4289,Energy,0.1021,0.1021,mid-week,1
2026-07-22,COF,drop,mid-week swap out: rank 48 (below 15); replaced by AMD (rank 1),48.0,0.5106,Financials,0.1223,0.0,mid-week,1
2026-07-24,AMD,drop,rank 15 outside top 10,15.0,32.9371,Technology,0.1223,0.0,weekly,1
2026-07-27,AAPL,hold,kept at mid-week check (rank 1),1.0,59.2525,Technology,0.1357,0.1357,mid-week,1
2026-07-27,CVLT,hold,kept at mid-week check (rank 3),3.0,54.1299,Technology,0.088,0.088,mid-week,1
2026-07-27,MRK,hold,kept at mid-week check (rank 4),4.0,49.8529,Health Care,0.1267,0.1267,mid-week,1
2026-07-27,PANW,hold,kept at mid-week check (rank 11),11.0,33.1863,Technology,0.072,0.072,mid-week,1
2026-07-27,SNOW,hold,kept at mid-week check (rank 2),2.0,56.5074,Technology,0.0436,0.0436,mid-week,1
2026-07-27,APA,drop,"mid-week exit: rank 43 (worse than 30); sold, cash until the weekly rebalance",43.0,4.9183,Energy,0.0874,0.0,mid-week,1
2026-07-27,OXY,drop,"mid-week exit: rank 44 (worse than 30); sold, cash until the weekly rebalance",44.0,4.71,Energy,0.1041,0.0,mid-week,1
2026-07-27,TRGP,drop,"mid-week exit: rank 33 (worse than 30); sold, cash until the weekly rebalance",33.0,12.2345,Energy,0.1314,0.0,mid-week,1
2026-07-27,FANG,hold,kept at mid-week check (rank 14),14.0,30.2124,Energy,0.1095,0.1095,mid-week,1
2026-07-27,URI,hold,kept at mid-week check (rank 6),6.0,39.5221,Industrials,0.1016,0.1016,mid-week,1
2026-07-29,AAPL,hold,kept at mid-week check (rank 2),2.0,55.4779,Technology,0.1357,0.1357,mid-week,1
2026-07-29,CVLT,drop,"mid-week exit: rank 31 (worse than 30); sold, cash until the weekly rebalance",31.0,11.6667,Technology,0.088,0.0,mid-week,1
2026-07-29,MRK,hold,kept at mid-week check (rank 3),3.0,54.1258,Health Care,0.1267,0.1267,mid-week,1
2026-07-29,PANW,hold,kept at mid-week check (rank 15),15.0,35.2083,Technology,0.072,0.072,mid-week,1
2026-07-29,SNOW,hold,kept at mid-week check (rank 1),1.0,56.0907,Technology,0.0436,0.0436,mid-week,1
2026-07-29,FANG,hold,kept at mid-week check (rank 12),12.0,37.7819,Energy,0.1095,0.1095,mid-week,1
2026-07-29,URI,drop,"mid-week exit: rank 36 (worse than 30); sold, cash until the weekly rebalance",36.0,6.1234,Industrials,0.1016,0.0,mid-week,1
2026-08-03,DASH,hold,kept at mid-week check (rank 14),14.0,39.183,Communication Services,0.0822,0.0822,mid-week,1
2026-08-03,FTNT,hold,kept at mid-week check (rank 3),3.0,52.8023,Technology,0.076,0.076,mid-week,1
2026-08-03,GTLB,hold,kept at mid-week check (rank 9),9.0,46.7974,Technology,0.0655,0.0655,mid-week,1
2026-08-03,MRK,drop,mid-week swap out: rank 27 (below 15); replaced by URI (rank 2),27.0,26.0662,Health Care,0.1429,0.0,mid-week,1
2026-08-03,PANW,hold,kept at mid-week check (rank 11),11.0,44.8489,Technology,0.0788,0.0788,mid-week,1
2026-08-03,RCL,hold,kept at mid-week check (rank 12),12.0,43.7949,Consumer Discretionary,0.0913,0.0913,mid-week,1
2026-08-03,REGN,hold,kept at mid-week check (rank 15),15.0,38.3333,Health Care,0.1184,0.1184,mid-week,1
2026-08-03,SNOW,hold,kept at mid-week check (rank 1),1.0,61.6993,Technology,0.0482,0.0482,mid-week,1
2026-08-03,LMT,hold,kept at mid-week check (rank 19),19.0,35.384,Industrials,0.1266,0.1266,mid-week,1
2026-08-03,URI,add,mid-week swap in: rank 2 is in the top 3; replaces MRK (rank 27),2.0,54.4526,Industrials,0.0,0.1429,mid-week,1
2026-08-03,PH,hold,kept at mid-week check (rank 18),18.0,37.8962,Industrials,0.1701,0.1701,mid-week,1
2026-08-05,DASH,hold,kept at mid-week check (rank 20),20.0,34.3913,Communication Services,0.0822,0.0822,mid-week,1
2026-08-05,FTNT,hold,kept at mid-week check (rank 6),6.0,56.5359,Technology,0.076,0.076,mid-week,1
2026-08-05,GTLB,hold,kept at mid-week check (rank 9),9.0,48.9502,Technology,0.0655,0.0655,mid-week,1
2026-08-05,PANW,hold,kept at mid-week check (rank 4),4.0,60.6046,Technology,0.0788,0.0788,mid-week,1
2026-08-05,RCL,hold,kept at mid-week check (rank 16),16.0,42.2222,Consumer Discretionary,0.0913,0.0913,mid-week,1
2026-08-05,REGN,drop,mid-week swap out: rank 26 (below 15); replaced by U (rank 3),26.0,30.29,Health Care,0.1184,0.0,mid-week,1
2026-08-05,SNOW,hold,kept at mid-week check (rank 1),1.0,67.1855,Technology,0.0482,0.0482,mid-week,1
2026-08-05,UMAC,add,mid-week swap in: rank 2 is in the top 3; replaces LMT (rank 38),2.0,63.3007,Technology,0.0,0.1266,mid-week,1
2026-08-05,LMT,drop,mid-week swap out: rank 38 (below 15); replaced by UMAC (rank 2),38.0,20.2247,Industrials,0.1266,0.0,mid-week,1
2026-08-05,U,add,mid-week swap in: rank 3 is in the top 3; replaces REGN (rank 26),3.0,61.2663,Technology,0.0,0.1184,mid-week,1
2026-08-05,URI,hold,kept at mid-week check (rank 10),10.0,47.0997,Industrials,0.1429,0.1429,mid-week,1
2026-08-05,PH,hold,kept at mid-week check (rank 22),22.0,34.183,Industrials,0.1701,0.1701,mid-week,1
2026-08-19,ANET,drop,"mid-week exit: rank 33 (worse than 30); sold, cash until the weekly rebalance",33.0,26.0662,Technology,0.124,0.0,mid-week,1
2026-08-19,GTLB,hold,kept at mid-week check (rank 5),5.0,57.2672,Technology,0.1207,0.1207,mid-week,1
2026-08-19,TEAM,hold,kept at mid-week check (rank 1),1.0,64.0441,Technology,0.0716,0.0716,mid-week,1
2026-08-19,UMAC,hold,kept at mid-week check (rank 3),3.0,60.3676,Technology,0.0415,0.0415,mid-week,1
2026-08-19,U,hold,kept at mid-week check (rank 2),2.0,62.1446,Technology,0.1252,0.1252,mid-week,1
2026-08-19,SHOP,hold,kept at mid-week check (rank 24),24.0,35.2247,Consumer Discretionary,0.1173,0.1173,mid-week,1
2026-08-19,APA,hold,kept at mid-week check (rank 16),16.0,40.0531,Energy,0.1622,0.1622,mid-week,1
2026-08-19,CRDO,drop,"mid-week exit: rank 35 (worse than 30); sold, cash until the weekly rebalance",35.0,24.9755,Technology,0.0713,0.0,mid-week,1
2026-08-19,NBIS,drop,"mid-week exit: rank 46 (worse than 30); sold, cash until the weekly rebalance",46.0,20.6005,Technology,0.0508,0.0,mid-week,1
2026-08-19,RBRK,hold,kept at mid-week check (rank 6),6.0,57.0343,Technology,0.1156,0.1156,mid-week,1
2026-08-24,DASH,hold,kept at mid-week check (rank 11),11.0,48.3497,Communication Services,0.1092,0.1092,mid-week,1
2026-08-24,GTLB,add,mid-week swap in: rank 2 is in the top 3; replaces MRK (rank 23),2.0,57.2835,Technology,0.0,0.1308,mid-week,1
2026-08-24,MRK,drop,mid-week swap out: rank 23 (below 15); replaced by GTLB (rank 2),23.0,38.9338,Health Care,0.1308,0.0,mid-week,1
2026-08-24,REGN,hold,kept at mid-week check (rank 15),15.0,43.8725,Health Care,0.1725,0.1725,mid-week,1
2026-08-24,TEAM,hold,kept at mid-week check (rank 3),3.0,56.9281,Technology,0.0492,0.0492,mid-week,1
2026-08-24,VEEV,hold,kept at mid-week check (rank 4),4.0,55.7394,Technology,0.1084,0.1084,mid-week,1
2026-08-24,U,hold,kept at mid-week check (rank 6),6.0,51.3644,Technology,0.0861,0.0861,mid-week,1
2026-08-24,TEM,hold,kept at mid-week check (rank 1),1.0,57.3284,Health Care,0.0549,0.0549,mid-week,1
2026-08-24,APA,hold,kept at mid-week check (rank 16),16.0,43.8072,Energy,0.1143,0.1143,mid-week,1
2026-08-24,FCX,hold,kept at mid-week check (rank 8),8.0,50.4493,Materials,0.0953,0.0953,mid-week,1
2026-08-24,RBRK,hold,kept at mid-week check (rank 5),5.0,51.7075,Technology,0.0792,0.0792,mid-week,1
2026-08-26,DASH,hold,kept at mid-week check (rank 17),17.0,40.241,Communication Services,0.1092,0.1092,mid-week,1
2026-08-26,GTLB,hold,kept at mid-week check (rank 6),6.0,51.3603,Technology,0.1308,0.1308,mid-week,1
2026-08-26,MRVL,add,mid-week swap in: rank 1 is in the top 3; replaces REGN (rank 26),1.0,58.4681,Technology,0.0,0.1725,mid-week,1
2026-08-26,REGN,drop,mid-week swap out: rank 26 (below 15); replaced by MRVL (rank 1),26.0,32.7247,Health Care,0.1725,0.0,mid-week,1
2026-08-26,TEAM,hold,kept at mid-week check (rank 2),2.0,56.3358,Technology,0.0492,0.0492,mid-week,1
2026-08-26,VEEV,hold,kept at mid-week check (rank 8),8.0,49.8162,Technology,0.1084,0.1084,mid-week,1
2026-08-26,U,hold,kept at mid-week check (rank 4),4.0,53.0882,Technology,0.0861,0.0861,mid-week,1
2026-08-26,TEM,hold,kept at mid-week check (rank 11),11.0,48.3742,Health Care,0.0549,0.0549,mid-week,1
2026-08-26,APA,hold,kept at mid-week check (rank 21),21.0,38.2312,Energy,0.1143,0.1143,mid-week,1
2026-08-26,FCX,hold,kept at mid-week check (rank 12),12.0,47.3775,Materials,0.0953,0.0953,mid-week,1
2026-08-26,RBRK,hold,kept at mid-week check (rank 3),3.0,53.75,Technology,0.0792,0.0792,mid-week,1
2026-08-28,MRVL,drop,rank 30 outside top 10,30.0,28.9502,Technology,0.1725,0.0,weekly,1
2026-08-31,CRM,hold,kept at mid-week check (rank 7),7.0,53.991,Technology,0.09,0.09,mid-week,1
2026-08-31,DASH,hold,kept at mid-week check (rank 14),14.0,47.7533,Communication Services,0.1295,0.1295,mid-week,1
2026-08-31,GTLB,hold,kept at mid-week check (rank 2),2.0,62.6552,Technology,0.103,0.103,mid-week,1
2026-08-31,MRK,hold,kept at mid-week check (rank 24),24.0,35.7271,Health Care,0.1549,0.1549,mid-week,1
2026-08-31,PANW,add,mid-week swap in: rank 3 is in the top 3; replaces TEM (rank 28),3.0,61.9444,Technology,0.0,0.0624,mid-week,1
2026-08-31,TEAM,hold,kept at mid-week check (rank 1),1.0,67.6552,Technology,0.0594,0.0594,mid-week,1
2026-08-31,VEEV,hold,kept at mid-week check (rank 4),4.0,59.4077,Technology,0.11,0.11,mid-week,1
2026-08-31,MDB,hold,kept at mid-week check (rank 6),6.0,55.1552,Technology,0.0789,0.0789,mid-week,1
2026-08-31,TWLO,hold,kept at mid-week check (rank 5),5.0,57.0425,Technology,0.0783,0.0783,mid-week,1
2026-08-31,TEM,drop,mid-week swap out: rank 28 (below 15); replaced by PANW (rank 3),28.0,34.3423,Health Care,0.0624,0.0,mid-week,1
2026-08-31,APA,hold,kept at mid-week check (rank 13),13.0,49.4812,Energy,0.1337,0.1337,mid-week,1
2026-09-02,CRM,hold,kept at mid-week check (rank 10),10.0,46.6912,Technology,0.09,0.09,mid-week,1
2026-09-02,DASH,hold,kept at mid-week check (rank 9),9.0,47.8186,Communication Services,0.1295,0.1295,mid-week,1
2026-09-02,GTLB,hold,kept at mid-week check (rank 2),2.0,59.9632,Technology,0.103,0.103,mid-week,1
2026-09-02,MRK,hold,kept at mid-week check (rank 3),3.0,57.5613,Health Care,0.1549,0.1549,mid-week,1
2026-09-02,PANW,drop,"mid-week exit: rank 43 (worse than 30); sold, cash until the weekly rebalance",43.0,14.8284,Technology,0.0624,0.0,mid-week,1
2026-09-02,TEAM,hold,kept at mid-week check (rank 5),5.0,53.9583,Technology,0.0594,0.0594,mid-week,1
2026-09-02,VEEV,hold,kept at mid-week check (rank 6),6.0,52.6471,Technology,0.11,0.11,mid-week,1
2026-09-02,MDB,drop,"mid-week exit: rank 36 (worse than 30); sold, cash until the weekly rebalance",36.0,20.9314,Technology,0.0789,0.0,mid-week,1
2026-09-02,TWLO,hold,kept at mid-week check (rank 15),15.0,41.3358,Technology,0.0783,0.0783,mid-week,1
2026-09-02,APA,hold,kept at mid-week check (rank 1),1.0,61.1969,Energy,0.1337,0.1337,mid-week,1
2026-09-08,BIIB,drop,mid-week swap out: rank 35 (below 15); replaced by NBIS (rank 1),35.0,26.0376,Health Care,0.1285,0.0,mid-week,1
2026-09-08,GTLB,hold,kept at mid-week check (rank 3),3.0,58.9951,Technology,0.0875,0.0875,mid-week,1
2026-09-08,HOOD,hold,kept at mid-week check (rank 9),9.0,53.0515,Financials,0.067,0.067,mid-week,1
2026-09-08,MRK,hold,kept at mid-week check (rank 8),8.0,53.219,Health Care,0.136,0.136,mid-week,1
2026-09-08,REGN,hold,kept at mid-week check (rank 22),22.0,36.6993,Health Care,0.165,0.165,mid-week,1
2026-09-08,SNOW,hold,kept at mid-week check (rank 2),2.0,61.5809,Technology,0.0967,0.0967,mid-week,1
2026-09-08,TEAM,hold,kept at mid-week check (rank 5),5.0,56.152,Technology,0.0513,0.0513,mid-week,1
2026-09-08,VEEV,hold,kept at mid-week check (rank 15),15.0,44.4608,Technology,0.0974,0.0974,mid-week,1
2026-09-08,TEM,hold,kept at mid-week check (rank 7),7.0,53.6356,Health Care,0.0564,0.0564,mid-week,1
2026-09-08,APA,hold,kept at mid-week check (rank 4),4.0,57.6144,Energy,0.1142,0.1142,mid-week,1
2026-09-08,NBIS,add,mid-week swap in: rank 1 is in the top 3; replaces BIIB (rank 35),1.0,64.7794,Technology,0.0,0.1285,mid-week,1
2026-09-09,GTLB,hold,kept at mid-week check (rank 4),4.0,56.2908,Technology,0.0875,0.0875,mid-week,1
2026-09-09,HOOD,hold,kept at mid-week check (rank 7),7.0,52.7328,Financials,0.067,0.067,mid-week,1
2026-09-09,MRK,hold,kept at mid-week check (rank 15),15.0,42.3611,Health Care,0.136,0.136,mid-week,1
2026-09-09,MU,add,mid-week swap in: rank 3 is in the top 3; replaces REGN (rank 37),3.0,56.634,Technology,0.0,0.165,mid-week,1
2026-09-09,REGN,drop,mid-week swap out: rank 37 (below 15); replaced by MU (rank 3),37.0,24.3709,Health Care,0.165,0.0,mid-week,1
2026-09-09,SNOW,hold,kept at mid-week check (rank 6),6.0,55.0899,Technology,0.0967,0.0967,mid-week,1
2026-09-09,TEAM,hold,kept at mid-week check (rank 5),5.0,55.96,Technology,0.0513,0.0513,mid-week,1
2026-09-09,VEEV,hold,kept at mid-week check (rank 10),10.0,46.683,Technology,0.0974,0.0974,mid-week,1
2026-09-09,TEM,hold,kept at mid-week check (rank 25),25.0,34.0768,Health Care,0.0564,0.0564,mid-week,1
2026-09-09,APA,hold,kept at mid-week check (rank 2),2.0,62.2222,Energy,0.1142,0.1142,mid-week,1
2026-09-09,NBIS,hold,kept at mid-week check (rank 1),1.0,64.7222,Technology,0.1285,0.1285,mid-week,1
2026-09-11,NBIS,drop,rank 34 outside top 10,34.0,20.6373,Technology,0.1285,0.0,weekly,1
2026-09-16,AMD,hold,kept at mid-week check (rank 16),16.0,45.0123,Technology,0.0618,0.0618,mid-week,1
2026-09-16,GTLB,hold,kept at mid-week check (rank 3),3.0,62.5613,Technology,0.077,0.077,mid-week,1
2026-09-16,HOOD,hold,kept at mid-week check (rank 20),20.0,39.4404,Financials,0.0592,0.0592,mid-week,1
2026-09-16,TEAM,hold,kept at mid-week check (rank 2),2.0,66.1275,Technology,0.0449,0.0449,mid-week,1
2026-09-16,VEEV,hold,kept at mid-week check (rank 14),14.0,46.8627,Technology,0.0854,0.0854,mid-week,1
2026-09-16,TEM,add,mid-week swap in: rank 1 is in the top 3; replaces FANG (no longer qualifies),1.0,67.0302,Health Care,0.0,0.1356,mid-week,1
2026-09-16,APA,hold,kept at mid-week check (rank 9),9.0,52.692,Energy,0.1034,0.1034,mid-week,1
2026-09-16,OXY,hold,kept at mid-week check (rank 28),28.0,27.7288,Energy,0.1345,0.1345,mid-week,1
2026-09-16,DVN,hold,kept at mid-week check (rank 22),22.0,33.6969,Energy,0.1354,0.1354,mid-week,1
2026-09-16,FANG,drop,mid-week swap out: no longer qualifies (below 15); replaced by TEM (rank 1),,-2.884,Energy,0.1356,0.0,mid-week,1
2026-09-16,C,drop,"mid-week exit: no longer qualifies (score <= 0 or no data); sold, cash until the weekly rebalance",,-0.3513,Financials,0.1628,0.0,mid-week,1
2026-09-21,ANET,hold,kept at mid-week check (rank 12),12.0,53.1005,Technology,0.1013,0.1013,mid-week,1
2026-09-21,FTNT,hold,kept at mid-week check (rank 7),7.0,59.4363,Technology,0.1283,0.1283,mid-week,1
2026-09-21,GTLB,hold,kept at mid-week check (rank 1),1.0,66.0172,Technology,0.1037,0.1037,mid-week,1
2026-09-21,HOOD,hold,kept at mid-week check (rank 8),8.0,57.3325,Financials,0.0775,0.0775,mid-week,1
2026-09-21,MRK,hold,kept at mid-week check (rank 18),18.0,43.3701,Health Care,0.1604,0.1604,mid-week,1
2026-09-21,TEAM,hold,kept at mid-week check (rank 3),3.0,62.7696,Technology,0.0602,0.0602,mid-week,1
2026-09-21,TWLO,hold,kept at mid-week check (rank 4),4.0,62.1446,Technology,0.0905,0.0905,mid-week,1
2026-09-21,TEM,hold,kept at mid-week check (rank 6),6.0,60.0858,Health Care,0.062,0.062,mid-week,1
2026-09-21,APA,drop,"mid-week exit: rank 34 (worse than 30); sold, cash until the weekly rebalance",34.0,27.6185,Energy,0.1368,0.0,mid-week,1
2026-09-21,RBRK,hold,kept at mid-week check (rank 2),2.0,62.9779,Technology,0.0793,0.0793,mid-week,1
