Symbol,Entry,Exit,Entry_Open,Exit_Open,Return_net_%,PnL_%_of_equity_at_entry,Sessions,Weeks,Hold bucket,Reason,Exit_Rank,Exit_Score,Below_buy_price_raw,Rebought_4w,Next_Entry,Next_Entry_Open,Churn_cost_%_equity
NOC,2022-04-01,2022-04-04,415.21,423.44,1.7784,0.0783,1,1,1 wk,rank drift (score > 0),12.0,41.3338,False,True,2022-04-11,433.62,0.1164
LMT,2022-04-01,2022-04-04,392.74,397.41,0.9869,0.0538,1,1,1 wk,rank drift (score > 0),16.0,37.8311,False,True,2022-04-11,411.9,0.2112
PANW,2022-04-01,2022-04-04,103.55,102.69,-1.0287,-0.0311,1,1,1 wk,rank drift (score > 0),11.0,42.73,True,True,2022-04-11,100.32,-0.0628
ENPH,2022-04-04,2022-04-11,207.27,191.0,-8.0338,-0.1625,5,1,1 wk,rank drift (score > 0),12.0,39.0555,True,False,2022-06-06,211.0,
ANET,2022-04-04,2022-04-11,34.87,32.25,-7.6984,-0.3035,5,1,1 wk,rank drift (score > 0),15.0,29.2293,True,False,2022-08-22,31.88,
SLB,2022-04-01,2022-04-11,37.16,38.46,3.2916,0.1113,6,1,1 wk,rank drift (score > 0),13.0,35.0193,False,True,2022-04-25,36.08,-0.2023
PANW,2022-04-11,2022-04-18,100.32,103.53,2.9936,0.0877,4,1,1 wk,rank drift (score > 0),12.0,51.1721,False,True,2022-05-02,93.04,-0.2999
AVAV,2022-04-01,2022-04-25,94.29,86.02,-8.9531,-0.1382,15,3,2–3 wk,rank drift (score > 0),12.0,36.5638,True,True,2022-05-23,84.16,-0.0394
BKR,2022-04-01,2022-04-25,33.18,28.01,-15.7503,-0.5267,15,3,2–3 wk,rank drift (score > 0),15.0,12.0684,True,True,2022-05-09,28.62,0.0678
SLB,2022-04-25,2022-05-02,36.08,34.58,-4.3489,-0.144,5,1,1 wk,rank drift (score > 0),14.0,9.6785,True,True,2022-05-09,37.74,0.2988
TSLA,2022-04-25,2022-05-02,326.32,286.92,-12.2497,-0.299,5,1,1 wk,score <= 0,,-28.1352,True,False,2022-07-25,272.22,
RCL,2022-04-18,2022-05-02,79.24,75.18,-5.2598,-0.1564,10,2,2–3 wk,rank drift (score > 0),17.0,1.022,True,False,2022-09-19,48.3,
REGN,2022-04-04,2022-05-09,693.46,606.94,-12.2044,-0.8506,24,5,4–8 wk,rank drift (score > 0),13.0,8.2361,True,True,2022-05-16,634.2,0.304
ACHR,2022-05-02,2022-05-09,4.57,3.74,-18.3254,-0.2944,5,1,1 wk,score <= 0,,-6.457,True,True,2022-05-16,3.79,0.0202
PANW,2022-05-02,2022-05-09,93.04,82.02,-12.0205,-0.3964,5,1,1 wk,score <= 0,,-8.097,True,False,2022-09-06,89.0,
UNH,2022-04-01,2022-05-16,469.46,446.23,-4.6566,-0.323,30,6,4–8 wk,rank drift (score > 0),13.0,17.6165,True,True,2022-05-23,447.04,0.0274
HAL,2022-04-01,2022-05-16,34.64,33.03,-3.8137,-0.1282,30,6,4–8 wk,rank drift (score > 0),12.0,23.2066,True,True,2022-05-23,33.78,0.0936
JOBY,2022-05-09,2022-05-23,5.15,5.24,1.5376,0.0268,10,2,2–3 wk,rank drift (score > 0),11.0,23.1422,False,True,2022-06-06,6.01,0.2626
ACHR,2022-05-16,2022-05-23,3.79,3.49,-8.0996,-0.1498,5,1,1 wk,score <= 0,,-6.8024,True,True,2022-06-06,4.98,0.7264
LMT,2022-04-11,2022-05-23,411.9,379.62,-6.7321,-0.4268,29,6,4–8 wk,rank drift (score > 0),12.0,20.9619,True,True,2022-05-31,395.9,0.2746
UNH,2022-05-23,2022-05-31,447.04,462.97,3.3565,0.2309,5,1,1 wk,rank drift (score > 0),13.0,45.5615,False,True,2022-06-27,454.67,-0.1109
MCK,2022-04-01,2022-06-06,299.7,309.98,2.7635,0.3442,44,9,9+ wk,rank drift (score > 0),12.0,36.6203,False,True,2022-06-13,303.23,-0.1266
REGN,2022-05-16,2022-06-06,634.2,619.63,-2.4926,-0.0936,14,3,2–3 wk,rank drift (score > 0),26.0,3.6498,True,False,2022-09-12,713.62,
LMT,2022-05-31,2022-06-06,395.9,396.63,-0.0158,-0.001,4,1,1 wk,rank drift (score > 0),11.0,41.9784,False,False,2022-07-05,379.62,
JOBY,2022-06-06,2022-06-13,6.01,4.8,-20.2927,-0.5323,5,1,1 wk,rank drift (score > 0),14.0,9.0647,True,False,2022-07-18,5.4,
SLB,2022-05-09,2022-06-21,37.74,34.3,-12.9947,-0.4014,29,6,4–8 wk,score <= 0,,-5.3558,True,False,2022-10-10,38.5,
HAL,2022-05-23,2022-06-21,33.78,29.92,-14.8593,-0.5608,19,4,4–8 wk,rank drift (score > 0),14.0,1.7367,True,False,2022-10-17,27.69,
SMCI,2022-05-02,2022-06-21,4.213,4.43,-1.039,0.1693,34,7,4–8 wk,rank drift (score > 0),13.0,3.1085,False,False,2022-07-25,5.106,
BKR,2022-05-09,2022-06-21,28.62,27.73,-8.9787,-0.2971,29,6,4–8 wk,score <= 0,,-5.7381,True,False,2022-11-14,28.36,
HIMS,2022-06-21,2022-06-27,4.35,4.6,5.5358,0.1634,4,1,1 wk,sector cap displacement,9.0,23.3845,False,True,2022-07-05,4.69,0.0655
AVAV,2022-05-23,2022-06-27,84.16,83.52,-4.3549,-0.1278,23,5,4–8 wk,rank drift (score > 0),18.0,10.0101,True,True,2022-07-05,84.7,0.0516
BIIB,2022-06-21,2022-07-05,204.22,208.98,2.1264,0.1233,9,2,2–3 wk,sector cap displacement,9.0,41.3545,False,False,2022-10-03,269.0,
CDNS,2022-06-27,2022-07-05,157.25,148.98,-5.4484,-0.2138,5,1,1 wk,rank drift (score > 0),17.0,6.5656,True,True,2022-07-11,158.87,0.2558
ACHR,2022-06-06,2022-07-05,4.98,2.83,-43.0218,-0.8922,19,4,4–8 wk,score <= 0,,-21.4075,True,False,2022-08-08,4.4,
LMT,2022-07-05,2022-07-11,379.62,373.46,-1.8192,-0.1378,4,1,1 wk,rank drift (score > 0),29.0,0.8781,True,False,2022-08-22,391.88,
VEEV,2022-06-21,2022-07-11,189.46,208.23,9.6875,0.3412,13,3,2–3 wk,sector cap displacement,11.0,39.8203,False,True,2022-07-18,204.29,-0.0546
AVAV,2022-07-05,2022-07-11,84.7,82.63,-2.6388,-0.0781,4,1,1 wk,rank drift (score > 0),28.0,1.2311,True,True,2022-08-01,85.87,0.1178
GOOGL,2022-07-11,2022-07-18,116.89,111.58,-4.7335,-0.214,5,1,1 wk,score <= 0,,-20.2121,True,False,2023-03-20,99.18,
CVLT,2022-06-21,2022-07-18,61.08,59.67,-2.62,-0.0543,18,4,4–8 wk,score <= 0,,-11.1548,True,False,2022-11-28,65.77,
FTNT,2022-07-11,2022-07-25,62.233,61.18,-1.6613,-0.0638,10,2,2–3 wk,sector cap displacement,8.0,38.7648,True,False,2023-03-06,61.11,
NOC,2022-04-11,2022-07-25,433.62,421.71,-3.0518,-0.2087,71,14,9+ wk,score <= 0,,-4.7632,True,True,2022-08-01,449.22,0.4586
TSLA,2022-07-25,2022-08-01,272.22,301.28,10.4541,0.3218,5,1,1 wk,rank drift (score > 0),13.0,33.0076,False,True,2022-08-15,301.79,0.0122
MRK,2022-04-01,2022-08-01,71.84,78.72,2.7262,0.7351,82,16,9+ wk,rank drift (score > 0),36.0,6.7841,False,True,2022-08-22,80.9,0.2833
UNH,2022-06-27,2022-08-08,454.67,498.1,7.8925,0.6265,29,6,4–8 wk,rank drift (score > 0),19.0,29.9938,False,True,2022-08-22,499.47,0.0372
VEEV,2022-07-18,2022-08-08,204.29,229.39,11.5038,0.4831,15,3,2–3 wk,sector cap displacement,9.0,46.7292,False,False,2023-10-02,202.07,
AVAV,2022-08-01,2022-08-08,85.87,90.78,5.5067,0.2309,5,1,1 wk,rank drift (score > 0),25.0,20.071,False,True,2022-08-22,101.0,0.4973
MCK,2022-06-13,2022-08-15,303.23,356.68,13.8753,1.3521,43,9,9+ wk,rank drift (score > 0),18.0,32.3216,False,True,2022-08-22,361.68,0.1612
UI,2022-08-08,2022-08-15,305.5,306.61,0.1628,0.0083,5,1,1 wk,sector cap displacement,8.0,45.1845,False,True,2022-08-22,306.41,0.0068
ACHR,2022-08-08,2022-08-22,4.4,3.59,-19.1326,-0.5131,10,2,2–3 wk,score <= 0,,-7.1648,True,False,2023-03-06,3.1,
JOBY,2022-07-18,2022-08-22,5.4,5.55,-2.0238,0.0412,25,5,4–8 wk,rank drift (score > 0),35.0,3.457,False,False,2023-05-15,4.68,
HIMS,2022-07-05,2022-08-22,4.69,5.87,10.239,0.4486,34,7,4–8 wk,rank drift (score > 0),17.0,23.1442,False,True,2022-08-29,5.88,0.0155
CDNS,2022-07-11,2022-08-22,158.87,186.34,10.0178,0.7461,30,6,4–8 wk,sector cap displacement,8.0,46.0963,False,False,2023-02-27,195.35,
TSLA,2022-08-15,2022-08-22,301.79,291.91,-3.4671,-0.1523,5,1,1 wk,rank drift (score > 0),14.0,27.0014,True,True,2022-09-12,300.72,0.1409
GTLB,2022-08-15,2022-08-22,69.04,59.51,-13.9758,-0.403,5,1,1 wk,rank drift (score > 0),20.0,21.1803,True,True,2022-08-29,62.48,0.133
UBER,2022-08-08,2022-08-22,32.33,28.34,-12.3898,-0.5173,10,2,2–3 wk,rank drift (score > 0),19.0,22.619,True,True,2022-09-06,29.34,0.1391
ANET,2022-08-22,2022-08-29,31.88,30.33,-5.0521,-0.2034,5,1,1 wk,sector cap displacement,13.0,30.0996,True,False,2022-11-14,32.13,
UNH,2022-08-22,2022-08-29,499.47,485.27,-3.0371,-0.1865,5,1,1 wk,rank drift (score > 0),22.0,19.9704,True,True,2022-09-06,479.67,-0.0577
MRK,2022-08-22,2022-08-29,80.9,78.28,-3.4319,-0.2657,5,1,1 wk,rank drift (score > 0),28.0,11.1889,True,False,2022-10-10,79.88,
UI,2022-08-22,2022-09-06,306.41,288.89,-5.5479,-0.3425,10,2,2–3 wk,sector cap displacement,10.0,24.8396,True,True,2022-09-19,293.64,0.1108
AVAV,2022-08-22,2022-09-06,101.0,82.7,-17.2406,-0.7324,10,2,2–3 wk,rank drift (score > 0),18.0,10.0591,True,True,2022-09-12,99.94,0.7627
GTLB,2022-08-29,2022-09-06,62.48,48.93,-21.8434,-0.4849,5,1,1 wk,score <= 0,,-10.4041,True,False,2024-01-22,69.87,
LMT,2022-08-22,2022-09-06,391.88,376.94,-3.3928,-0.3027,10,2,2–3 wk,rank drift (score > 0),16.0,12.5423,True,False,2022-10-24,412.99,
SNOW,2022-09-06,2022-09-12,170.0,190.0,11.5414,0.3007,4,1,1 wk,rank drift (score > 0),12.0,44.3084,False,True,2022-09-19,183.0,-0.0992
UNH,2022-09-06,2022-09-12,479.67,485.87,1.0902,0.0914,4,1,1 wk,rank drift (score > 0),20.0,27.9443,False,False,2022-12-12,503.01,
ASTS,2022-08-29,2022-09-12,12.01,11.62,-2.5848,-0.0661,9,2,2–3 wk,rank drift (score > 0),14.0,38.6078,True,False,2024-01-02,5.86,
SMCI,2022-07-25,2022-09-19,5.106,5.814,-0.0198,0.6488,39,8,4–8 wk,rank drift (score > 0),11.0,25.7865,False,True,2022-10-10,5.987,0.1068
PANW,2022-09-06,2022-09-19,89.0,85.6,-4.0124,-0.1809,9,2,2–3 wk,rank drift (score > 0),24.0,5.1857,True,False,2023-10-16,129.88,
MCK,2022-08-22,2022-09-19,361.68,336.65,-6.22,-0.6205,19,4,4–8 wk,rank drift (score > 0),12.0,25.2473,True,True,2022-09-26,334.31,-0.0481
HIMS,2022-08-29,2022-09-19,5.88,5.78,-2.1425,-0.0434,14,3,2–3 wk,rank drift (score > 0),18.0,17.533,True,True,2022-09-26,5.3,-0.2811
AVAV,2022-09-12,2022-09-19,99.94,90.97,-9.1573,-0.3533,5,1,1 wk,rank drift (score > 0),20.0,12.8284,True,True,2022-09-26,87.81,-0.1181
RCL,2022-09-19,2022-09-26,48.3,43.41,-10.3038,-0.3438,5,1,1 wk,rank drift (score > 0),14.0,9.1216,True,True,2022-10-17,44.47,0.0817
ZS,2022-09-19,2022-09-26,167.0,158.78,-5.1121,-0.1721,5,1,1 wk,score <= 0,,-8.6327,True,True,2022-10-10,169.49,0.2292
UI,2022-09-19,2022-09-26,293.64,274.53,-6.6948,-0.5882,5,1,1 wk,rank drift (score > 0),12.0,13.1446,True,True,2022-10-03,286.46,0.3849
SNOW,2022-09-19,2022-10-03,183.0,170.67,-6.924,-0.2167,10,2,2–3 wk,rank drift (score > 0),15.0,5.4272,True,False,2024-02-20,226.03,
UBER,2022-09-06,2022-10-03,29.34,26.76,-10.1589,-0.3631,19,4,4–8 wk,rank drift (score > 0),12.0,9.1678,True,False,2023-02-13,34.5,
TSLA,2022-09-12,2022-10-03,300.72,254.5,-15.4973,-0.767,15,3,2–3 wk,rank drift (score > 0),16.0,2.025,True,False,2023-06-26,250.065,
HIMS,2022-09-26,2022-10-10,5.3,5.4,1.6832,0.0913,10,2,2–3 wk,rank drift (score > 0),14.0,7.8796,False,False,2022-11-28,6.09,
ENPH,2022-06-06,2022-10-10,211.0,252.54,-2.6843,0.3828,87,17,9+ wk,score <= 0,,-4.9165,False,False,2022-11-14,299.07,
NFLX,2022-10-03,2022-10-10,23.79,22.56,-5.3597,-0.214,5,1,1 wk,score <= 0,,-3.8991,True,True,2022-10-24,29.02,1.093
AVAV,2022-09-26,2022-10-10,87.81,76.63,-12.9064,-0.533,10,2,2–3 wk,score <= 0,,-20.9851,True,False,2022-11-21,92.73,
SMCI,2022-10-10,2022-10-17,5.987,5.544,-7.5844,-0.2384,5,1,1 wk,rank drift (score > 0),12.0,8.4449,True,True,2022-10-31,6.858,0.6994
ZS,2022-10-10,2022-10-17,169.49,141.13,-16.8989,-0.4357,5,1,1 wk,score <= 0,,-39.3548,True,False,2023-10-02,159.05,
HOOD,2022-09-19,2022-10-24,9.98,10.15,1.3246,0.075,25,5,4–8 wk,rank drift (score > 0),15.0,27.8309,False,True,2022-10-31,11.45,0.3791
RCL,2022-10-17,2022-10-24,44.47,47.57,6.7573,0.1608,5,1,1 wk,rank drift (score > 0),18.0,21.3755,False,True,2022-11-14,57.2,0.5033
HAL,2022-10-17,2022-10-24,27.69,31.3,12.8113,0.4666,5,1,1 wk,rank drift (score > 0),12.0,41.4818,False,True,2022-11-07,35.55,0.5486
NFLX,2022-10-24,2022-10-31,29.02,29.51,1.4853,0.0461,5,1,1 wk,rank drift (score > 0),13.0,43.4299,False,False,2022-12-05,31.65,
UI,2022-10-03,2022-10-31,286.46,336.44,17.1945,0.9956,20,4,4–8 wk,rank drift (score > 0),12.0,45.957,False,False,2024-07-15,163.62,
NOC,2022-08-01,2022-11-07,449.22,489.83,7.255,0.6171,69,14,9+ wk,rank drift (score > 0),11.0,48.0784,False,True,2022-11-28,493.03,0.0529
REGN,2022-09-12,2022-11-14,713.62,730.98,2.2275,0.0641,45,9,9+ wk,rank drift (score > 0),20.0,26.1904,False,True,2022-12-05,754.88,0.1477
LMT,2022-10-24,2022-11-14,412.99,420.43,1.2062,0.0861,15,3,2–3 wk,rank drift (score > 0),14.0,36.8258,False,True,2022-11-21,430.45,0.1838
MCK,2022-09-26,2022-11-14,334.31,352.07,3.5466,0.3757,35,7,4–8 wk,rank drift (score > 0),32.0,10.0601,False,False,2022-12-19,366.21,
MRK,2022-10-10,2022-11-14,79.88,87.67,8.416,0.8928,25,5,4–8 wk,rank drift (score > 0),17.0,31.4593,False,True,2022-11-21,93.27,0.6801
HOOD,2022-10-31,2022-11-14,11.45,10.0,-13.0256,-0.4263,10,2,2–3 wk,rank drift (score > 0),33.0,7.2674,True,False,2023-12-26,13.0,
RCL,2022-11-14,2022-11-21,57.2,56.66,-1.142,-0.0403,5,1,1 wk,rank drift (score > 0),12.0,39.2343,True,False,2023-01-17,61.44,
BKR,2022-11-14,2022-11-21,28.36,26.29,-7.4842,-0.429,5,1,1 wk,rank drift (score > 0),20.0,25.5093,True,False,2022-12-27,27.1,
HAL,2022-11-07,2022-11-21,35.55,32.7,-8.0373,-0.3947,10,2,2–3 wk,rank drift (score > 0),15.0,37.1858,True,True,2022-12-05,36.28,0.5133
SLB,2022-10-10,2022-11-28,38.5,45.03,8.1893,0.5425,34,7,4–8 wk,rank drift (score > 0),16.0,40.0732,False,False,2022-12-27,48.68,
ORCL,2022-11-14,2022-11-28,73.93,78.35,5.7669,0.4376,9,2,2–3 wk,sector cap displacement,9.0,47.35,False,True,2022-12-12,76.63,-0.1448
AVAV,2022-11-21,2022-11-28,92.73,91.5,-1.5236,-0.054,4,1,1 wk,rank drift (score > 0),17.0,35.4156,True,False,2023-03-13,88.55,
VRT,2022-10-24,2022-12-05,13.2,14.43,4.809,0.1581,29,6,4–8 wk,rank drift (score > 0),12.0,46.8237,False,False,2023-01-03,13.81,
NOC,2022-11-28,2022-12-05,493.03,506.94,2.6159,0.1561,5,1,1 wk,rank drift (score > 0),13.0,45.8909,False,True,2022-12-19,497.6,-0.0996
SMCI,2022-10-31,2022-12-05,6.858,8.65,20.6624,0.8257,24,5,4–8 wk,rank drift (score > 0),14.0,43.7929,False,True,2022-12-12,8.515,-0.0415
ANET,2022-11-14,2022-12-12,32.13,31.97,-0.7149,0.042,19,4,4–8 wk,rank drift (score > 0),16.0,23.0892,True,False,2023-03-13,36.29,
HAL,2022-12-05,2022-12-12,36.28,30.48,-16.1546,-0.6573,5,1,1 wk,score <= 0,,-17.5633,True,True,2022-12-19,33.27,0.3246
CVLT,2022-11-28,2022-12-12,65.77,64.75,-1.7615,-0.1357,10,2,2–3 wk,rank drift (score > 0),14.0,29.7111,True,True,2023-01-09,65.95,0.1564
BIIB,2022-10-03,2022-12-12,269.0,285.0,3.2098,0.1312,49,10,9+ wk,rank drift (score > 0),11.0,37.6817,False,True,2022-12-19,284.9,0.0039
REGN,2022-12-05,2022-12-19,754.88,714.25,-4.1906,-0.2856,10,2,2–3 wk,rank drift (score > 0),14.0,25.3983,True,False,2023-03-27,813.7,
UNH,2022-12-12,2022-12-19,503.01,486.99,-3.3783,-0.2503,5,1,1 wk,rank drift (score > 0),18.0,20.3731,True,False,2023-09-25,477.3,
NFLX,2022-12-05,2022-12-19,31.65,28.97,-8.6505,-0.2405,10,2,2–3 wk,rank drift (score > 0),17.0,21.7755,True,True,2023-01-09,31.68,0.2536
ENPH,2022-11-14,2022-12-19,299.07,308.11,2.8169,0.1748,24,5,4–8 wk,rank drift (score > 0),11.0,28.7098,False,False,2026-02-09,50.01,
BIIB,2022-12-19,2022-12-27,284.9,279.89,-1.9548,-0.0433,5,1,1 wk,rank drift (score > 0),13.0,23.7621,True,False,2023-05-01,305.75,
SMCI,2022-12-12,2022-12-27,8.515,8.251,-2.9982,-0.0927,10,2,2–3 wk,rank drift (score > 0),12.0,29.5672,True,False,2023-02-13,8.945,
MCK,2022-12-19,2023-01-03,366.21,366.22,-0.1971,0.011,9,2,2–3 wk,rank drift (score > 0),12.0,28.7099,False,True,2023-01-09,379.22,0.2475
NOC,2022-12-19,2023-01-09,497.6,486.74,-2.5944,-0.1324,13,3,2–3 wk,rank drift (score > 0),19.0,17.6679,True,False,2023-10-23,462.56,
HIMS,2022-11-28,2023-01-09,6.09,6.25,1.0463,0.1302,28,6,4–8 wk,rank drift (score > 0),16.0,22.8108,False,True,2023-01-17,7.51,0.4984
LMT,2022-11-21,2023-01-09,430.45,423.45,-2.0374,-0.095,32,6,4–8 wk,rank drift (score > 0),20.0,15.7435,True,False,2023-03-13,429.83,
CVLT,2023-01-09,2023-01-17,65.95,55.0,-16.7701,-1.082,5,1,1 wk,score <= 0,,-31.0341,True,False,2024-04-08,100.8,
NFLX,2023-01-09,2023-01-17,31.68,33.11,4.3051,0.1201,5,1,1 wk,rank drift (score > 0),12.0,40.8433,False,True,2023-01-23,34.17,0.0997
MRK,2022-11-21,2023-01-23,93.27,98.3,4.049,0.4921,41,8,4–8 wk,rank drift (score > 0),20.0,22.7929,False,False,2023-04-24,104.12,
MCK,2023-01-09,2023-01-23,379.22,371.73,-2.0759,-0.1572,9,2,2–3 wk,rank drift (score > 0),30.0,11.7677,True,False,2023-09-25,433.87,
ORCL,2022-12-12,2023-01-30,76.63,84.74,7.5468,0.6444,32,6,4–8 wk,rank drift (score > 0),13.0,38.3847,False,False,2023-09-11,122.6,
BKR,2022-12-27,2023-01-30,27.1,28.56,3.3548,0.2079,22,4,4–8 wk,rank drift (score > 0),14.0,36.3285,False,True,2023-02-06,29.11,0.1251
HAL,2022-12-19,2023-01-30,33.27,37.04,6.9536,0.3621,27,5,4–8 wk,rank drift (score > 0),15.0,34.6941,False,False,2023-08-14,37.75,
VRT,2023-01-03,2023-01-30,13.81,14.04,-0.0426,-0.0017,18,4,4–8 wk,rank drift (score > 0),19.0,30.5291,False,True,2023-02-21,15.77,0.4952
SLB,2022-12-27,2023-02-06,48.68,48.19,-5.5276,-0.7794,27,5,4–8 wk,rank drift (score > 0),58.0,2.5568,True,True,2023-03-06,50.86,0.7469
AVGO,2022-12-12,2023-02-06,51.37,56.42,3.9337,0.6312,37,7,4–8 wk,sector cap displacement,11.0,42.7259,False,False,2023-03-13,57.73,
NOW,2023-01-30,2023-02-06,90.4,91.1,0.573,0.0539,5,1,1 wk,sector cap displacement,12.0,41.8687,False,True,2023-02-13,91.86,0.0944
CIFR,2023-02-06,2023-02-13,1.8,1.48,-17.9421,-0.6316,5,1,1 wk,rank drift (score > 0),16.0,32.2077,True,True,2023-02-21,1.9,0.8178
LRCX,2023-01-30,2023-02-13,46.03,49.11,5.5273,0.6112,10,2,2–3 wk,rank drift (score > 0),24.0,24.7035,False,False,2024-04-01,95.27,
NFLX,2023-01-23,2023-02-13,34.17,34.95,-1.4061,-0.1807,15,3,2–3 wk,rank drift (score > 0),18.0,29.8974,False,True,2023-02-21,34.29,-0.2029
SHOP,2023-01-30,2023-02-21,49.58,42.13,-15.9335,-1.323,15,3,2–3 wk,rank drift (score > 0),27.0,20.3703,True,True,2023-03-20,44.11,0.3368
NVDA,2023-01-23,2023-02-21,18.0,20.93,8.7192,0.854,20,4,4–8 wk,sector cap displacement,12.0,43.9099,False,True,2023-02-27,23.59,1.1411
BKR,2023-02-06,2023-02-21,29.11,28.19,-3.3539,-0.5027,10,2,2–3 wk,rank drift (score > 0),33.0,17.1249,True,False,2023-08-21,33.19,
NOW,2023-02-13,2023-02-21,91.86,86.36,-6.1752,-0.7076,5,1,1 wk,rank drift (score > 0),42.0,9.1704,True,False,2023-11-20,130.8,
SMCI,2023-02-13,2023-02-21,8.945,9.05,0.9717,0.0825,5,1,1 wk,sector cap displacement,7.0,48.2418,False,True,2023-02-27,9.886,0.841
MSTR,2023-02-21,2023-02-27,28.6,26.34,-8.0861,-0.6148,4,1,1 wk,sector cap displacement,17.0,28.8847,True,False,2023-04-10,28.98,
NFLX,2023-02-21,2023-02-27,34.29,32.39,-5.7297,-0.8194,4,1,1 wk,rank drift (score > 0),40.0,0.7609,True,False,2023-05-30,39.75,
CIFR,2023-02-21,2023-02-27,1.9,1.52,-20.1598,-0.7283,4,1,1 wk,sector cap displacement,12.0,37.662,True,True,2023-03-20,2.33,1.596
SOUN,2023-02-21,2023-02-27,4.075,3.63,-11.0982,-0.2983,4,1,1 wk,sector cap displacement,8.0,43.1283,True,False,2023-06-20,3.39,
APLD,2023-02-06,2023-02-27,3.24,2.66,-17.4223,-1.2827,14,3,2–3 wk,sector cap displacement,15.0,33.1283,True,False,2023-05-22,8.51,
UBER,2023-02-13,2023-03-06,34.5,34.585,0.5162,-0.0047,14,3,2–3 wk,rank drift (score > 0),20.0,34.445,False,False,2023-05-08,37.82,
NVTS,2023-02-27,2023-03-06,6.01,6.43,6.7746,0.4623,5,1,1 wk,sector cap displacement,12.0,47.717,False,True,2023-04-03,7.3,0.969
SOFI,2023-02-27,2023-03-06,6.45,6.8,5.2157,0.4698,5,1,1 wk,rank drift (score > 0),30.0,20.9611,False,False,2023-07-24,9.44,
CDNS,2023-02-27,2023-03-06,195.35,196.94,0.6125,0.0979,5,1,1 wk,sector cap displacement,11.0,47.8851,False,True,2023-03-13,194.55,-0.1578
VRT,2023-02-21,2023-03-13,15.77,13.89,-12.2623,-1.1057,14,3,2–3 wk,rank drift (score > 0),21.0,11.074,True,False,2023-06-12,21.22,
RCL,2023-01-17,2023-03-13,61.44,62.66,-1.3483,0.2579,38,8,4–8 wk,rank drift (score > 0),18.0,13.7207,False,False,2023-05-08,74.03,
TWLO,2023-03-06,2023-03-13,74.08,62.75,-15.4635,-1.3832,5,1,1 wk,sector cap displacement,16.0,20.2347,True,False,2025-01-21,113.56,
FTNT,2023-03-06,2023-03-13,61.11,58.22,-4.9195,-0.6581,5,1,1 wk,sector cap displacement,13.0,39.3943,True,False,2023-04-17,68.36,
SLB,2023-03-06,2023-03-13,50.86,45.27,-11.1688,-1.6049,5,1,1 wk,score <= 0,,-7.4327,True,False,2023-08-14,54.81,
SMCI,2023-02-27,2023-03-13,9.886,9.1,-8.1341,-0.695,10,2,2–3 wk,sector cap displacement,12.0,40.8607,True,True,2023-03-27,11.2,1.9593
CDNS,2023-03-13,2023-03-20,194.55,207.0,6.1868,0.42,5,1,1 wk,sector cap displacement,9.0,53.4166,False,False,2025-04-28,288.02,
LMT,2023-03-13,2023-03-20,429.83,426.5,-0.973,-0.1207,5,1,1 wk,score <= 0,,-11.7427,True,True,2023-04-10,447.95,0.6287
IREN,2023-03-13,2023-03-20,2.68,3.21,19.5368,0.2106,5,1,1 wk,rank drift (score > 0),32.0,7.4759,False,True,2023-04-17,4.22,0.3994
AVGO,2023-03-13,2023-03-20,57.73,60.17,4.0183,0.2793,5,1,1 wk,sector cap displacement,8.0,53.6225,False,False,2023-10-16,86.25,
ACHR,2023-03-06,2023-03-20,3.1,2.57,-17.2624,-0.6689,10,2,2–3 wk,score <= 0,,-21.3772,True,False,2023-07-03,4.2,
HIMS,2023-01-17,2023-03-27,7.51,9.63,6.3248,2.0336,48,10,9+ wk,rank drift (score > 0),29.0,23.4871,False,True,2023-04-03,9.92,0.2449
AVAV,2023-03-13,2023-03-27,88.55,90.99,0.808,0.1305,10,2,2–3 wk,rank drift (score > 0),27.0,25.0897,False,True,2023-04-03,91.67,0.1488
ANET,2023-03-13,2023-03-27,36.29,42.35,8.7368,1.3687,10,2,2–3 wk,sector cap displacement,5.0,63.5007,False,False,2023-08-07,45.03,
COIN,2023-03-20,2023-04-03,76.76,66.01,-12.9269,-0.6856,10,2,2–3 wk,rank drift (score > 0),32.0,28.1775,True,False,2023-07-24,99.23,
SMCI,2023-03-27,2023-04-03,11.2,10.66,-5.0116,-0.4522,5,1,1 wk,sector cap displacement,10.0,47.92,True,True,2023-04-17,10.92,0.2261
GOOGL,2023-03-20,2023-04-03,99.18,101.42,2.0401,0.2964,10,2,2–3 wk,rank drift (score > 0),37.0,16.5626,False,True,2023-04-10,105.97,0.6838
SHOP,2023-03-20,2023-04-10,44.11,44.69,1.0873,0.1369,14,3,2–3 wk,rank drift (score > 0),36.0,14.6758,False,True,2023-04-24,48.85,0.7464
DASH,2023-03-27,2023-04-10,61.41,59.52,-3.2713,-0.2917,9,2,2–3 wk,rank drift (score > 0),29.0,22.0774,True,False,2023-05-15,66.27,
AMD,2023-03-20,2023-04-10,96.3,91.32,-5.4113,-0.5746,14,3,2–3 wk,sector cap displacement,15.0,40.3872,True,False,2023-05-15,95.2,
NVTS,2023-04-03,2023-04-10,7.3,6.7,-8.4026,-0.5927,4,1,1 wk,sector cap displacement,20.0,35.9419,True,True,2023-04-24,6.84,0.1476
IONQ,2023-04-10,2023-04-17,6.84,6.68,-2.5343,-0.1258,5,1,1 wk,sector cap displacement,8.0,55.4145,True,True,2023-04-24,6.28,-0.2792
MSTR,2023-04-10,2023-04-17,28.98,32.15,10.7169,0.5198,5,1,1 wk,sector cap displacement,7.0,55.4523,False,True,2023-05-01,31.97,-0.0193
LMT,2023-04-10,2023-04-17,447.95,443.22,-1.2536,-0.3377,5,1,1 wk,rank drift (score > 0),39.0,19.0994,True,False,2024-04-22,435.72,
AVAV,2023-04-03,2023-04-17,91.67,105.84,15.2269,2.5011,9,2,2–3 wk,rank drift (score > 0),28.0,29.9524,False,True,2023-04-24,102.48,-0.3653
NVDA,2023-02-27,2023-04-17,23.59,26.48,6.4295,0.3422,34,7,4–8 wk,sector cap displacement,10.0,51.9397,False,True,2023-05-01,27.75,0.4083
SMCI,2023-04-17,2023-04-24,10.92,9.751,-10.8835,-0.9613,5,1,1 wk,rank drift (score > 0),26.0,27.5896,True,True,2023-05-08,13.6,3.1902
FTNT,2023-04-17,2023-04-24,68.36,67.08,-2.0685,-0.3371,5,1,1 wk,sector cap displacement,8.0,44.0476,True,False,2024-08-19,74.69,
MARA,2023-04-17,2023-04-24,11.05,9.02,-18.5341,-0.7851,5,1,1 wk,rank drift (score > 0),38.0,12.035,True,False,2023-06-26,12.55,
GOOGL,2023-04-10,2023-04-24,105.97,104.5,-1.046,-0.1589,10,2,2–3 wk,rank drift (score > 0),27.0,27.3129,True,True,2023-05-15,115.02,1.5712
REGN,2023-03-27,2023-04-24,813.7,792.95,-3.2723,-0.7791,19,4,4–8 wk,rank drift (score > 0),33.0,23.2161,True,False,2023-10-09,827.17,
APP,2023-04-17,2023-04-24,16.41,16.53,0.53,0.038,5,1,1 wk,rank drift (score > 0),24.0,33.5062,False,True,2023-05-01,16.97,0.211
IONQ,2023-04-24,2023-05-01,6.28,5.53,-12.1186,-0.7471,5,1,1 wk,rank drift (score > 0),26.0,30.4673,True,True,2023-05-22,9.01,3.4867
CIFR,2023-03-20,2023-05-01,2.33,2.25,-4.2764,-0.1249,29,6,4–8 wk,sector cap displacement,9.0,50.4715,True,False,2023-07-10,3.885,
CRM,2023-04-24,2023-05-01,194.73,194.06,-0.5432,-0.0829,5,1,1 wk,sector cap displacement,11.0,48.564,True,False,,,
NVTS,2023-04-24,2023-05-01,6.84,5.35,-21.9399,-1.6075,5,1,1 wk,score <= 0,,-18.8226,True,False,2023-06-05,8.89,
AVAV,2023-04-24,2023-05-01,102.48,101.07,-1.5729,-0.2441,5,1,1 wk,rank drift (score > 0),30.0,28.3882,True,False,2023-09-25,111.83,
SHOP,2023-04-24,2023-05-01,48.85,48.13,-1.6708,-0.145,5,1,1 wk,rank drift (score > 0),25.0,32.0675,True,True,2023-05-08,61.6,2.4516
IREN,2023-04-17,2023-05-08,4.22,3.68,-12.9704,-0.371,15,3,2–3 wk,rank drift (score > 0),25.0,31.1746,True,False,2024-06-03,8.245,
BIIB,2023-05-01,2023-05-08,305.75,317.48,3.629,0.7178,5,1,1 wk,rank drift (score > 0),22.0,35.0618,False,False,2025-10-27,150.07,
MSTR,2023-05-01,2023-05-08,31.97,31.09,-2.9469,-0.1529,5,1,1 wk,sector cap displacement,6.0,53.2948,True,False,2023-10-30,42.27,
APP,2023-05-01,2023-05-08,16.97,17.2,1.1528,0.0692,5,1,1 wk,rank drift (score > 0),24.0,31.998,False,True,2023-05-15,21.55,1.5272
SHOP,2023-05-08,2023-05-15,61.6,60.76,-1.5607,-0.0946,5,1,1 wk,rank drift (score > 0),15.0,42.1663,True,True,2023-05-22,60.21,-0.0422
HIMS,2023-04-03,2023-05-15,9.92,10.79,9.1724,1.0793,29,6,4–8 wk,rank drift (score > 0),27.0,23.8829,False,False,2024-02-12,9.9,
MRK,2023-04-24,2023-05-15,104.12,105.47,1.0942,0.223,15,3,2–3 wk,rank drift (score > 0),26.0,28.7527,False,False,2024-04-22,117.21,
UBER,2023-05-08,2023-05-15,37.82,38.34,1.1724,0.1113,5,1,1 wk,rank drift (score > 0),22.0,37.6789,False,True,2023-05-22,39.13,0.2177
RCL,2023-05-08,2023-05-15,74.03,72.62,-2.1006,-0.2099,5,1,1 wk,rank drift (score > 0),19.0,40.4604,True,True,2023-06-05,83.32,1.4651
MSFT,2023-05-01,2023-05-15,298.66,300.73,0.4719,0.0715,10,2,2–3 wk,sector cap displacement,9.0,51.7327,False,False,2023-10-30,325.78,
AMD,2023-05-15,2023-05-22,95.2,104.68,9.7383,1.0063,5,1,1 wk,sector cap displacement,9.0,54.2201,False,False,2024-01-16,150.36,
MDB,2023-05-01,2023-05-22,237.0,275.18,15.8777,1.13,15,3,2–3 wk,sector cap displacement,8.0,56.5898,False,True,2023-06-05,379.22,2.8585
JOBY,2023-05-15,2023-05-22,4.68,5.21,11.1024,0.8389,5,1,1 wk,rank drift (score > 0),27.0,35.001,False,True,2023-06-05,5.72,0.7818
DASH,2023-05-15,2023-05-22,66.27,66.56,0.2369,0.022,5,1,1 wk,rank drift (score > 0),23.0,40.7821,False,False,2023-07-31,90.11,
AMZN,2023-05-15,2023-05-30,111.15,122.37,9.2955,1.5222,10,2,2–3 wk,rank drift (score > 0),22.0,38.5981,False,False,2023-08-07,140.99,
UBER,2023-05-22,2023-05-30,39.13,38.73,-1.22,-0.1484,5,1,1 wk,rank drift (score > 0),23.0,37.9427,True,True,2023-06-26,43.75,1.4595
SHOP,2023-05-22,2023-06-05,60.21,58.04,-3.9264,-0.4024,9,2,2–3 wk,rank drift (score > 0),25.0,34.5216,True,False,2023-07-17,68.6,
NFLX,2023-05-30,2023-06-05,39.75,40.05,0.5534,0.0833,4,1,1 wk,rank drift (score > 0),27.0,33.3932,False,False,2023-10-30,40.24,
IONQ,2023-05-22,2023-06-05,9.01,9.46,4.7847,0.2745,9,2,2–3 wk,sector cap displacement,6.0,56.8527,False,True,2023-06-12,10.65,0.6997
GOOGL,2023-05-15,2023-06-05,115.02,122.84,4.3524,0.9932,14,3,2–3 wk,rank drift (score > 0),37.0,27.8008,False,False,2023-08-14,128.17,
SMCI,2023-05-08,2023-06-05,13.6,21.91,60.7811,3.3858,19,4,4–8 wk,sector cap displacement,5.0,58.4031,False,True,2023-06-12,26.47,1.2815
NVDA,2023-05-01,2023-06-12,27.75,39.08,30.7217,4.6432,29,6,4–8 wk,sector cap displacement,6.0,57.9998,False,True,2023-06-20,42.87,1.1133
APP,2023-05-15,2023-06-12,21.55,22.83,-0.1428,-0.0172,19,4,4–8 wk,rank drift (score > 0),22.0,33.5865,False,True,2023-06-20,23.69,0.3907
NVTS,2023-06-05,2023-06-12,8.89,9.32,4.6274,0.3502,5,1,1 wk,sector cap displacement,10.0,54.8569,False,False,2025-05-27,4.535,
RCL,2023-06-05,2023-06-20,83.32,91.54,9.1707,1.6287,10,2,2–3 wk,rank drift (score > 0),31.0,33.3905,False,True,2023-06-26,91.11,-0.0486
IONQ,2023-06-12,2023-06-20,10.65,9.65,-9.5707,-0.6504,5,1,1 wk,rank drift (score > 0),30.0,33.9755,True,True,2023-07-03,13.79,2.5733
MDB,2023-06-05,2023-06-20,379.22,379.77,0.0497,0.005,10,2,2–3 wk,sector cap displacement,12.0,43.6519,False,True,2023-06-26,388.5,0.2344
SMCI,2023-06-12,2023-06-26,26.47,21.97,-14.858,-1.411,9,2,2–3 wk,sector cap displacement,10.0,51.8486,True,True,2023-07-10,26.2,1.5597
UPST,2023-06-05,2023-06-26,29.57,30.085,1.5384,0.1525,14,3,2–3 wk,rank drift (score > 0),31.0,24.5972,False,True,2023-07-03,35.66,0.9028
JOBY,2023-06-05,2023-06-26,5.72,6.32,10.2209,1.4556,14,3,2–3 wk,rank drift (score > 0),39.0,21.4236,False,True,2023-07-03,10.44,6.8378
APP,2023-06-20,2023-06-26,23.69,23.49,-1.0424,-0.1211,4,1,1 wk,rank drift (score > 0),46.0,15.1068,True,True,2023-07-17,28.3,2.4286
APLD,2023-05-22,2023-06-26,8.51,8.82,4.8372,0.2115,23,5,4–8 wk,rank drift (score > 0),23.0,33.9242,False,False,2023-07-31,9.45,
VRT,2023-06-12,2023-07-03,21.22,24.7,15.9204,1.9473,14,3,2–3 wk,rank drift (score > 0),13.0,52.7837,False,True,2023-07-10,24.64,-0.0045
NVDA,2023-06-20,2023-07-03,42.87,42.39,-1.3172,-0.1748,9,2,2–3 wk,rank drift (score > 0),18.0,47.0962,True,True,2023-07-17,46.15,0.8233
UBER,2023-06-26,2023-07-03,43.75,43.17,-1.5229,-0.2248,5,1,1 wk,rank drift (score > 0),25.0,37.3095,True,False,2023-09-11,47.74,
META,2023-01-30,2023-07-03,147.99,283.98,20.4593,6.4898,106,21,9+ wk,rank drift (score > 0),34.0,31.9981,False,False,2023-08-07,310.26,
MDB,2023-06-26,2023-07-10,388.5,382.41,-3.2441,-0.3695,9,2,2–3 wk,rank drift (score > 0),24.0,36.2561,True,True,2023-07-24,413.1,0.8642
SOUN,2023-06-20,2023-07-10,3.39,3.6,-0.8757,0.1231,13,3,2–3 wk,rank drift (score > 0),14.0,47.399,False,False,2024-02-20,4.09,
UPST,2023-07-03,2023-07-10,35.66,37.17,4.0262,0.2519,4,1,1 wk,rank drift (score > 0),17.0,43.3403,False,True,2023-07-24,54.15,3.0063
RCL,2023-06-26,2023-07-17,91.11,94.31,0.4927,0.1898,14,3,2–3 wk,rank drift (score > 0),38.0,30.1528,False,False,2023-12-04,107.07,
MARA,2023-06-26,2023-07-17,12.55,18.18,39.8915,2.6947,14,3,2–3 wk,sector cap displacement,11.0,52.0427,False,False,2023-12-11,15.67,
JOBY,2023-07-03,2023-07-17,10.44,9.93,-5.0751,-0.4226,9,2,2–3 wk,rank drift (score > 0),14.0,47.1712,True,False,2024-07-22,6.57,
TSLA,2023-06-26,2023-07-24,250.065,255.85,-1.098,-0.0965,19,4,4–8 wk,rank drift (score > 0),47.0,8.9588,False,False,2023-09-18,271.16,
NVDA,2023-07-17,2023-07-24,46.15,44.59,-3.5733,-0.4454,5,1,1 wk,rank drift (score > 0),20.0,37.9538,True,True,2023-07-31,46.61,0.585
APP,2023-07-17,2023-07-24,28.3,29.5,4.032,0.4625,5,1,1 wk,rank drift (score > 0),22.0,36.7973,False,True,2023-07-31,31.31,0.7779
VRT,2023-07-10,2023-07-24,24.64,25.42,2.7399,0.4114,10,2,2–3 wk,rank drift (score > 0),27.0,35.8508,False,True,2023-08-07,34.87,5.564
ACHR,2023-07-03,2023-07-24,4.2,4.5,6.697,0.648,14,3,2–3 wk,rank drift (score > 0),24.0,36.502,False,True,2023-07-31,5.28,1.1755
SHOP,2023-07-17,2023-07-24,68.6,67.0,-2.5275,-0.296,5,1,1 wk,rank drift (score > 0),40.0,17.7025,True,False,2023-12-04,73.0,
SOFI,2023-07-24,2023-07-31,9.44,10.39,9.8437,1.2221,5,1,1 wk,rank drift (score > 0),27.0,37.0655,False,False,2024-01-02,9.71,
AFRM,2023-07-24,2023-07-31,17.15,17.55,2.1279,0.2258,5,1,1 wk,rank drift (score > 0),26.0,37.4731,False,True,2023-08-28,18.1,0.3468
MDB,2023-07-24,2023-07-31,413.1,415.77,0.4452,0.0571,5,1,1 wk,rank drift (score > 0),13.0,44.8455,False,False,2025-11-10,363.32,
CIFR,2023-07-10,2023-07-31,3.885,3.67,-7.6204,-0.2313,15,3,2–3 wk,rank drift (score > 0),30.0,34.7488,True,False,2023-10-30,3.43,
RKLB,2023-07-24,2023-07-31,7.47,7.11,-5.0094,-0.7432,5,1,1 wk,rank drift (score > 0),21.0,39.9231,True,False,2024-07-15,5.59,
DASH,2023-07-31,2023-08-07,90.11,83.06,-8.0079,-2.2087,5,1,1 wk,rank drift (score > 0),22.0,28.9743,True,False,2023-11-06,92.49,
NVDA,2023-07-31,2023-08-07,46.61,44.97,-3.7113,-0.496,5,1,1 wk,rank drift (score > 0),13.0,36.8002,True,True,2023-08-28,46.34,0.435
COIN,2023-07-24,2023-08-07,99.23,87.2,-12.2989,-1.17,10,2,2–3 wk,rank drift (score > 0),30.0,24.1467,True,False,2023-11-13,91.78,
APLD,2023-07-31,2023-08-07,9.45,7.79,-17.7308,-0.6913,5,1,1 wk,rank drift (score > 0),35.0,15.9262,True,False,2024-09-16,5.9,
UPST,2023-07-24,2023-08-14,54.15,33.35,-38.5349,-0.9892,15,3,2–3 wk,score <= 0,,-0.0952,True,False,2023-12-18,43.825,
ANET,2023-08-07,2023-08-14,45.03,43.58,-3.4134,-0.362,5,1,1 wk,rank drift (score > 0),14.0,35.8115,True,True,2023-08-21,45.38,0.4684
META,2023-08-07,2023-08-14,310.26,298.12,-4.1048,-0.928,5,1,1 wk,rank drift (score > 0),13.0,36.6693,True,False,2023-09-25,292.84,
SMCI,2023-07-10,2023-08-14,26.2,25.04,-7.0755,0.1207,25,5,4–8 wk,rank drift (score > 0),24.0,11.177,True,False,2023-10-09,28.4,
CVNA,2023-05-30,2023-08-21,2.482,7.884,157.1731,6.23,57,11,9+ wk,rank drift (score > 0),11.0,28.6064,False,True,2023-08-28,8.358,0.1637
IONQ,2023-07-03,2023-08-21,13.79,13.72,-1.3511,1.4066,34,7,4–8 wk,rank drift (score > 0),21.0,13.093,True,True,2023-09-11,19.2,1.4767
SLB,2023-08-14,2023-08-28,54.81,52.2,-4.9522,-0.7288,10,2,2–3 wk,rank drift (score > 0),21.0,17.3342,True,True,2023-09-18,56.47,1.1049
TEAM,2023-08-14,2023-08-28,195.2,191.61,-2.0353,-0.2031,10,2,2–3 wk,rank drift (score > 0),11.0,35.3803,True,False,2023-10-02,201.8,
BKR,2023-08-21,2023-08-28,33.19,33.24,-0.0495,-0.0083,5,1,1 wk,rank drift (score > 0),12.0,35.0148,False,True,2023-09-05,34.96,0.9035
HAL,2023-08-14,2023-08-28,37.75,35.75,-5.4872,-0.7269,10,2,2–3 wk,rank drift (score > 0),17.0,21.9896,True,True,2023-09-11,38.89,1.0521
AMZN,2023-08-07,2023-08-28,140.99,133.78,-5.3034,-0.9269,15,3,2–3 wk,rank drift (score > 0),14.0,31.1232,True,True,2023-09-05,137.73,0.4076
AFRM,2023-08-28,2023-09-05,18.1,21.77,20.0359,1.0236,5,1,1 wk,rank drift (score > 0),11.0,48.1456,False,True,2023-09-18,24.295,0.6791
GOOGL,2023-08-14,2023-09-05,128.17,134.16,4.2168,0.7072,15,3,2–3 wk,rank drift (score > 0),13.0,42.3083,False,True,2023-09-11,135.25,0.1862
AMZN,2023-09-05,2023-09-11,137.73,138.75,0.5393,0.0737,4,1,1 wk,rank drift (score > 0),21.0,39.2673,False,True,2023-09-18,140.48,0.1997
INTU,2023-08-28,2023-09-11,506.93,538.34,5.9839,1.0996,9,2,2–3 wk,sector cap displacement,10.0,45.0496,False,False,2025-05-27,715.49,
NVDA,2023-08-28,2023-09-11,46.34,46.01,-0.9105,-0.0595,9,2,2–3 wk,rank drift (score > 0),27.0,34.5916,True,True,2023-10-09,44.71,-0.2539
VRT,2023-08-07,2023-09-11,34.87,38.03,7.6561,0.4072,24,5,4–8 wk,rank drift (score > 0),12.0,43.3126,False,True,2023-09-25,36.3,-0.2632
BKR,2023-09-05,2023-09-11,34.96,35.06,0.0857,0.0172,4,1,1 wk,rank drift (score > 0),16.0,41.7324,False,False,2024-07-22,34.27,
ACHR,2023-07-31,2023-09-18,5.28,6.45,18.8508,1.058,34,7,4–8 wk,rank drift (score > 0),18.0,33.3811,False,False,2024-12-23,9.7,
ANET,2023-08-21,2023-09-18,45.38,45.75,0.4736,0.1369,19,4,4–8 wk,rank drift (score > 0),33.0,12.2717,False,False,2023-11-06,53.5,
ORCL,2023-09-11,2023-09-18,122.6,109.47,-10.888,-1.6491,5,1,1 wk,score <= 0,,-4.3081,True,False,2024-06-24,136.58,
ADBE,2023-08-28,2023-09-18,525.7,524.23,-1.081,-0.0789,14,3,2–3 wk,rank drift (score > 0),27.0,17.4902,True,True,2023-10-16,553.18,0.8893
GOOGL,2023-09-11,2023-09-25,135.25,128.61,-5.0994,-0.8099,10,2,2–3 wk,rank drift (score > 0),16.0,18.9866,True,True,2023-10-09,135.65,0.9654
TSLA,2023-09-18,2023-09-25,271.16,243.38,-10.4242,-0.8115,5,1,1 wk,rank drift (score > 0),24.0,6.1865,True,False,2024-07-08,247.71,
IONQ,2023-09-11,2023-09-25,19.2,13.21,-30.7465,-1.3521,10,2,2–3 wk,rank drift (score > 0),23.0,7.6386,True,False,2024-10-21,13.22,
UBER,2023-09-11,2023-09-25,47.74,44.14,-7.7256,-1.0118,10,2,2–3 wk,rank drift (score > 0),22.0,9.2874,True,True,2023-10-02,45.57,0.4693
AMZN,2023-09-18,2023-09-25,140.48,129.36,-8.0997,-1.1106,5,1,1 wk,score <= 0,,-0.4269,True,False,2024-04-15,187.425,
VRT,2023-09-25,2023-10-02,36.3,37.9,4.1991,0.2339,5,1,1 wk,rank drift (score > 0),13.0,29.3391,False,True,2023-10-16,39.32,0.2281
SLB,2023-09-18,2023-10-02,56.47,53.99,-4.5827,-0.681,10,2,2–3 wk,rank drift (score > 0),15.0,26.53,True,False,2025-03-31,39.72,
META,2023-09-25,2023-10-02,292.84,299.87,2.196,0.2594,5,1,1 wk,rank drift (score > 0),11.0,33.2579,False,True,2023-10-09,309.54,0.4116
CVNA,2023-08-28,2023-10-02,8.358,8.3,-3.653,0.0645,24,5,4–8 wk,rank drift (score > 0),20.0,22.2811,True,False,2024-03-04,16.19,
HAL,2023-09-11,2023-10-09,38.89,37.36,-4.1261,-0.5392,20,4,4–8 wk,score <= 0,,-3.939,True,True,2023-10-23,39.33,0.6741
VEEV,2023-10-02,2023-10-09,202.07,207.95,2.7043,0.3306,5,1,1 wk,rank drift (score > 0),17.0,28.2725,False,False,2025-03-10,244.1,
AVAV,2023-09-25,2023-10-09,111.83,107.86,-3.7426,-0.2837,10,2,2–3 wk,rank drift (score > 0),28.0,1.8927,True,True,2023-10-23,116.61,0.6028
AFRM,2023-09-18,2023-10-09,24.295,17.52,-28.0305,-1.2468,15,3,2–3 wk,rank drift (score > 0),29.0,1.6542,True,True,2023-11-06,22.42,0.9131
TEAM,2023-10-02,2023-10-09,201.8,197.65,-2.2522,-0.1523,5,1,1 wk,rank drift (score > 0),19.0,25.4868,True,False,2024-01-16,237.89,
UBER,2023-10-02,2023-10-09,45.57,45.15,-1.1196,-0.1251,5,1,1 wk,rank drift (score > 0),20.0,25.2656,True,False,2023-11-13,51.17,
SMCI,2023-10-09,2023-10-16,28.4,28.48,0.0813,0.0034,5,1,1 wk,rank drift (score > 0),15.0,40.7194,False,False,2024-01-22,45.64,
MU,2023-10-09,2023-10-16,68.96,68.36,-1.0681,-0.1057,5,1,1 wk,rank drift (score > 0),20.0,27.4415,True,False,2024-01-08,83.21,
APP,2023-07-31,2023-10-16,31.31,38.69,15.2336,2.2711,54,11,9+ wk,rank drift (score > 0),22.0,21.8623,False,True,2023-11-06,39.36,0.0882
NVDA,2023-10-09,2023-10-16,44.71,44.93,0.2913,0.0224,5,1,1 wk,rank drift (score > 0),13.0,44.7001,False,False,2024-01-22,59.88,
REGN,2023-10-09,2023-10-23,827.17,802.61,-3.163,-0.464,10,2,2–3 wk,rank drift (score > 0),23.0,5.2156,True,False,2024-01-08,881.68,
VRT,2023-10-16,2023-10-23,39.32,36.65,-6.9767,-0.2777,5,1,1 wk,rank drift (score > 0),17.0,12.7792,True,True,2023-11-20,42.94,0.668
AVGO,2023-10-16,2023-10-23,86.25,83.06,-3.891,-0.3486,5,1,1 wk,rank drift (score > 0),16.0,15.2855,True,False,2023-12-18,108.5,
GOOGL,2023-10-09,2023-10-30,135.65,122.05,-10.2023,-1.1685,15,3,2–3 wk,score <= 0,,-9.1579,True,False,2024-04-15,157.36,
META,2023-10-09,2023-10-30,309.54,296.25,-4.4593,-0.3938,15,3,2–3 wk,rank drift (score > 0),20.0,6.4204,True,True,2023-11-06,312.98,0.543
PANW,2023-10-16,2023-10-30,129.88,120.39,-7.3801,-0.4748,10,2,2–3 wk,rank drift (score > 0),12.0,15.7351,True,False,2023-12-04,147.12,
ADBE,2023-10-16,2023-10-30,553.18,516.11,-6.8877,-0.6575,10,2,2–3 wk,rank drift (score > 0),18.0,8.4363,True,True,2023-11-06,566.0,0.937
UNH,2023-09-25,2023-11-06,477.3,499.25,3.1872,0.6198,30,6,4–8 wk,rank drift (score > 0),28.0,19.576,False,False,2024-07-29,537.43,
MSFT,2023-10-30,2023-11-06,325.78,345.36,5.7984,0.8527,5,1,1 wk,sector cap displacement,14.0,34.4354,False,False,,,
HAL,2023-10-23,2023-11-06,39.33,37.89,-3.391,-0.3914,10,2,2–3 wk,rank drift (score > 0),31.0,10.2342,True,False,2024-04-08,39.07,
NOC,2023-10-23,2023-11-06,462.56,449.57,-2.74,-0.2888,10,2,2–3 wk,rank drift (score > 0),23.0,24.3876,True,False,2024-04-29,461.73,
MCK,2023-09-25,2023-11-06,433.87,446.54,2.529,0.4772,30,6,4–8 wk,rank drift (score > 0),27.0,20.9446,False,False,2024-01-08,474.95,
ZS,2023-10-02,2023-11-06,159.05,166.6,4.6685,0.3853,25,5,4–8 wk,sector cap displacement,6.0,45.3288,False,True,2023-11-13,175.63,0.4141
DASH,2023-11-06,2023-11-13,92.49,86.7,-6.4474,-0.6268,5,1,1 wk,rank drift (score > 0),26.0,26.9146,True,True,2023-11-20,94.5,0.8314
NFLX,2023-10-30,2023-11-13,40.24,44.73,8.0804,0.8858,10,2,2–3 wk,rank drift (score > 0),25.0,27.3159,False,True,2023-11-27,47.9,0.8259
CIFR,2023-10-30,2023-11-13,3.43,2.99,-17.3524,-0.7705,10,2,2–3 wk,rank drift (score > 0),33.0,14.768,True,False,2023-12-26,4.12,
ADBE,2023-11-06,2023-11-20,566.0,605.31,6.7316,1.0396,10,2,2–3 wk,sector cap displacement,5.0,55.3458,False,True,2023-11-27,618.8,0.3508
APP,2023-11-06,2023-11-20,39.36,39.16,-2.716,-0.2501,10,2,2–3 wk,rank drift (score > 0),45.0,1.452,True,False,2024-01-29,44.55,
AVAV,2023-10-23,2023-11-20,116.61,125.45,6.3869,0.5925,20,4,4–8 wk,rank drift (score > 0),30.0,25.0442,False,False,2024-04-01,155.11,
ANET,2023-11-06,2023-11-27,53.5,54.57,1.7962,0.1556,14,3,2–3 wk,sector cap displacement,5.0,57.5335,False,False,2024-01-16,63.11,
VRT,2023-11-20,2023-11-27,42.94,42.53,-1.1527,-0.1084,4,1,1 wk,rank drift (score > 0),22.0,37.6583,True,True,2023-12-11,47.17,1.0098
ADBE,2023-11-27,2023-12-04,618.8,604.91,-2.44,-0.3336,5,1,1 wk,rank drift (score > 0),15.0,40.466,True,False,,,
NFLX,2023-11-27,2023-12-04,47.9,46.1,-3.9501,-0.3777,5,1,1 wk,rank drift (score > 0),49.0,6.1981,True,False,2024-01-16,49.0,
META,2023-11-06,2023-12-04,312.98,314.28,-0.0028,0.0888,19,4,4–8 wk,rank drift (score > 0),45.0,13.4896,False,False,2024-01-08,351.34,
SHOP,2023-12-04,2023-12-11,73.0,72.43,-0.9791,-0.0678,5,1,1 wk,rank drift (score > 0),25.0,34.491,True,True,2023-12-18,75.75,0.3185
ZS,2023-11-13,2023-12-11,175.63,200.38,12.2382,1.4693,19,4,4–8 wk,sector cap displacement,9.0,48.2285,False,True,2023-12-18,221.66,1.2256
UBER,2023-11-13,2023-12-18,51.17,62.01,18.4253,2.4269,24,5,4–8 wk,rank drift (score > 0),27.0,35.3377,False,False,2024-01-22,65.44,
DASH,2023-11-20,2023-12-18,94.5,102.58,7.9847,0.7225,19,4,4–8 wk,rank drift (score > 0),29.0,33.6636,False,False,2024-01-16,102.99,
NOW,2023-11-20,2023-12-18,130.8,140.4,6.2731,1.1042,19,4,4–8 wk,rank drift (score > 0),28.0,34.8252,False,False,2024-08-12,162.22,
MSTR,2023-10-30,2023-12-18,42.27,56.06,23.9315,2.153,34,7,4–8 wk,sector cap displacement,11.0,50.6803,False,True,2023-12-26,60.9,0.7085
SHOP,2023-12-18,2023-12-26,75.75,76.83,1.2231,0.1002,5,1,1 wk,rank drift (score > 0),22.0,39.5543,False,True,2024-01-16,80.28,0.3666
AVGO,2023-12-18,2023-12-26,108.5,109.33,0.5636,0.0826,5,1,1 wk,sector cap displacement,10.0,53.1446,False,False,2024-04-08,130.25,
PANW,2023-12-04,2023-12-26,147.12,149.44,1.0655,0.1507,15,3,2–3 wk,rank drift (score > 0),25.0,35.63,False,False,2024-02-12,187.73,
RCL,2023-12-04,2024-01-02,107.07,123.03,10.7193,1.8287,19,4,4–8 wk,rank drift (score > 0),18.0,39.8315,False,True,2024-01-22,123.49,0.0969
UPST,2023-12-18,2024-01-02,43.825,39.59,-10.1081,-0.5703,9,2,2–3 wk,sector cap displacement,10.0,47.155,True,False,2024-08-12,35.39,
SOFI,2024-01-02,2024-01-08,9.71,8.25,-15.2058,-1.582,4,1,1 wk,rank drift (score > 0),46.0,2.0485,True,False,2024-09-16,7.74,
VRT,2023-12-11,2024-01-08,47.17,46.6,-1.9936,-0.3088,18,4,4–8 wk,rank drift (score > 0),18.0,33.4842,True,True,2024-01-22,54.32,2.5486
ZS,2023-12-18,2024-01-08,221.66,213.28,-3.839,-0.7841,13,3,2–3 wk,rank drift (score > 0),24.0,27.1463,True,True,2024-01-16,230.0,1.6011
ASTS,2024-01-02,2024-01-08,5.86,5.02,-14.5056,-0.9461,4,1,1 wk,rank drift (score > 0),23.0,28.047,True,False,2024-05-28,4.99,
MSTR,2023-12-26,2024-01-16,60.9,47.86,-21.5692,-0.8674,13,3,2–3 wk,score <= 0,,-0.2532,True,False,2024-03-04,119.9,
MU,2024-01-08,2024-01-16,83.21,81.87,-1.807,-0.234,5,1,1 wk,rank drift (score > 0),25.0,35.2198,True,False,2024-04-01,118.35,
COIN,2023-11-13,2024-01-16,91.78,129.435,21.7663,3.0136,42,8,4–8 wk,rank drift (score > 0),37.0,22.5571,False,False,2024-02-20,179.87,
MCK,2024-01-08,2024-01-16,474.95,480.75,1.0189,0.212,5,1,1 wk,rank drift (score > 0),26.0,33.4884,False,False,2024-05-13,552.74,
CIFR,2023-12-26,2024-01-16,4.12,3.11,-24.6654,-0.7171,13,3,2–3 wk,rank drift (score > 0),44.0,14.1947,True,False,2024-06-17,4.84,
HOOD,2023-12-26,2024-01-16,13.0,10.92,-15.9878,-1.4665,13,3,2–3 wk,rank drift (score > 0),43.0,15.3077,True,False,2024-02-20,14.0,
MARA,2023-12-11,2024-01-16,15.67,18.65,18.7794,1.9478,23,5,4–8 wk,rank drift (score > 0),30.0,30.94,False,False,2024-02-20,26.945,
AFRM,2023-11-06,2024-01-22,22.42,44.525,62.1822,3.5293,51,10,9+ wk,rank drift (score > 0),35.0,21.0106,False,False,2024-09-03,43.78,
NFLX,2024-01-16,2024-01-22,49.0,48.76,-0.6886,-0.0653,4,1,1 wk,rank drift (score > 0),37.0,17.7531,True,True,2024-01-29,57.14,1.5767
ZS,2024-01-16,2024-01-22,230.0,239.68,4.0005,0.4903,4,1,1 wk,sector cap displacement,14.0,51.0783,False,False,2025-03-10,203.47,
SHOP,2024-01-16,2024-01-22,80.28,80.91,0.5834,0.037,4,1,1 wk,rank drift (score > 0),29.0,32.3211,False,True,2024-02-12,91.4,0.8091
TEAM,2024-01-16,2024-01-22,237.89,249.0,4.4611,0.4171,4,1,1 wk,sector cap displacement,11.0,53.72,False,False,2024-11-04,216.65,
ANET,2024-01-16,2024-01-22,63.11,66.92,5.8252,0.5167,4,1,1 wk,sector cap displacement,5.0,61.2917,False,True,2024-01-29,66.28,-0.0684
NVDA,2024-01-22,2024-01-29,59.88,61.06,1.7669,0.1903,5,1,1 wk,sector cap displacement,9.0,57.3055,False,True,2024-02-05,68.03,1.2671
RCL,2024-01-22,2024-01-29,123.49,119.52,-3.4082,-0.3669,5,1,1 wk,rank drift (score > 0),39.0,13.9951,True,False,2024-04-29,136.31,
REGN,2024-01-08,2024-01-29,881.68,937.28,6.0937,1.2217,14,3,2–3 wk,rank drift (score > 0),32.0,30.0781,False,False,2024-06-24,1050.09,
ANET,2024-01-29,2024-02-05,66.28,68.75,3.5194,0.334,5,1,1 wk,sector cap displacement,15.0,51.822,False,False,2024-03-25,75.62,
NFLX,2024-01-29,2024-02-12,57.14,56.04,-1.9128,-0.2754,10,2,2–3 wk,rank drift (score > 0),33.0,29.8386,True,True,2024-02-20,58.02,0.4743
AMD,2024-01-16,2024-02-12,150.36,172.68,10.1654,1.1852,19,4,4–8 wk,sector cap displacement,9.0,56.3385,False,True,2024-03-11,203.01,1.5167
UBER,2024-01-22,2024-02-12,65.44,71.0,7.7714,1.1678,15,3,2–3 wk,rank drift (score > 0),29.0,34.2712,False,True,2024-03-04,81.94,2.2614
DASH,2024-01-16,2024-02-20,102.99,115.01,5.8582,0.881,24,5,4–8 wk,rank drift (score > 0),23.0,38.9555,False,True,2024-02-26,121.25,0.7766
SHOP,2024-02-12,2024-02-20,91.4,79.95,-12.7021,-1.345,5,1,1 wk,rank drift (score > 0),41.0,11.6163,True,False,2024-09-30,79.07,
NVDA,2024-02-05,2024-02-20,68.03,71.74,5.2428,0.6981,10,2,2–3 wk,rank drift (score > 0),14.0,47.7723,False,True,2024-02-26,79.47,1.4482
PANW,2024-02-12,2024-02-20,187.73,181.43,-3.549,-0.4368,5,1,1 wk,rank drift (score > 0),17.0,45.2096,True,False,2026-06-29,309.83,
HIMS,2024-02-12,2024-02-20,9.9,9.9,-0.1998,-0.0165,5,1,1 wk,rank drift (score > 0),15.0,46.7603,False,True,2024-03-11,14.34,3.7445
GTLB,2024-01-22,2024-02-20,69.87,72.64,3.0377,0.2768,20,4,4–8 wk,rank drift (score > 0),12.0,48.1863,False,False,2026-08-03,35.62,
SNOW,2024-02-20,2024-02-26,226.03,229.33,1.2573,0.1873,4,1,1 wk,rank drift (score > 0),13.0,47.8242,False,False,2025-06-16,210.31,
NFLX,2024-02-20,2024-02-26,58.02,58.36,0.385,0.0699,4,1,1 wk,rank drift (score > 0),18.0,43.8691,False,True,2024-03-25,62.79,1.4086
HOOD,2024-02-20,2024-03-04,14.0,17.0699,21.4506,2.2845,9,2,2–3 wk,rank drift (score > 0),24.0,42.6625,False,True,2024-03-11,16.99,-0.0302
COIN,2024-02-20,2024-03-04,179.87,217.3901,21.5097,1.808,9,2,2–3 wk,rank drift (score > 0),19.0,45.3679,False,True,2024-03-11,270.085,2.1771
MARA,2024-02-20,2024-03-04,26.945,27.865,4.683,0.2484,9,2,2–3 wk,sector cap displacement,6.0,58.9113,False,False,2024-07-22,25.03,
VRT,2024-01-22,2024-03-11,54.32,68.03,20.5047,3.144,34,7,4–8 wk,rank drift (score > 0),21.0,43.7437,False,True,2024-03-18,76.88,1.7241
CVNA,2024-03-04,2024-03-11,16.19,16.86,3.9303,0.2138,5,1,1 wk,rank drift (score > 0),17.0,45.5649,False,False,2024-05-06,24.86,
UBER,2024-03-04,2024-03-11,81.94,78.7,-4.146,-0.6267,5,1,1 wk,rank drift (score > 0),29.0,29.1858,True,False,2025-03-10,74.94,
SOUN,2024-02-20,2024-03-11,4.09,5.84,43.0993,2.0966,14,3,2–3 wk,sector cap displacement,7.0,58.1007,False,True,2024-03-18,9.06,1.5904
META,2024-01-08,2024-03-18,351.34,487.76,20.7141,5.2967,48,10,9+ wk,rank drift (score > 0),24.0,29.7072,False,True,2024-03-25,501.52,0.3899
AMD,2024-03-11,2024-03-18,203.01,193.285,-4.9806,-0.5782,5,1,1 wk,sector cap displacement,10.0,46.9954,True,False,2025-07-14,145.09,
SMCI,2024-01-22,2024-03-25,45.64,97.28,75.8031,3.985,44,9,9+ wk,rank drift (score > 0),22.0,36.9933,False,True,2024-04-01,101.0,0.1778
SOUN,2024-03-18,2024-03-25,9.06,6.07,-33.1361,-1.1498,5,1,1 wk,rank drift (score > 0),12.0,48.73,True,False,2024-12-09,14.98,
HIMS,2024-03-11,2024-03-25,14.34,16.46,14.3293,1.1639,10,2,2–3 wk,rank drift (score > 0),23.0,36.5111,False,False,2024-06-03,19.98,
NVDA,2024-02-26,2024-04-01,79.47,90.04,12.5996,1.9602,24,5,4–8 wk,rank drift (score > 0),11.0,48.7098,False,False,2024-05-06,89.14,
META,2024-03-25,2024-04-01,501.52,483.09,-3.8673,-0.3986,4,1,1 wk,rank drift (score > 0),27.0,29.2941,True,True,2024-04-08,524.82,0.8857
NFLX,2024-03-25,2024-04-01,62.79,60.8,-3.3628,-0.5318,4,1,1 wk,rank drift (score > 0),31.0,27.5883,True,True,2024-04-08,63.64,0.7528
ANET,2024-03-25,2024-04-01,75.62,73.07,-3.5652,-0.4931,4,1,1 wk,rank drift (score > 0),18.0,35.3696,True,False,2024-07-01,88.68,
LRCX,2024-04-01,2024-04-08,95.27,95.48,0.0202,0.0035,5,1,1 wk,rank drift (score > 0),16.0,38.3763,False,False,2025-02-24,85.41,
MSTR,2024-03-04,2024-04-08,119.9,160.08,30.6539,2.11,24,5,4–8 wk,rank drift (score > 0),14.0,43.0955,False,False,2024-05-20,159.57,
AVAV,2024-04-01,2024-04-08,155.11,149.78,-3.6292,-0.3116,5,1,1 wk,rank drift (score > 0),26.0,30.5061,True,True,2024-04-22,151.92,0.1334
COIN,2024-03-11,2024-04-08,270.085,252.859,-4.0973,-0.3037,19,4,4–8 wk,rank drift (score > 0),13.0,43.3104,True,True,2024-04-15,247.94,-0.1069
SMCI,2024-04-01,2024-04-08,101.0,96.25,-4.8934,-0.209,5,1,1 wk,rank drift (score > 0),37.0,18.2465,True,False,2025-03-17,42.68,
HAL,2024-04-08,2024-04-15,39.07,37.64,-3.8526,-0.6498,5,1,1 wk,rank drift (score > 0),15.0,32.4898,True,True,2024-04-22,36.52,-0.4604
NFLX,2024-04-08,2024-04-15,63.64,63.02,-1.1721,-0.14,5,1,1 wk,sector cap displacement,7.0,47.9139,True,False,2024-06-03,64.52,
CVLT,2024-04-08,2024-04-15,100.8,97.16,-3.8037,-0.5569,5,1,1 wk,rank drift (score > 0),23.0,15.783,True,True,2024-05-06,107.45,1.5544
AMZN,2024-04-15,2024-04-22,187.425,176.94,-5.7829,-0.97,5,1,1 wk,rank drift (score > 0),17.0,14.7867,True,True,2024-05-06,186.28,0.9402
DASH,2024-02-26,2024-04-22,121.25,128.46,1.6856,1.4814,39,8,4–8 wk,rank drift (score > 0),15.0,16.2289,False,False,2024-08-26,128.72,
COIN,2024-04-15,2024-04-22,247.94,216.79,-12.7382,-0.6222,5,1,1 wk,rank drift (score > 0),11.0,22.9628,True,True,2024-04-29,229.942,0.2901
AVGO,2024-04-08,2024-04-22,130.25,119.59,-8.4751,-0.8757,10,2,2–3 wk,score <= 0,,-1.5456,True,True,2024-04-29,131.27,1.0458
HAL,2024-04-22,2024-04-29,36.52,36.29,-0.8283,-0.1188,5,1,1 wk,rank drift (score > 0),29.0,5.2474,True,False,2025-11-10,27.23,
MU,2024-04-01,2024-04-29,118.35,113.0,-5.1027,-0.1429,20,4,4–8 wk,rank drift (score > 0),19.0,23.2859,True,True,2024-05-20,126.22,0.788
HOOD,2024-03-11,2024-04-29,16.99,17.71,2.475,0.6014,34,7,4–8 wk,rank drift (score > 0),15.0,33.7333,False,True,2024-05-06,17.63,-0.0151
META,2024-04-08,2024-04-29,524.82,435.85,-16.8877,-1.2525,15,3,2–3 wk,rank drift (score > 0),27.0,6.1714,True,False,2024-08-05,447.98,
AVGO,2024-04-29,2024-05-06,131.27,125.62,-4.4953,-0.3166,5,1,1 wk,rank drift (score > 0),28.0,7.161,True,True,2024-05-20,136.34,0.5941
COIN,2024-04-29,2024-05-06,229.942,225.84,-1.9802,-0.063,5,1,1 wk,rank drift (score > 0),18.0,17.4969,True,False,2025-06-30,359.225,
LMT,2024-04-22,2024-05-06,435.72,433.78,-0.5515,-0.1365,10,2,2–3 wk,rank drift (score > 0),11.0,38.9398,True,True,2024-05-13,440.08,0.3975
NOC,2024-04-29,2024-05-06,461.73,451.03,-2.5125,-0.4846,5,1,1 wk,rank drift (score > 0),16.0,19.1883,True,False,2024-08-05,479.17,
MRK,2024-04-22,2024-05-06,117.21,117.64,0.1663,0.128,10,2,2–3 wk,rank drift (score > 0),21.0,10.9829,False,True,2024-05-13,119.8,0.3151
HOOD,2024-05-06,2024-05-13,17.63,16.62,-5.9172,-0.4332,5,1,1 wk,rank drift (score > 0),26.0,11.6102,True,True,2024-05-20,19.94,1.3649
NVDA,2024-05-06,2024-05-13,89.14,90.22,1.0094,0.0708,5,1,1 wk,rank drift (score > 0),16.0,38.448,False,True,2024-05-28,109.93,1.5349
AMZN,2024-05-06,2024-05-13,186.28,188.0,0.7217,0.1232,5,1,1 wk,rank drift (score > 0),11.0,44.8598,False,False,2024-12-23,225.01,
MCK,2024-05-13,2024-05-20,552.74,558.98,0.9269,0.16,5,1,1 wk,rank drift (score > 0),18.0,32.9964,False,False,2024-08-05,620.03,
MRK,2024-05-13,2024-05-20,119.8,121.0,0.7999,0.1299,5,1,1 wk,rank drift (score > 0),21.0,31.5992,False,False,2025-11-17,90.57,
RCL,2024-04-29,2024-05-20,136.31,138.53,1.7404,0.1902,15,3,2–3 wk,rank drift (score > 0),19.0,32.9809,False,False,2024-07-01,154.44,
LMT,2024-05-13,2024-05-20,440.08,438.1,-0.6488,-0.1467,5,1,1 wk,rank drift (score > 0),17.0,37.6731,True,False,2024-07-29,493.13,
CVNA,2024-05-06,2024-05-28,24.86,22.15,-8.2206,-0.4165,15,3,2–3 wk,rank drift (score > 0),23.0,32.158,True,False,2024-07-01,25.8,
CVLT,2024-05-06,2024-05-28,107.45,110.97,1.4826,0.5977,15,3,2–3 wk,rank drift (score > 0),12.0,47.6919,False,True,2024-06-10,113.94,0.6498
MU,2024-05-20,2024-06-03,126.22,127.22,0.1242,0.014,9,2,2–3 wk,rank drift (score > 0),13.0,40.9089,False,True,2024-06-10,128.79,0.1586
GOOGL,2024-04-15,2024-06-03,157.36,170.91,1.7073,0.4187,34,7,4–8 wk,rank drift (score > 0),12.0,41.4911,False,True,2024-06-10,173.52,0.308
AVGO,2024-05-20,2024-06-03,136.34,132.11,-3.4636,-0.473,9,2,2–3 wk,rank drift (score > 0),29.0,16.0683,True,True,2024-06-10,137.69,0.5699
AVAV,2024-04-22,2024-06-10,151.92,202.91,12.2009,1.6386,34,7,4–8 wk,rank drift (score > 0),29.0,27.5644,False,False,2024-09-03,203.94,
NFLX,2024-06-03,2024-06-10,64.52,64.1,-0.8495,-0.1775,5,1,1 wk,rank drift (score > 0),13.0,47.6715,True,True,2024-06-17,66.91,0.9433
VRT,2024-03-18,2024-06-10,76.88,87.25,-5.9029,0.6738,58,12,9+ wk,score <= 0,,-3.7475,False,False,2024-10-14,112.07,
MSTR,2024-05-20,2024-06-10,159.57,157.37,-1.9477,-0.0962,14,3,2–3 wk,sector cap displacement,9.0,51.6901,True,False,2024-07-22,178.26,
APP,2024-01-29,2024-06-17,44.55,77.67,0.6903,5.4646,97,19,9+ wk,rank drift (score > 0),35.0,6.4753,False,True,2024-07-01,85.12,0.7885
CVLT,2024-06-10,2024-06-17,113.94,116.5,2.0425,0.455,5,1,1 wk,sector cap displacement,5.0,56.1099,False,True,2024-06-24,119.67,0.6132
MU,2024-06-10,2024-06-24,128.79,141.43,7.9973,0.8961,9,2,2–3 wk,sector cap displacement,5.0,51.0632,False,False,2025-03-17,100.67,
IREN,2024-06-03,2024-06-24,8.245,12.45,50.6989,2.3022,14,3,2–3 wk,rank drift (score > 0),22.0,34.9051,False,True,2024-07-08,15.418,1.0927
CIFR,2024-06-17,2024-06-24,4.84,4.27,-11.9531,-0.6529,4,1,1 wk,sector cap displacement,11.0,43.2379,True,True,2024-07-22,6.3,2.3651
REGN,2024-06-24,2024-07-01,1050.09,1037.32,-1.4135,-0.3128,5,1,1 wk,rank drift (score > 0),26.0,29.8431,True,True,2024-07-15,1087.03,1.0892
NFLX,2024-06-17,2024-07-01,66.91,67.49,0.6653,0.2177,9,2,2–3 wk,rank drift (score > 0),19.0,35.4598,False,False,2024-12-23,91.34,
HIMS,2024-06-03,2024-07-01,19.98,20.4,0.7781,0.263,19,4,4–8 wk,rank drift (score > 0),34.0,14.3596,False,False,2025-02-03,35.01,
NVDA,2024-05-28,2024-07-01,109.93,123.13,8.2189,1.171,23,5,4–8 wk,sector cap displacement,10.0,46.3043,False,True,2024-07-08,127.14,0.2447
APP,2024-07-01,2024-07-08,85.12,87.32,2.3796,0.1958,4,1,1 wk,rank drift (score > 0),22.0,37.932,False,False,2024-08-26,89.99,
RCL,2024-07-01,2024-07-08,154.44,152.63,-1.3694,-0.1933,4,1,1 wk,rank drift (score > 0),32.0,25.345,True,True,2024-07-15,161.44,0.8153
ORCL,2024-06-24,2024-07-08,136.58,141.23,3.0365,0.3619,9,2,2–3 wk,sector cap displacement,8.0,55.5883,False,False,2024-09-09,139.4,
CVLT,2024-06-24,2024-07-08,119.67,124.5,3.6459,0.6547,9,2,2–3 wk,sector cap displacement,6.0,56.3414,False,True,2024-07-29,125.31,0.1551
GOOGL,2024-06-10,2024-07-15,173.52,183.39,2.5599,0.739,23,5,4–8 wk,rank drift (score > 0),31.0,25.0073,False,False,2025-01-13,188.96,
ANET,2024-07-01,2024-07-15,88.68,91.27,1.7424,0.2427,9,2,2–3 wk,sector cap displacement,11.0,50.6725,False,False,2024-08-26,89.33,
IREN,2024-07-08,2024-07-15,15.418,12.95,-16.1751,-0.8838,5,1,1 wk,rank drift (score > 0),35.0,17.7261,True,False,2025-07-07,16.335,
HOOD,2024-05-20,2024-07-15,19.94,23.0,7.206,1.2243,37,7,4–8 wk,rank drift (score > 0),38.0,15.8428,False,True,2024-07-22,23.24,0.1296
ARM,2024-07-08,2024-07-22,181.04,165.47,-8.7829,-0.498,10,2,2–3 wk,rank drift (score > 0),16.0,27.9519,True,False,2025-06-30,166.965,
REGN,2024-07-15,2024-07-22,1087.03,1065.3,-2.1948,-0.5669,5,1,1 wk,rank drift (score > 0),23.0,21.5899,True,True,2024-08-05,1071.88,0.2135
NVDA,2024-07-08,2024-07-22,127.14,120.02,-5.7887,-0.3917,10,2,2–3 wk,rank drift (score > 0),24.0,19.1607,True,True,2024-08-19,123.94,0.2659
AVGO,2024-06-10,2024-07-22,137.69,156.99,6.5285,2.2203,28,6,4–8 wk,rank drift (score > 0),32.0,13.0839,False,False,2024-12-30,231.32,
RKLB,2024-07-15,2024-07-22,5.59,5.25,-6.2699,-0.5208,5,1,1 wk,rank drift (score > 0),22.0,23.4985,True,True,2024-07-29,5.42,0.2767
TSLA,2024-07-08,2024-07-22,247.71,244.21,-1.6099,-0.0268,10,2,2–3 wk,rank drift (score > 0),11.0,39.1921,True,False,2024-09-16,229.3,
MARA,2024-07-22,2024-07-29,25.03,22.53,-10.1679,-0.569,5,1,1 wk,rank drift (score > 0),17.0,31.5918,True,False,,,
RCL,2024-07-15,2024-07-29,161.44,149.65,-7.5113,-1.4301,10,2,2–3 wk,rank drift (score > 0),36.0,0.2173,True,False,2024-09-23,168.31,
JOBY,2024-07-22,2024-07-29,6.57,6.4,-2.7821,-0.2272,5,1,1 wk,rank drift (score > 0),11.0,45.6686,True,False,2024-12-02,9.3,
HOOD,2024-07-22,2024-07-29,23.24,21.56,-7.4143,-0.7125,5,1,1 wk,rank drift (score > 0),26.0,14.6683,True,False,2024-09-16,21.704,
BKR,2024-07-22,2024-08-05,34.27,33.55,-2.2966,0.1449,10,2,2–3 wk,rank drift (score > 0),11.0,30.4169,True,False,2025-01-13,41.96,
CIFR,2024-07-22,2024-08-05,6.3,3.59,-43.1297,-1.6949,10,2,2–3 wk,rank drift (score > 0),19.0,7.7647,True,False,2025-07-07,5.81,
RKLB,2024-07-29,2024-08-05,5.42,4.25,-21.7434,-1.5988,5,1,1 wk,rank drift (score > 0),16.0,21.5447,True,True,2024-08-19,6.78,3.6251
MSTR,2024-07-22,2024-08-05,178.26,105.08,-41.1702,-1.6188,10,2,2–3 wk,rank drift (score > 0),17.0,13.8157,True,False,2024-10-07,179.57,
META,2024-08-05,2024-08-12,447.98,513.01,14.2875,1.1515,5,1,1 wk,rank drift (score > 0),12.0,38.6685,False,False,2025-01-13,603.64,
MCK,2024-08-05,2024-08-12,620.03,534.83,-13.9136,-2.4884,5,1,1 wk,rank drift (score > 0),25.0,11.3569,True,False,2025-03-03,633.75,
NOW,2024-08-12,2024-08-19,162.22,165.18,1.6212,0.1146,5,1,1 wk,rank drift (score > 0),12.0,43.4028,False,False,,,
LMT,2024-07-29,2024-08-19,493.13,523.6,4.8358,1.3817,15,3,2–3 wk,rank drift (score > 0),15.0,42.4174,False,True,2024-09-03,537.91,0.5616
NOC,2024-08-05,2024-08-19,479.17,488.1,1.7483,0.3013,10,2,2–3 wk,rank drift (score > 0),21.0,35.0186,False,True,2024-09-03,505.4,0.6268
REGN,2024-08-05,2024-08-26,1071.88,1187.91,8.0759,2.0164,15,3,2–3 wk,rank drift (score > 0),12.0,47.773,False,True,2024-09-09,1126.55,-1.2317
UNH,2024-07-29,2024-08-26,537.43,558.66,3.2027,0.6776,20,4,4–8 wk,rank drift (score > 0),18.0,37.2297,False,True,2024-09-09,568.41,0.3194
FTNT,2024-08-19,2024-08-26,74.69,74.98,0.1877,0.0158,5,1,1 wk,rank drift (score > 0),21.0,35.3935,False,False,2025-02-24,109.315,
DASH,2024-08-26,2024-09-03,128.72,128.04,-0.727,-0.1174,5,1,1 wk,rank drift (score > 0),19.0,36.6694,True,True,2024-09-30,142.67,1.9313
CVNA,2024-07-01,2024-09-03,25.8,29.76,6.736,0.7274,44,9,9+ wk,rank drift (score > 0),18.0,38.3187,False,True,2024-09-23,34.1,1.3161
ANET,2024-08-26,2024-09-03,89.33,87.77,-1.9426,-0.263,5,1,1 wk,rank drift (score > 0),23.0,32.6839,True,False,2024-10-07,98.5,
NVDA,2024-08-19,2024-09-03,123.94,115.69,-7.6591,-0.6982,10,2,2–3 wk,rank drift (score > 0),36.0,17.5262,True,False,2024-10-28,142.62,
APP,2024-08-26,2024-09-09,89.99,85.89,-4.7468,-0.2478,9,2,2–3 wk,rank drift (score > 0),13.0,31.8701,True,True,2024-09-16,111.4,2.2175
AVAV,2024-09-03,2024-09-09,203.94,180.27,-11.783,-1.0966,4,1,1 wk,rank drift (score > 0),31.0,4.5183,True,False,2024-10-14,218.0,
CVLT,2024-07-29,2024-09-09,125.31,140.7,1.7699,0.8847,29,6,4–8 wk,rank drift (score > 0),23.0,16.4824,False,False,2026-07-06,149.98,
UNH,2024-09-09,2024-09-16,568.41,567.27,-0.4,-0.0529,5,1,1 wk,rank drift (score > 0),13.0,47.2572,True,False,2025-03-31,499.0,
LMT,2024-09-03,2024-09-16,537.91,544.62,1.0451,0.201,9,2,2–3 wk,rank drift (score > 0),12.0,47.7838,False,True,2024-09-23,541.86,-0.063
ORCL,2024-09-09,2024-09-16,139.4,161.42,15.5649,1.4773,5,1,1 wk,rank drift (score > 0),16.0,41.1367,False,True,2024-09-30,165.83,0.3079
REGN,2024-09-09,2024-09-16,1126.55,1151.19,1.983,0.3399,5,1,1 wk,rank drift (score > 0),19.0,38.1244,False,False,2025-11-10,652.65,
NOC,2024-09-03,2024-09-16,505.4,506.86,0.0885,-0.0479,9,2,2–3 wk,rank drift (score > 0),15.0,44.1247,False,False,2025-03-10,474.49,
APLD,2024-09-16,2024-09-23,5.9,6.13,3.6907,0.1329,5,1,1 wk,rank drift (score > 0),23.0,35.0047,False,True,2024-09-30,7.72,0.9216
ASTS,2024-05-28,2024-09-23,4.99,26.62,19.0084,4.5073,81,16,9+ wk,rank drift (score > 0),28.0,27.876,False,False,2025-03-03,29.08,
HOOD,2024-09-16,2024-09-23,21.704,22.782,4.7571,0.6473,5,1,1 wk,rank drift (score > 0),19.0,41.5057,False,True,2024-10-21,26.78,2.3894
LMT,2024-09-23,2024-09-30,541.86,553.85,2.0085,0.592,5,1,1 wk,rank drift (score > 0),11.0,49.277,False,True,2024-10-14,574.57,1.1566
AFRM,2024-09-03,2024-09-30,43.78,40.54,-7.7593,-0.4287,19,4,4–8 wk,rank drift (score > 0),30.0,31.9525,True,True,2024-10-14,47.2,0.782
SOFI,2024-09-16,2024-09-30,7.74,7.9,1.8633,0.4292,10,2,2–3 wk,rank drift (score > 0),26.0,33.8469,False,True,2024-10-07,8.36,0.5749
UPST,2024-08-12,2024-09-30,35.39,40.32,14.0418,1.1827,34,7,4–8 wk,rank drift (score > 0),12.0,48.5661,False,True,2024-10-07,41.28,0.1101
RCL,2024-09-23,2024-10-07,168.31,173.01,2.2941,0.2998,10,2,2–3 wk,rank drift (score > 0),16.0,44.0752,False,True,2024-11-04,195.03,1.657
TSLA,2024-09-16,2024-10-07,229.3,249.0,7.3283,0.7998,15,3,2–3 wk,rank drift (score > 0),26.0,34.6939,False,False,2024-11-11,346.3,
DASH,2024-09-30,2024-10-07,142.67,144.46,1.0523,0.1595,5,1,1 wk,rank drift (score > 0),11.0,46.5001,False,True,2024-10-14,149.79,0.5859
APLD,2024-09-30,2024-10-07,7.72,7.35,-4.983,-0.1345,5,1,1 wk,rank drift (score > 0),13.0,45.9674,True,True,2024-10-21,8.14,0.2762
MSTR,2024-10-07,2024-10-14,179.57,224.3,24.6599,1.5966,5,1,1 wk,rank drift (score > 0),16.0,44.0766,False,True,2024-10-21,214.32,-0.3199
SHOP,2024-09-30,2024-10-14,79.07,83.84,5.7147,0.5488,10,2,2–3 wk,rank drift (score > 0),25.0,37.513,False,False,2024-11-18,108.9,
SOFI,2024-10-07,2024-10-14,8.36,9.62,14.8419,1.716,5,1,1 wk,rank drift (score > 0),11.0,51.024,False,True,2024-10-21,10.26,0.8487
ORCL,2024-09-30,2024-10-14,165.83,173.12,4.1562,0.6973,10,2,2–3 wk,rank drift (score > 0),15.0,45.3838,False,False,2025-06-16,210.32,
ANET,2024-10-07,2024-10-14,98.5,104.79,6.1732,0.7662,5,1,1 wk,rank drift (score > 0),12.0,49.8596,False,False,2025-01-21,121.56,
AVAV,2024-10-14,2024-10-21,218.0,217.69,-0.3417,-0.0314,5,1,1 wk,rank drift (score > 0),11.0,52.8268,True,False,2025-06-16,197.4,
LMT,2024-10-14,2024-10-21,574.57,583.71,1.3878,0.3776,5,1,1 wk,rank drift (score > 0),13.0,48.611,False,False,2025-03-10,456.98,
CVNA,2024-09-23,2024-10-21,34.1,38.24,12.0476,1.1589,20,4,4–8 wk,rank drift (score > 0),14.0,47.1924,False,True,2024-10-28,41.08,0.5971
AFRM,2024-10-14,2024-10-21,47.2,45.24,-4.344,-0.2366,5,1,1 wk,rank drift (score > 0),15.0,47.0554,True,True,2024-11-04,43.42,-0.1951
DASH,2024-10-14,2024-10-21,149.79,151.38,0.8596,0.1176,5,1,1 wk,rank drift (score > 0),16.0,43.1505,False,False,2025-02-18,213.09,
VRT,2024-10-14,2024-10-28,112.07,112.82,0.7465,0.0877,10,2,2–3 wk,rank drift (score > 0),19.0,37.0431,False,False,2025-01-21,140.84,
APLD,2024-10-21,2024-10-28,8.14,8.2,0.5358,0.0197,5,1,1 wk,rank drift (score > 0),21.0,34.991,False,False,2025-02-24,10.5,
NVDA,2024-10-28,2024-11-04,142.62,136.84,-4.2444,-0.4412,5,1,1 wk,rank drift (score > 0),20.0,37.3277,True,False,2025-08-11,181.6,
HOOD,2024-10-21,2024-11-04,26.78,23.75,-11.4916,-1.4014,10,2,2–3 wk,rank drift (score > 0),18.0,39.887,True,True,2024-11-11,32.94,4.0952
RKLB,2024-08-19,2024-11-04,6.78,11.265,38.4685,3.4392,54,11,9+ wk,rank drift (score > 0),13.0,47.375,False,True,2024-11-11,14.64,2.3808
TEAM,2024-11-04,2024-11-11,216.65,238.0,9.6351,1.1305,5,1,1 wk,rank drift (score > 0),19.0,43.8922,False,False,2025-03-03,284.69,
AFRM,2024-11-04,2024-11-11,43.42,47.99,10.3043,0.6959,5,1,1 wk,rank drift (score > 0),11.0,53.6191,False,True,2024-11-18,57.41,1.1528
UI,2024-07-15,2024-11-11,163.62,313.23,49.638,9.495,84,17,9+ wk,rank drift (score > 0),13.0,52.1189,False,False,2025-01-13,348.13,
MSTR,2024-10-21,2024-11-18,214.32,345.14,52.3857,4.5265,20,4,4–8 wk,rank drift (score > 0),13.0,53.1582,False,True,2024-12-09,393.68,1.3012
RCL,2024-11-04,2024-11-18,195.03,223.83,10.3093,2.4912,10,2,2–3 wk,rank drift (score > 0),11.0,57.2576,False,True,2024-11-25,234.82,1.0207
IONQ,2024-10-21,2024-11-25,13.22,33.93,154.777,8.5872,25,5,4–8 wk,rank drift (score > 0),11.0,58.9825,False,True,2024-12-09,38.0,0.8363
RCL,2024-11-25,2024-12-02,234.82,239.21,1.666,0.3423,4,1,1 wk,rank drift (score > 0),14.0,55.702,False,True,2024-12-09,249.95,0.9672
SOFI,2024-10-21,2024-12-09,10.26,15.68,32.3158,6.6611,34,7,4–8 wk,rank drift (score > 0),15.0,50.5181,False,True,2024-12-16,16.535,0.7539
AFRM,2024-11-18,2024-12-09,57.41,71.69,16.5949,1.7977,14,3,2–3 wk,rank drift (score > 0),12.0,52.1942,False,True,2024-12-16,71.09,-0.0581
HOOD,2024-11-11,2024-12-09,32.94,41.39,22.3689,3.0236,19,4,4–8 wk,rank drift (score > 0),17.0,48.3667,False,True,2024-12-16,41.02,-0.0807
JOBY,2024-12-02,2024-12-09,9.3,9.0,-3.4192,-0.2477,5,1,1 wk,rank drift (score > 0),21.0,44.6157,True,True,2024-12-30,8.685,-0.228
CVNA,2024-10-28,2024-12-09,41.08,50.8,10.5355,2.5832,29,6,4–8 wk,rank drift (score > 0),18.0,46.7342,False,False,2025-02-03,48.19,
RKLB,2024-11-11,2024-12-16,14.64,24.465,42.3927,4.9033,24,5,4–8 wk,rank drift (score > 0),12.0,49.8796,False,True,2024-12-23,24.97,0.1873
RCL,2024-12-09,2024-12-16,249.95,239.83,-4.2405,-1.1548,5,1,1 wk,rank drift (score > 0),31.0,35.2944,True,False,2025-02-03,250.25,
MSTR,2024-12-09,2024-12-16,393.68,424.53,7.6209,0.5631,5,1,1 wk,rank drift (score > 0),11.0,52.3283,False,False,2025-04-07,259.93,
SHOP,2024-11-18,2024-12-16,108.9,115.725,4.74,0.792,19,4,4–8 wk,rank drift (score > 0),17.0,45.4591,False,False,2025-02-03,111.87,
SOFI,2024-12-16,2024-12-23,16.535,15.5,-6.4467,-1.1256,5,1,1 wk,rank drift (score > 0),20.0,34.6836,True,True,2024-12-30,15.57,0.1074
UPST,2024-10-07,2024-12-23,41.28,68.825,22.2857,3.4198,54,11,9+ wk,rank drift (score > 0),25.0,28.7444,False,False,2025-02-18,83.3,
HOOD,2024-12-16,2024-12-23,41.02,37.92,-7.742,-0.9828,5,1,1 wk,rank drift (score > 0),18.0,39.4346,True,True,2025-01-06,42.11,1.3294
AFRM,2024-12-16,2024-12-23,71.09,65.57,-7.9491,-0.8937,5,1,1 wk,rank drift (score > 0),24.0,31.8228,True,False,2025-02-10,75.59,
AMZN,2024-12-23,2024-12-30,225.01,220.06,-2.3953,-0.5893,4,1,1 wk,rank drift (score > 0),16.0,43.5925,True,False,2026-04-20,249.19,
NFLX,2024-12-23,2024-12-30,91.34,89.45,-2.2649,-0.5205,4,1,1 wk,rank drift (score > 0),18.0,37.2112,True,False,2025-02-03,97.3,
MRVL,2024-12-16,2024-12-30,121.94,110.22,-9.7919,-1.3419,9,2,2–3 wk,rank drift (score > 0),11.0,47.8523,True,True,2025-01-06,121.73,1.1225
SOFI,2024-12-30,2025-01-06,15.57,15.2,-2.5714,-0.4668,4,1,1 wk,rank drift (score > 0),28.0,21.7307,True,True,2025-01-21,17.0,2.0615
SOUN,2024-12-09,2025-01-06,14.98,20.79,22.522,2.5652,18,4,4–8 wk,sector cap displacement,8.0,53.3072,False,False,2025-09-08,14.48,
AVGO,2024-12-30,2025-01-06,231.32,233.1,0.5682,0.086,4,1,1 wk,rank drift (score > 0),17.0,42.2444,False,False,2025-06-02,240.48,
ACHR,2024-12-23,2025-01-13,9.7,8.53,-13.8623,-0.8697,12,2,2–3 wk,rank drift (score > 0),15.0,33.9508,True,False,2025-03-17,8.09,
JOBY,2024-12-30,2025-01-13,8.685,8.34,-4.2877,-0.3876,8,2,2–3 wk,rank drift (score > 0),13.0,36.3097,True,True,2025-01-27,8.5,0.2087
TSLA,2024-11-11,2025-01-13,346.3,383.21,3.7923,1.1385,41,8,4–8 wk,rank drift (score > 0),12.0,37.8402,False,False,2025-09-15,423.13,
IONQ,2024-12-09,2025-01-13,38.0,29.55,-24.8648,-0.7117,22,4,4–8 wk,rank drift (score > 0),21.0,23.4545,True,False,2025-05-19,33.6,
APP,2024-09-16,2025-01-13,111.4,310.0,26.5647,15.5855,81,16,9+ wk,rank drift (score > 0),17.0,31.8051,False,True,2025-01-21,349.0,1.1836
UMAC,2024-12-09,2025-01-21,9.0,13.6,40.9771,1.0991,27,5,4–8 wk,rank drift (score > 0),15.0,41.3057,False,False,2025-10-06,16.76,
RKLB,2024-12-23,2025-01-21,24.97,26.0,2.5154,0.2504,17,3,2–3 wk,rank drift (score > 0),28.0,23.8702,False,True,2025-01-27,28.94,0.5923
META,2025-01-13,2025-01-21,603.64,614.3,1.5626,0.3122,5,1,1 wk,rank drift (score > 0),19.0,38.9993,False,True,2025-02-03,672.06,1.8005
BKR,2025-01-13,2025-01-21,41.96,45.22,7.554,1.3477,5,1,1 wk,rank drift (score > 0),12.0,45.446,False,False,2025-03-17,41.95,
ALAB,2025-01-06,2025-01-21,147.15,128.5,-12.8486,-1.4802,9,2,2–3 wk,rank drift (score > 0),13.0,44.6508,True,False,2025-08-04,137.23,
GOOGL,2025-01-13,2025-01-27,188.96,191.29,1.0308,0.1949,9,2,2–3 wk,rank drift (score > 0),14.0,48.7865,False,False,2025-08-18,203.49,
ANET,2025-01-21,2025-01-27,121.56,109.62,-10.0025,-1.4974,4,1,1 wk,rank drift (score > 0),21.0,38.0772,True,False,2025-08-11,137.75,
SOFI,2025-01-21,2025-02-03,17.0,14.98,-10.5084,-1.365,9,2,2–3 wk,rank drift (score > 0),26.0,27.551,True,False,2025-07-14,21.37,
VRT,2025-01-21,2025-02-03,140.84,105.53,-20.4087,-2.9582,9,2,2–3 wk,rank drift (score > 0),41.0,5.7265,True,False,2025-06-23,117.34,
TWLO,2025-01-21,2025-02-03,113.56,142.54,25.2688,3.185,9,2,2–3 wk,rank drift (score > 0),15.0,41.2315,False,False,2025-12-15,134.75,
JOBY,2025-01-27,2025-02-03,8.5,7.92,-7.0097,-0.4853,5,1,1 wk,rank drift (score > 0),30.0,21.952,True,False,2025-06-02,7.7,
MRVL,2025-01-06,2025-02-03,121.73,108.3,-7.3549,-1.4431,18,4,4–8 wk,rank drift (score > 0),33.0,18.8805,True,False,2025-12-08,90.32,
UI,2025-01-13,2025-02-03,348.13,381.45,4.63,0.7843,14,3,2–3 wk,rank drift (score > 0),14.0,42.5805,False,False,2025-05-12,425.41,
RKLB,2025-01-27,2025-02-10,28.94,27.75,-4.3035,-0.2991,10,2,2–3 wk,rank drift (score > 0),28.0,25.944,True,False,2025-04-21,19.47,
CVNA,2025-02-03,2025-02-18,48.19,57.4,17.3065,1.7735,10,2,2–3 wk,rank drift (score > 0),13.0,47.9033,False,False,2025-04-14,42.88,
RDDT,2025-01-13,2025-02-18,160.44,193.4,7.3874,0.8369,24,5,4–8 wk,sector cap displacement,9.0,53.8183,False,False,2025-08-11,215.23,
RCL,2025-02-03,2025-02-24,250.25,231.04,-7.9354,-1.1441,14,3,2–3 wk,rank drift (score > 0),31.0,4.3981,True,False,2025-07-28,343.68,
UPST,2025-02-18,2025-02-24,83.3,72.245,-13.4446,-0.6472,4,1,1 wk,rank drift (score > 0),15.0,31.3589,True,False,,,
SHOP,2025-02-03,2025-02-24,111.87,115.56,0.9693,0.1771,14,3,2–3 wk,rank drift (score > 0),21.0,22.0216,False,False,2025-08-11,150.755,
HOOD,2025-01-06,2025-02-24,42.11,52.24,18.964,1.2496,32,6,4–8 wk,rank drift (score > 0),11.0,39.4961,False,True,2025-03-03,54.72,0.3022
AFRM,2025-02-10,2025-03-03,75.59,65.055,-13.9287,-0.9008,14,3,2–3 wk,rank drift (score > 0),11.0,33.2709,True,False,2025-09-02,85.35,
LRCX,2025-02-24,2025-03-03,85.41,77.0,-10.0267,-1.1141,5,1,1 wk,score <= 0,,-5.0934,True,False,2025-07-07,97.71,
APLD,2025-02-24,2025-03-03,10.5,8.275,-21.3479,-0.8124,5,1,1 wk,score <= 0,,-6.0953,True,False,2025-06-09,14.52,
APP,2025-01-21,2025-03-03,349.0,350.24,-0.2141,0.0698,28,6,4–8 wk,rank drift (score > 0),16.0,21.9385,False,False,2025-05-12,350.56,
NFLX,2025-02-03,2025-03-10,97.3,87.51,-10.2414,-0.977,24,5,4–8 wk,rank drift (score > 0),17.0,9.3816,True,True,2025-03-17,94.0,0.9482
HIMS,2025-02-03,2025-03-10,35.01,34.11,-5.0576,1.2434,24,5,4–8 wk,rank drift (score > 0),11.0,15.3797,True,True,2025-04-07,24.5,-0.7646
DASH,2025-02-18,2025-03-10,213.09,182.49,-14.5312,-1.9959,14,3,2–3 wk,rank drift (score > 0),15.0,9.7698,True,True,2025-03-17,183.0,0.0616
TEAM,2025-03-03,2025-03-10,284.69,230.58,-19.1685,-1.5732,5,1,1 wk,score <= 0,,-9.927,True,False,,,
META,2025-02-03,2025-03-10,672.06,604.6,-10.2175,-1.324,24,5,4–8 wk,rank drift (score > 0),22.0,6.5698,True,False,2025-08-18,771.94,
FTNT,2025-02-24,2025-03-17,109.315,95.74,-12.5932,-1.5833,15,3,2–3 wk,score <= 0,,-0.1539,True,True,2025-04-14,99.89,0.305
HOOD,2025-03-03,2025-03-17,54.72,39.35,-28.2321,-1.4237,10,2,2–3 wk,rank drift (score > 0),17.0,8.7205,True,True,2025-03-24,46.4,0.4234
U,2025-02-24,2025-03-17,27.0,20.7,-23.4865,-0.9269,15,3,2–3 wk,score <= 0,,-1.6088,True,False,2025-07-21,36.99,
UBER,2025-03-10,2025-03-17,74.94,72.02,-4.0885,-0.1644,5,1,1 wk,rank drift (score > 0),16.0,9.4479,True,True,2025-03-24,76.97,0.277
LMT,2025-03-10,2025-03-17,456.98,445.81,-2.6392,-0.175,5,1,1 wk,rank drift (score > 0),11.0,18.3065,True,False,2026-01-20,569.68,
ZS,2025-03-10,2025-03-17,203.47,197.71,-3.025,-0.1454,5,1,1 wk,rank drift (score > 0),14.0,14.4147,True,True,2025-03-24,208.0,0.2559
MU,2025-03-17,2025-03-24,100.67,95.73,-5.0971,-0.1452,5,1,1 wk,score <= 0,,-17.3814,True,False,2025-10-20,209.45,
ASTS,2025-03-03,2025-03-24,29.08,26.62,-7.7946,0.1323,15,3,2–3 wk,rank drift (score > 0),16.0,13.5512,True,False,2025-05-05,25.915,
SMCI,2025-03-17,2025-03-24,42.68,40.81,-4.5725,-0.0814,5,1,1 wk,rank drift (score > 0),26.0,1.0892,True,False,2025-05-19,44.225,
ACHR,2025-03-17,2025-03-31,8.09,6.99,-13.7697,-0.1791,10,2,2–3 wk,score <= 0,,-1.8204,True,False,2025-05-05,9.11,
HOOD,2025-03-24,2025-03-31,46.4,39.775,-14.4493,-0.2952,5,1,1 wk,rank drift (score > 0),11.0,8.5112,True,True,2025-04-07,30.6728,-0.4042
VEEV,2025-03-10,2025-04-07,244.1,205.225,-15.2987,-0.8319,20,4,4–8 wk,score <= 0,,-7.094,True,False,2025-05-12,238.0,
BKR,2025-03-17,2025-04-07,41.95,33.7,-19.8268,-0.9958,15,3,2–3 wk,score <= 0,,-7.2823,True,False,2025-11-10,47.82,
SLB,2025-03-31,2025-04-07,39.72,31.73,-20.2754,-1.0831,5,1,1 wk,rank drift (score > 0),11.0,0.0707,True,False,2025-11-24,35.14,
ZS,2025-03-24,2025-04-07,208.0,166.88,-19.9295,-0.8491,10,2,2–3 wk,score <= 0,,-6.1489,True,True,2025-04-21,198.88,0.7006
HIMS,2025-04-07,2025-04-14,24.5,28.72,16.9903,0.3073,5,1,1 wk,rank drift (score > 0),18.0,0.9235,False,True,2025-05-05,42.28,0.9378
TEM,2025-04-07,2025-04-14,39.12,44.02,12.3007,0.213,5,1,1 wk,score <= 0,,-5.0314,False,True,2025-04-28,53.96,0.4141
FTNT,2025-04-14,2025-04-21,99.89,94.87,-5.2153,-0.2669,4,1,1 wk,rank drift (score > 0),14.0,13.4664,True,True,2025-04-28,102.39,0.4009
UNH,2025-03-31,2025-04-21,499.0,432.28,-13.2681,-0.6393,14,3,2–3 wk,score <= 0,,-12.5575,True,False,2026-05-18,385.41,
RKLB,2025-04-21,2025-04-28,19.47,23.2,18.9196,0.4513,5,1,1 wk,rank drift (score > 0),14.0,32.5728,False,True,2025-05-19,24.3,0.1371
NOC,2025-03-10,2025-04-28,474.49,463.87,-2.9813,-0.1091,34,7,4–8 wk,score <= 0,,-4.0233,True,False,2025-07-28,557.92,
UBER,2025-03-24,2025-04-28,76.97,78.105,7.8974,0.3633,24,5,4–8 wk,rank drift (score > 0),11.0,36.6481,False,True,2025-05-05,83.05,0.3403
CVNA,2025-04-14,2025-05-05,42.88,50.9,18.8462,0.4704,14,3,2–3 wk,rank drift (score > 0),11.0,39.9866,False,True,2025-05-12,55.7,0.2688
CDNS,2025-04-28,2025-05-05,288.02,307.0,6.3769,0.3303,5,1,1 wk,rank drift (score > 0),14.0,37.3295,False,False,,,
TEM,2025-04-28,2025-05-05,53.96,55.59,2.8149,0.0666,5,1,1 wk,rank drift (score > 0),12.0,38.9515,False,False,2025-06-16,72.15,
FTNT,2025-04-28,2025-05-05,102.39,104.57,1.9251,0.1139,5,1,1 wk,rank drift (score > 0),19.0,30.7138,False,False,2026-06-15,146.32,
MCK,2025-03-03,2025-05-12,633.75,669.51,2.1947,0.3706,49,10,9+ wk,rank drift (score > 0),29.0,22.8772,False,False,2025-06-16,721.54,
HIMS,2025-05-05,2025-05-12,42.28,56.09,32.3981,0.6763,5,1,1 wk,rank drift (score > 0),20.0,33.6005,False,False,2025-06-23,48.16,
UBER,2025-05-05,2025-05-12,83.05,84.615,1.6808,0.0948,5,1,1 wk,rank drift (score > 0),18.0,36.3245,False,True,2025-05-19,90.88,0.431
DASH,2025-03-17,2025-05-12,183.0,191.61,9.0005,0.5492,39,8,4–8 wk,rank drift (score > 0),38.0,7.6094,False,True,2025-05-27,205.44,0.3769
MSTR,2025-04-07,2025-05-19,259.93,392.49,39.5658,1.0656,29,6,4–8 wk,rank drift (score > 0),12.0,39.0302,False,False,,,
APP,2025-05-12,2025-05-19,350.56,355.27,1.1411,0.0323,5,1,1 wk,rank drift (score > 0),30.0,27.2419,False,True,2025-06-02,392.31,0.299
ASTS,2025-05-05,2025-05-19,25.915,25.675,-1.7859,-0.055,10,2,2–3 wk,rank drift (score > 0),43.0,18.8392,True,True,2025-06-16,39.26,1.5586
VEEV,2025-05-12,2025-05-19,238.0,240.37,0.794,0.0822,5,1,1 wk,rank drift (score > 0),22.0,34.3485,False,True,2025-06-02,276.31,1.5548
UI,2025-05-12,2025-05-27,425.41,397.34,-6.5419,-0.7638,10,2,2–3 wk,rank drift (score > 0),15.0,37.743,True,False,2025-09-02,510.66,
SMCI,2025-05-19,2025-05-27,44.225,41.405,-6.5635,-0.4123,5,1,1 wk,rank drift (score > 0),39.0,12.7659,True,False,2025-07-07,48.23,
UBER,2025-05-19,2025-05-27,90.88,89.1699,-2.0778,-0.3281,5,1,1 wk,rank drift (score > 0),22.0,26.6673,True,False,,,
IONQ,2025-05-19,2025-06-02,33.6,40.01,18.8395,1.61,9,2,2–3 wk,rank drift (score > 0),12.0,46.2995,False,True,2025-06-23,38.87,-0.1248
ACHR,2025-05-05,2025-06-02,9.11,10.01,-3.6944,-0.2671,19,4,4–8 wk,rank drift (score > 0),20.0,38.4134,False,True,2025-06-09,11.43,0.9362
INTU,2025-05-27,2025-06-02,715.49,741.21,3.3878,0.5473,4,1,1 wk,rank drift (score > 0),13.0,45.7445,False,True,2025-06-09,760.63,0.466
DASH,2025-05-27,2025-06-02,205.44,209.22,1.6365,0.2134,4,1,1 wk,rank drift (score > 0),14.0,44.5908,False,True,2025-06-09,218.03,0.5783
CVNA,2025-05-12,2025-06-09,55.7,67.38,16.9131,1.1915,19,4,4–8 wk,rank drift (score > 0),17.0,39.9784,False,False,2025-08-25,70.88,
AVGO,2025-06-02,2025-06-09,240.48,242.25,0.5348,0.0615,5,1,1 wk,rank drift (score > 0),23.0,37.2669,False,False,2025-12-01,391.94,
JOBY,2025-06-02,2025-06-09,7.7,8.97,16.2608,1.4026,5,1,1 wk,rank drift (score > 0),14.0,41.8982,False,True,2025-07-07,10.475,1.5974
VEEV,2025-06-02,2025-06-09,276.31,286.49,3.4771,0.5244,5,1,1 wk,rank drift (score > 0),19.0,38.1621,False,False,2026-08-24,247.06,
APP,2025-06-02,2025-06-16,392.31,367.79,-6.5564,-0.4889,10,2,2–3 wk,rank drift (score > 0),47.0,6.2764,True,False,2025-08-25,440.3,
RKLB,2025-05-19,2025-06-16,24.3,25.87,6.085,0.6056,19,4,4–8 wk,rank drift (score > 0),21.0,32.1117,False,True,2025-06-23,28.925,0.8774
HOOD,2025-04-07,2025-06-16,30.6728,73.7,51.2217,4.1239,48,10,9+ wk,rank drift (score > 0),19.0,40.2417,False,True,2025-06-23,77.86,0.4659
APLD,2025-06-09,2025-06-16,14.52,11.419,-21.5139,-0.8867,5,1,1 wk,sector cap displacement,10.0,45.3285,True,True,2025-06-30,10.56,-0.2452
INTU,2025-06-09,2025-06-16,760.63,752.34,-1.2875,-0.2414,5,1,1 wk,sector cap displacement,9.0,45.5279,True,False,,,
ACHR,2025-06-09,2025-06-16,11.43,10.34,-9.7171,-0.7045,5,1,1 wk,rank drift (score > 0),38.0,11.8386,True,False,2025-07-21,13.365,
ORCL,2025-06-16,2025-06-23,210.32,202.73,-3.8014,-0.3767,4,1,1 wk,sector cap displacement,10.0,45.492,True,True,2025-07-07,231.93,1.3964
MCK,2025-06-16,2025-06-23,721.54,722.99,0.0008,0.0002,4,1,1 wk,rank drift (score > 0),35.0,24.4552,False,False,2025-10-20,784.37,
DASH,2025-06-09,2025-06-23,218.03,225.255,3.1073,0.3202,9,2,2–3 wk,rank drift (score > 0),22.0,36.9119,False,False,2025-08-11,258.19,
NFLX,2025-03-17,2025-06-23,94.0,123.8,13.6119,2.5683,67,13,9+ wk,rank drift (score > 0),16.0,41.3579,False,True,2025-06-30,133.1,1.1587
TEM,2025-06-16,2025-06-23,72.15,66.05,-8.6375,-0.4099,4,1,1 wk,rank drift (score > 0),33.0,30.4415,True,False,2025-10-06,91.34,
HIMS,2025-06-23,2025-06-30,48.16,50.76,5.1881,0.379,5,1,1 wk,rank drift (score > 0),55.0,3.3658,False,False,2025-08-04,63.805,
NVTS,2025-05-27,2025-06-30,4.535,6.595,21.1859,0.9742,23,5,4–8 wk,rank drift (score > 0),21.0,45.4435,False,True,2025-07-28,8.88,0.6519
VRT,2025-06-23,2025-06-30,117.34,127.91,8.7902,0.9051,5,1,1 wk,rank drift (score > 0),17.0,46.4508,False,False,2025-08-04,144.07,
IONQ,2025-06-23,2025-06-30,38.87,41.21,5.8082,0.3871,5,1,1 wk,rank drift (score > 0),35.0,26.5691,False,False,2025-09-22,68.11,
SNOW,2025-06-16,2025-07-07,210.31,221.43,5.191,0.7732,13,3,2–3 wk,rank drift (score > 0),23.0,39.6577,False,False,2026-07-20,267.12,
ZS,2025-04-21,2025-07-07,198.88,312.86,23.2881,5.0732,52,10,9+ wk,rank drift (score > 0),16.0,45.5758,False,False,,,
HOOD,2025-06-23,2025-07-07,77.86,93.59,19.9628,1.8906,9,2,2–3 wk,rank drift (score > 0),11.0,47.7667,False,True,2025-07-14,100.87,0.7753
ARM,2025-06-30,2025-07-07,166.965,154.0,-7.9494,-0.7364,4,1,1 wk,rank drift (score > 0),21.0,40.2545,True,False,2026-03-30,144.1,
NFLX,2025-06-30,2025-07-07,133.1,129.5,-2.8991,-0.5702,4,1,1 wk,rank drift (score > 0),31.0,35.0778,True,False,2026-03-30,92.75,
APLD,2025-06-30,2025-07-07,10.56,10.16,-3.9801,-0.1609,4,1,1 wk,rank drift (score > 0),33.0,34.3165,True,True,2025-08-04,12.83,1.0542
LRCX,2025-07-07,2025-07-14,97.71,99.91,2.0473,0.2634,5,1,1 wk,sector cap displacement,10.0,49.3499,False,False,2025-11-10,163.8,
IREN,2025-07-07,2025-07-14,16.335,16.745,2.3051,0.2399,5,1,1 wk,rank drift (score > 0),23.0,41.9883,False,False,2025-08-18,19.925,
ASTS,2025-06-16,2025-07-14,39.26,45.335,8.8759,1.0258,18,4,4–8 wk,rank drift (score > 0),21.0,42.9786,False,True,2025-07-21,59.74,2.7071
SOFI,2025-07-14,2025-07-21,21.37,21.95,2.5089,0.3349,5,1,1 wk,rank drift (score > 0),25.0,42.7646,False,True,2025-08-18,23.69,0.9986
AMD,2025-07-14,2025-07-21,145.09,157.62,8.419,1.155,5,1,1 wk,sector cap displacement,10.0,51.7029,False,True,2025-07-28,169.08,0.998
COIN,2025-06-30,2025-07-21,359.225,425.55,18.4811,1.4985,14,3,2–3 wk,rank drift (score > 0),16.0,47.8218,False,False,,,
U,2025-07-21,2025-07-28,36.99,32.99,-10.9919,-1.1862,5,1,1 wk,rank drift (score > 0),16.0,44.4863,True,True,2025-08-18,37.89,1.4885
ACHR,2025-07-21,2025-07-28,13.365,11.41,-14.7983,-1.1085,5,1,1 wk,rank drift (score > 0),38.0,30.8615,True,False,,,
CIFR,2025-07-07,2025-07-28,5.81,6.59,11.3236,0.9079,15,3,2–3 wk,sector cap displacement,9.0,52.6534,False,False,2025-09-02,7.421,
ASTS,2025-07-21,2025-07-28,59.74,55.04,-8.0515,-0.7053,5,1,1 wk,rank drift (score > 0),17.0,43.8135,True,True,2025-08-04,51.23,-0.5575
HOOD,2025-07-14,2025-08-04,100.87,101.229,-1.3603,-0.0332,15,3,2–3 wk,rank drift (score > 0),29.0,24.2627,False,True,2025-08-11,116.22,1.4019
AVAV,2025-06-16,2025-08-04,197.4,265.72,23.0209,6.6837,33,7,4–8 wk,rank drift (score > 0),24.0,31.1658,False,False,2025-10-06,385.39,
RCL,2025-07-28,2025-08-04,343.68,310.8,-9.7477,-1.6825,5,1,1 wk,rank drift (score > 0),42.0,1.5265,True,False,2025-09-02,347.46,
ORCL,2025-07-07,2025-08-04,231.93,243.09,3.9465,0.729,20,4,4–8 wk,sector cap displacement,7.0,52.6908,False,False,,,
AMD,2025-07-28,2025-08-04,169.08,174.605,3.0614,0.3969,5,1,1 wk,sector cap displacement,5.0,63.1885,False,True,2025-08-18,176.755,0.1949
SMCI,2025-07-07,2025-08-11,48.23,45.075,-11.7553,-0.6842,25,5,4–8 wk,rank drift (score > 0),43.0,7.7969,True,False,,,
HIMS,2025-08-04,2025-08-11,63.805,51.3043,-19.7527,-1.2136,5,1,1 wk,score <= 0,,-13.8013,True,False,2026-06-22,34.63,
ASTS,2025-08-04,2025-08-11,51.23,46.25,-9.9012,-0.8827,5,1,1 wk,rank drift (score > 0),35.0,19.3904,True,False,2025-10-06,69.165,
NVTS,2025-07-28,2025-08-11,8.88,6.72,-22.1709,-0.4634,10,2,2–3 wk,rank drift (score > 0),20.0,37.4825,True,False,2025-10-13,8.6,
VRT,2025-08-04,2025-08-11,144.07,138.98,-3.7257,-0.6284,5,1,1 wk,rank drift (score > 0),26.0,32.4764,True,False,2025-10-13,174.83,
NOC,2025-07-28,2025-08-11,557.92,568.28,0.9594,0.2423,10,2,2–3 wk,rank drift (score > 0),33.0,21.2825,False,False,2026-02-02,676.74,
NVDA,2025-08-11,2025-08-18,181.6,180.16,-0.9912,-0.1915,5,1,1 wk,sector cap displacement,12.0,44.2694,True,False,,,
APLD,2025-08-04,2025-08-18,12.83,14.875,15.7076,0.6676,10,2,2–3 wk,sector cap displacement,6.0,54.2775,False,True,2025-08-25,16.01,0.3123
DASH,2025-08-11,2025-08-18,258.19,248.99,-3.7559,-0.7091,5,1,1 wk,rank drift (score > 0),27.0,27.5218,True,False,2026-08-03,200.45,
SHOP,2025-08-11,2025-08-18,150.755,141.385,-6.4028,-0.5778,5,1,1 wk,rank drift (score > 0),23.0,33.8334,True,True,2025-08-25,140.75,-0.0212
JOBY,2025-07-07,2025-08-18,10.475,16.7,34.4541,4.3522,30,6,4–8 wk,rank drift (score > 0),30.0,26.0653,False,False,2025-09-29,16.72,
RKLB,2025-06-23,2025-08-18,28.925,44.3,29.6805,4.6284,39,8,4–8 wk,rank drift (score > 0),43.0,10.8373,False,False,2025-10-06,56.865,
META,2025-08-18,2025-08-25,771.94,751.76,-2.8088,-0.4076,5,1,1 wk,rank drift (score > 0),29.0,27.4495,True,False,2026-07-20,646.19,
GOOGL,2025-08-18,2025-08-25,203.49,205.71,0.889,0.1832,5,1,1 wk,rank drift (score > 0),15.0,38.494,False,True,2025-09-08,234.86,3.0309
AMD,2025-08-18,2025-08-25,176.755,165.55,-6.5264,-0.6927,5,1,1 wk,rank drift (score > 0),22.0,34.142,True,False,2025-10-13,220.2,
HOOD,2025-08-11,2025-08-25,116.22,108.49,-6.8377,-0.6738,10,2,2–3 wk,rank drift (score > 0),14.0,39.6346,True,False,2025-09-29,123.78,
SHOP,2025-08-25,2025-09-02,140.75,136.95,-2.8942,-0.3158,5,1,1 wk,rank drift (score > 0),18.0,42.1933,True,False,2025-11-03,175.5,
APLD,2025-08-25,2025-09-02,16.01,15.13,-5.6854,-0.245,5,1,1 wk,sector cap displacement,8.0,51.2146,True,True,2025-09-15,19.105,1.0602
CVNA,2025-08-25,2025-09-02,70.88,72.41,1.9545,0.2381,5,1,1 wk,rank drift (score > 0),20.0,35.3794,False,False,2025-12-29,87.18,
ANET,2025-08-11,2025-09-02,137.75,132.41,-3.2596,-0.4162,15,3,2–3 wk,sector cap displacement,6.0,54.974,True,False,2026-04-20,165.0,
UI,2025-09-02,2025-09-08,510.66,575.82,12.5347,0.9876,4,1,1 wk,sector cap displacement,7.0,56.974,False,True,2025-09-22,632.51,0.8339
RCL,2025-09-02,2025-09-08,347.46,345.99,-0.622,-0.1171,4,1,1 wk,rank drift (score > 0),18.0,45.5353,True,False,2026-06-22,309.39,
SOUN,2025-09-08,2025-09-15,14.48,14.36,-1.0269,-0.0648,5,1,1 wk,rank drift (score > 0),23.0,37.2745,True,False,,,
AFRM,2025-09-02,2025-09-15,85.35,84.11,-1.6497,-0.1742,9,2,2–3 wk,rank drift (score > 0),27.0,33.4223,True,False,2026-06-01,73.97,
ALAB,2025-08-04,2025-09-22,137.23,239.875,61.1969,4.8713,34,7,4–8 wk,sector cap displacement,8.0,58.7674,False,False,2026-05-26,315.0,
U,2025-08-18,2025-09-22,37.89,45.94,18.98,1.9475,24,5,4–8 wk,sector cap displacement,6.0,62.0021,False,False,2025-11-24,39.32,
RDDT,2025-08-11,2025-09-29,215.23,244.804,11.9118,1.511,34,7,4–8 wk,rank drift (score > 0),25.0,31.7168,False,False,2025-12-22,235.95,
SOFI,2025-08-18,2025-09-29,23.69,28.36,16.7174,2.1957,29,6,4–8 wk,rank drift (score > 0),26.0,29.1877,False,False,,,
TSLA,2025-09-15,2025-10-06,423.13,440.75,3.5955,0.4793,15,3,2–3 wk,rank drift (score > 0),39.0,22.5449,False,True,2025-10-20,443.865,0.1082
GOOGL,2025-09-08,2025-10-06,234.86,244.15,2.868,0.7414,20,4,4–8 wk,rank drift (score > 0),36.0,27.0565,False,True,2025-10-20,254.03,0.8974
APP,2025-08-25,2025-10-06,440.3,684.475,52.3708,5.3441,29,6,4–8 wk,rank drift (score > 0),23.0,39.5233,False,False,2025-12-08,697.675,
UI,2025-09-22,2025-10-06,632.51,666.33,5.0073,0.3933,10,2,2–3 wk,sector cap displacement,9.0,56.2772,False,True,2025-11-03,784.84,1.3644
HOOD,2025-09-29,2025-10-06,123.78,153.0,23.3594,2.4389,5,1,1 wk,rank drift (score > 0),25.0,38.6438,False,False,2026-06-15,98.72,
IONQ,2025-09-22,2025-10-13,68.11,74.11,6.9732,0.7723,15,3,2–3 wk,sector cap displacement,5.0,55.2845,False,False,,,
UMAC,2025-10-06,2025-10-13,16.76,13.78,-17.9447,-1.2177,5,1,1 wk,sector cap displacement,17.0,39.9732,True,False,2026-01-20,17.26,
JOBY,2025-09-29,2025-10-13,16.72,16.7,-2.8819,-0.2735,10,2,2–3 wk,rank drift (score > 0),33.0,19.9891,True,False,,,
AVAV,2025-10-06,2025-10-20,385.39,361.11,-6.5446,-1.1058,10,2,2–3 wk,rank drift (score > 0),27.0,27.6262,True,True,2025-10-27,388.74,1.0831
IREN,2025-08-18,2025-10-20,19.925,63.61,167.532,11.2503,44,9,9+ wk,rank drift (score > 0),20.0,34.6053,False,True,2025-10-27,64.99,0.1717
AMD,2025-10-13,2025-10-20,220.2,236.465,7.1719,0.7648,5,1,1 wk,sector cap displacement,5.0,56.7397,False,True,2025-10-27,257.88,0.9991
TEM,2025-10-06,2025-10-20,91.34,91.02,-0.5494,-0.0407,10,2,2–3 wk,rank drift (score > 0),21.0,34.1276,True,True,2025-10-27,91.91,0.1162
TSLA,2025-10-20,2025-10-27,443.865,439.98,-1.0733,-0.1208,5,1,1 wk,rank drift (score > 0),37.0,20.0187,True,True,2025-11-03,455.99,0.4221
ASTS,2025-10-06,2025-10-27,69.165,76.0,9.6626,1.4984,15,3,2–3 wk,rank drift (score > 0),30.0,31.3481,False,True,2025-11-03,80.36,0.3072
GOOGL,2025-10-20,2025-10-27,254.03,264.13,3.7682,0.7293,5,1,1 wk,rank drift (score > 0),20.0,36.0231,False,True,2025-11-03,281.44,1.3391
NVTS,2025-10-13,2025-10-27,8.6,14.775,71.4591,5.6045,10,2,2–3 wk,sector cap displacement,5.0,62.2009,False,True,2025-11-03,13.2,-0.5025
MCK,2025-10-20,2025-10-27,784.37,798.21,1.5611,0.3026,5,1,1 wk,rank drift (score > 0),31.0,30.8183,False,True,2025-11-10,839.6,1.0467
BIIB,2025-10-27,2025-11-03,150.07,153.6,2.1477,0.3852,5,1,1 wk,rank drift (score > 0),33.0,25.7961,False,True,2025-11-10,155.41,0.2486
MU,2025-10-20,2025-11-03,209.45,233.65,10.659,1.2243,10,2,2–3 wk,sector cap displacement,6.0,59.305,False,True,2025-11-10,247.71,0.7675
CIFR,2025-09-02,2025-11-03,7.421,22.94,147.8548,9.9399,44,9,9+ wk,sector cap displacement,7.0,56.3108,False,True,2025-11-10,21.868,-0.2512
AVAV,2025-10-27,2025-11-03,388.74,375.475,-3.6053,-0.4445,5,1,1 wk,rank drift (score > 0),31.0,28.639,True,False,,,
TEM,2025-10-27,2025-11-03,91.91,90.0,-2.2738,-0.2158,5,1,1 wk,rank drift (score > 0),37.0,22.8982,True,False,2026-07-13,57.64,
RKLB,2025-10-06,2025-11-03,56.865,63.03,7.3361,1.3595,20,4,4–8 wk,rank drift (score > 0),25.0,35.9676,False,False,2025-12-15,63.052,
IREN,2025-10-27,2025-11-10,64.99,65.85,1.1208,0.1461,10,2,2–3 wk,rank drift (score > 0),20.0,35.0138,False,False,2026-01-20,54.95,
VRT,2025-10-13,2025-11-10,174.83,187.82,6.2744,0.9255,20,4,4–8 wk,rank drift (score > 0),23.0,32.6469,False,False,2026-02-09,196.65,
SHOP,2025-11-03,2025-11-10,175.5,157.115,-10.6547,-1.116,5,1,1 wk,rank drift (score > 0),36.0,2.744,True,False,2025-12-29,169.75,
TSLA,2025-11-03,2025-11-10,455.99,439.6,-3.787,-0.5113,5,1,1 wk,rank drift (score > 0),28.0,22.1673,True,False,,,
NVTS,2025-11-03,2025-11-10,13.2,8.4,-36.4908,-1.9059,5,1,1 wk,rank drift (score > 0),31.0,18.5946,True,False,2026-03-16,10.765,
UI,2025-11-03,2025-11-10,784.84,629.35,-19.9719,-1.5887,5,1,1 wk,rank drift (score > 0),33.0,12.1963,True,False,2026-03-09,729.22,
ASTS,2025-11-03,2025-11-10,80.36,71.31,-11.4391,-0.7659,5,1,1 wk,rank drift (score > 0),35.0,3.5125,True,True,2025-12-08,74.99,0.3462
APLD,2025-09-15,2025-11-10,19.105,32.17,30.2449,4.2292,40,8,4–8 wk,sector cap displacement,11.0,44.7779,False,False,2026-01-12,36.655,
AMD,2025-10-27,2025-11-10,257.88,242.135,-6.2932,-0.5563,10,2,2–3 wk,sector cap displacement,13.0,43.3861,True,True,2025-11-17,242.745,0.0401
GOOGL,2025-11-03,2025-11-17,281.44,285.03,1.0732,0.1886,10,2,2–3 wk,rank drift (score > 0),15.0,34.2381,False,True,2025-11-24,310.32,1.2594
CIFR,2025-11-10,2025-11-17,21.868,14.079,-35.7469,-1.1296,5,1,1 wk,rank drift (score > 0),18.0,24.3983,True,True,2025-12-01,19.33,0.7688
LRCX,2025-11-10,2025-11-17,163.8,146.63,-10.6612,-0.9292,5,1,1 wk,rank drift (score > 0),13.0,37.2978,True,False,2025-12-22,175.16,
HAL,2025-11-10,2025-11-24,27.23,25.24,-7.4933,-0.6783,10,2,2–3 wk,rank drift (score > 0),11.0,31.3421,True,True,2025-12-15,28.18,0.9639
MDB,2025-11-10,2025-11-24,363.32,325.05,-10.7122,-0.4923,10,2,2–3 wk,rank drift (score > 0),13.0,28.5053,True,True,2025-12-08,413.0,1.0966
AMD,2025-11-17,2025-11-24,242.745,207.16,-14.8299,-0.7345,5,1,1 wk,rank drift (score > 0),17.0,11.1198,True,False,2026-04-20,280.6,
U,2025-11-24,2025-12-01,39.32,42.77,8.5568,0.4029,4,1,1 wk,sector cap displacement,11.0,47.0818,False,True,2025-12-15,46.5,0.4437
SLB,2025-11-24,2025-12-01,35.14,35.38,0.4818,0.0543,4,1,1 wk,rank drift (score > 0),24.0,20.5341,False,True,2025-12-15,38.77,1.0787
CIFR,2025-12-01,2025-12-08,19.33,19.89,2.6915,0.0723,5,1,1 wk,rank drift (score > 0),15.0,42.676,False,False,,,
BKR,2025-11-10,2025-12-08,47.82,48.55,0.9712,0.1487,19,4,4–8 wk,rank drift (score > 0),19.0,35.3693,False,False,2026-01-20,51.1,
AAPL,2025-11-17,2025-12-08,268.09,277.37,2.9545,0.474,14,3,2–3 wk,rank drift (score > 0),14.0,43.342,False,False,2026-07-20,333.22,
MCK,2025-11-10,2025-12-08,839.6,802.75,-4.9192,-0.7071,19,4,4–8 wk,rank drift (score > 0),31.0,10.626,True,False,2026-02-09,947.16,
GOOGL,2025-11-24,2025-12-15,310.32,310.71,-0.9806,-0.1489,14,3,2–3 wk,rank drift (score > 0),14.0,43.8183,False,True,2026-01-05,317.04,0.34
BIIB,2025-11-10,2025-12-15,155.41,173.67,6.2479,1.1251,24,5,4–8 wk,rank drift (score > 0),17.0,41.1351,False,True,2025-12-29,177.0,0.2852
AVGO,2025-12-01,2025-12-15,391.94,359.22,-8.9207,-0.8043,10,2,2–3 wk,rank drift (score > 0),30.0,11.2231,True,False,,,
MRVL,2025-12-08,2025-12-15,90.32,84.75,-6.3544,-0.5447,5,1,1 wk,rank drift (score > 0),28.0,13.3584,True,False,2026-03-09,87.86,
APP,2025-12-08,2025-12-15,697.675,682.57,-2.3605,-0.1811,5,1,1 wk,rank drift (score > 0),13.0,45.1376,True,True,2025-12-22,731.97,0.5676
U,2025-12-15,2025-12-22,46.5,47.08,1.045,0.0747,5,1,1 wk,sector cap displacement,5.0,56.3128,False,False,2026-08-10,42.74,
SLB,2025-12-15,2025-12-22,38.77,37.83,-2.6195,-0.4321,5,1,1 wk,rank drift (score > 0),24.0,18.2464,True,True,2026-01-05,42.31,1.8874
HAL,2025-12-15,2025-12-22,28.18,27.63,-2.1476,-0.2678,5,1,1 wk,rank drift (score > 0),20.0,29.4516,True,True,2026-01-05,31.56,1.7171
RDDT,2025-12-22,2025-12-29,235.95,225.15,-4.7679,-0.3949,4,1,1 wk,rank drift (score > 0),33.0,11.5035,True,False,2026-07-06,197.96,
RKLB,2025-12-15,2025-12-29,63.052,69.5,10.0062,0.6296,9,2,2–3 wk,rank drift (score > 0),13.0,41.5469,False,True,2026-01-05,74.62,0.456
ASTS,2025-12-08,2025-12-29,74.99,70.64,-6.4102,-0.306,14,3,2–3 wk,rank drift (score > 0),22.0,28.8243,True,True,2026-01-05,82.03,0.7271
APP,2025-12-22,2026-01-05,731.97,617.7,-15.7799,-1.2947,8,2,2–3 wk,rank drift (score > 0),38.0,2.6724,True,False,2026-06-01,615.2,
CVNA,2025-12-29,2026-01-05,87.18,80.52,-7.8239,-0.5393,4,1,1 wk,rank drift (score > 0),32.0,9.4653,True,True,2026-01-26,94.92,1.1662
MDB,2025-12-08,2026-01-05,413.0,404.01,-3.0352,-0.1858,18,4,4–8 wk,rank drift (score > 0),17.0,34.9272,True,False,,,
TWLO,2025-12-15,2026-01-05,134.75,136.21,0.1829,0.0518,13,3,2–3 wk,rank drift (score > 0),14.0,36.7701,False,False,2026-03-09,125.5,
SHOP,2025-12-29,2026-01-05,169.75,158.84,-6.6141,-0.6585,4,1,1 wk,rank drift (score > 0),39.0,0.685,True,False,2026-08-10,150.44,
LRCX,2025-12-22,2026-01-12,175.16,215.48,22.7732,1.8008,13,3,2–3 wk,rank drift (score > 0),11.0,50.8611,False,True,2026-01-20,217.56,0.0977
ASTS,2026-01-05,2026-01-20,82.03,113.1,37.6009,1.3282,10,2,2–3 wk,rank drift (score > 0),16.0,44.8501,False,True,2026-02-02,109.89,-0.122
MRK,2025-11-17,2026-01-20,90.57,105.92,11.3606,2.2909,42,8,4–8 wk,rank drift (score > 0),12.0,50.6599,False,True,2026-01-26,105.62,-0.0137
BIIB,2025-12-29,2026-01-20,177.0,161.51,-9.274,-1.5345,14,3,2–3 wk,rank drift (score > 0),31.0,12.0435,True,True,2026-02-02,179.3,1.656
REGN,2025-11-10,2026-01-20,652.65,726.59,4.0261,1.1337,47,9,9+ wk,rank drift (score > 0),28.0,15.8997,False,True,2026-02-17,800.38,1.1155
GOOGL,2026-01-05,2026-01-20,317.04,320.25,0.5034,0.0765,10,2,2–3 wk,rank drift (score > 0),21.0,34.6021,False,True,2026-02-02,335.57,0.7388
LRCX,2026-01-20,2026-01-26,217.56,218.33,0.1534,0.0152,4,1,1 wk,rank drift (score > 0),12.0,51.1066,False,True,2026-02-02,232.64,0.6466
UMAC,2026-01-20,2026-01-26,17.26,16.5,-4.5942,-0.2017,4,1,1 wk,rank drift (score > 0),20.0,40.4549,True,False,2026-03-09,18.5,
APLD,2026-01-12,2026-02-02,36.655,33.445,-8.3041,-0.2899,14,3,2–3 wk,rank drift (score > 0),19.0,35.9377,True,False,,,
RKLB,2026-01-05,2026-02-02,74.62,79.16,4.5823,0.2274,19,4,4–8 wk,rank drift (score > 0),15.0,45.0151,False,False,2026-04-20,84.85,
MU,2025-11-10,2026-02-02,247.71,411.94,56.5348,3.7923,56,11,9+ wk,rank drift (score > 0),12.0,48.6752,False,True,2026-02-17,400.72,-0.174
CVNA,2026-01-26,2026-02-02,94.92,78.24,-17.7374,-1.2417,5,1,1 wk,rank drift (score > 0),26.0,13.5897,True,False,,,
IREN,2026-01-20,2026-02-02,54.95,52.35,-4.9219,-0.1921,9,2,2–3 wk,rank drift (score > 0),13.0,47.6119,True,False,2026-05-11,54.97,
LRCX,2026-02-02,2026-02-09,232.64,228.33,-2.0487,-0.1265,5,1,1 wk,rank drift (score > 0),13.0,49.9761,True,True,2026-02-23,244.62,0.4266
ASTS,2026-02-02,2026-02-09,109.89,100.505,-8.7231,-0.2468,5,1,1 wk,rank drift (score > 0),12.0,50.7227,True,False,2026-03-23,90.39,
GOOGL,2026-02-02,2026-02-09,335.57,320.31,-4.7382,-0.5822,5,1,1 wk,rank drift (score > 0),18.0,30.2401,True,False,2026-04-20,340.33,
ENPH,2026-02-09,2026-02-17,50.01,43.29,-13.6103,-0.5148,5,1,1 wk,rank drift (score > 0),14.0,43.9052,True,False,,,
NOC,2026-02-02,2026-02-17,676.74,694.09,2.2399,0.2892,10,2,2–3 wk,rank drift (score > 0),11.0,59.2069,False,True,2026-02-23,714.85,0.4006
BIIB,2026-02-02,2026-02-23,179.3,191.82,6.6266,0.8237,14,3,2–3 wk,rank drift (score > 0),11.0,54.9145,False,True,2026-03-02,190.22,-0.0629
REGN,2026-02-17,2026-02-23,800.38,775.51,-3.3009,-0.3809,4,1,1 wk,rank drift (score > 0),13.0,49.5299,True,True,2026-03-02,769.05,-0.0704
LRCX,2026-02-23,2026-03-02,244.62,228.6,-6.7356,-0.453,5,1,1 wk,rank drift (score > 0),13.0,33.3723,True,True,2026-03-23,229.98,0.0491
MU,2026-02-17,2026-03-02,400.72,401.24,-0.0703,-0.0022,9,2,2–3 wk,rank drift (score > 0),12.0,41.683,False,True,2026-03-16,445.9,0.549
BIIB,2026-03-02,2026-03-09,190.22,183.91,-3.5104,-0.3363,5,1,1 wk,rank drift (score > 0),11.0,32.4673,True,True,2026-03-30,186.16,0.1384
MRK,2026-01-26,2026-03-09,105.62,112.65,4.8686,0.8098,29,6,4–8 wk,rank drift (score > 0),12.0,29.3715,False,True,2026-03-16,113.84,0.1693
REGN,2026-03-02,2026-03-09,769.05,757.84,-1.6545,-0.1931,5,1,1 wk,rank drift (score > 0),16.0,23.1649,True,False,2026-08-03,768.64,
SLB,2026-01-05,2026-03-09,42.31,46.38,6.9848,1.4752,43,9,9+ wk,rank drift (score > 0),17.0,20.2564,False,True,2026-03-30,53.74,1.4069
MRVL,2026-03-09,2026-03-16,87.86,89.08,1.186,0.0913,5,1,1 wk,sector cap displacement,9.0,36.8615,False,True,2026-03-23,89.39,0.0432
BKR,2026-01-20,2026-03-16,51.1,54.09,1.0012,1.0781,38,8,4–8 wk,rank drift (score > 0),25.0,3.9291,False,True,2026-03-23,61.2,1.6265
TWLO,2026-03-09,2026-03-16,125.5,125.15,-0.4781,-0.0434,5,1,1 wk,sector cap displacement,10.0,31.6466,True,True,2026-04-06,134.08,0.6708
MCK,2026-02-09,2026-03-23,947.16,894.23,-5.0334,-0.5057,29,6,4–8 wk,rank drift (score > 0),20.0,3.8436,True,False,2026-07-27,840.98,
NVTS,2026-03-16,2026-03-23,10.765,9.08,-15.8211,-0.5865,5,1,1 wk,rank drift (score > 0),16.0,14.4922,True,False,2026-05-04,17.73,
UMAC,2026-03-09,2026-03-23,18.5,15.23,-17.8402,-0.5655,10,2,2–3 wk,rank drift (score > 0),13.0,20.3746,True,False,2026-06-08,27.82,
MRK,2026-03-16,2026-03-23,113.84,114.66,0.5191,0.0967,5,1,1 wk,rank drift (score > 0),17.0,14.0171,False,True,2026-03-30,119.0,0.763
ASTS,2026-03-23,2026-03-30,90.39,79.536,-12.1838,-0.2416,5,1,1 wk,rank drift (score > 0),18.0,8.8864,True,True,2026-04-06,93.935,0.3192
LMT,2026-01-20,2026-03-30,569.68,613.2,3.0871,1.2715,48,10,9+ wk,rank drift (score > 0),12.0,20.3746,False,False,2026-07-27,578.3,
LRCX,2026-03-23,2026-03-30,229.98,214.18,-7.0562,-0.2795,5,1,1 wk,rank drift (score > 0),20.0,7.3806,True,True,2026-04-13,262.66,0.8417
NOC,2026-02-23,2026-03-30,714.85,682.91,-5.4734,-0.5303,25,5,4–8 wk,rank drift (score > 0),15.0,17.2976,True,True,2026-04-06,694.77,0.137
MU,2026-03-16,2026-03-30,445.9,362.6,-18.8438,-0.7738,10,2,2–3 wk,rank drift (score > 0),14.0,18.8889,True,True,2026-04-27,510.48,1.1542
BKR,2026-03-23,2026-04-06,61.2,59.87,-2.3687,-0.0956,9,2,2–3 wk,rank drift (score > 0),14.0,29.5928,True,True,2026-04-13,62.25,0.2298
BIIB,2026-03-30,2026-04-06,186.16,177.0,-5.1105,-0.2892,4,1,1 wk,rank drift (score > 0),26.0,4.1151,True,False,2026-06-08,197.25,
SLB,2026-03-30,2026-04-06,53.74,48.89,-9.2067,-0.4491,4,1,1 wk,rank drift (score > 0),12.0,33.5068,True,True,2026-04-13,51.66,0.2598
NOC,2026-04-06,2026-04-13,694.77,671.7,-3.5137,-0.2446,5,1,1 wk,rank drift (score > 0),28.0,10.1684,True,False,,,
TWLO,2026-04-06,2026-04-13,134.08,118.14,-12.0645,-0.5683,5,1,1 wk,score <= 0,,-13.2378,True,False,2026-05-18,197.0,
NFLX,2026-03-30,2026-04-13,92.75,103.032,10.7295,0.5632,9,2,2–3 wk,rank drift (score > 0),20.0,28.7066,False,False,,,
BKR,2026-04-13,2026-04-20,62.25,59.25,-5.0094,-0.6607,5,1,1 wk,rank drift (score > 0),35.0,13.2629,True,True,2026-04-27,69.51,2.1635
LRCX,2026-04-13,2026-04-20,262.66,266.63,1.3086,0.0949,5,1,1 wk,sector cap displacement,9.0,53.1712,False,False,2026-06-29,382.6,
MRK,2026-03-30,2026-04-20,119.0,117.61,-1.5433,-0.3002,14,3,2–3 wk,rank drift (score > 0),34.0,14.7222,True,False,2026-06-08,119.28,
ASTS,2026-04-06,2026-04-20,93.935,74.1,-20.872,-0.8862,10,2,2–3 wk,score <= 0,,-26.8577,True,False,2026-06-01,108.67,
ARM,2026-03-30,2026-04-20,144.1,167.415,14.4411,1.0591,14,3,2–3 wk,sector cap displacement,6.0,56.4555,False,True,2026-04-27,224.49,2.8121
UI,2026-03-09,2026-04-27,729.22,1025.22,25.9671,2.1745,34,7,4–8 wk,sector cap displacement,13.0,51.6667,False,False,,,
AMD,2026-04-20,2026-04-27,280.6,346.32,23.1746,1.6642,5,1,1 wk,sector cap displacement,7.0,58.3333,False,True,2026-05-04,360.31,0.3549
RKLB,2026-04-20,2026-04-27,84.85,79.69,-6.269,-0.3217,5,1,1 wk,rank drift (score > 0),28.0,26.4341,True,True,2026-05-11,105.27,1.47
ANET,2026-04-20,2026-05-04,165.0,175.68,6.26,0.5067,10,2,2–3 wk,sector cap displacement,14.0,53.635,False,False,,,
ARM,2026-04-27,2026-05-04,224.49,212.5,-5.5301,-0.3427,5,1,1 wk,sector cap displacement,5.0,64.6795,True,True,2026-06-01,389.95,4.7679
BKR,2026-04-27,2026-05-11,69.51,63.75,-8.3377,-1.1675,10,2,2–3 wk,rank drift (score > 0),33.0,22.9286,True,True,2026-05-26,65.82,0.418
SLB,2026-04-13,2026-05-11,51.66,53.11,1.7111,0.282,20,4,4–8 wk,rank drift (score > 0),31.0,23.185,False,True,2026-05-18,54.58,0.3542
AMZN,2026-04-20,2026-05-18,249.19,263.865,2.8057,0.6223,20,4,4–8 wk,rank drift (score > 0),26.0,29.2559,False,True,2026-05-26,267.94,0.3236
AMD,2026-05-04,2026-05-18,360.31,429.5,18.9647,1.3148,10,2,2–3 wk,sector cap displacement,5.0,65.3607,False,True,2026-05-26,484.74,0.9204
IREN,2026-05-11,2026-05-18,54.97,53.085,-3.6221,-0.2096,5,1,1 wk,rank drift (score > 0),30.0,25.8522,True,True,2026-05-26,59.68,0.6853
GOOGL,2026-04-20,2026-05-26,340.33,384.03,9.6466,2.0217,25,5,4–8 wk,rank drift (score > 0),32.0,23.4603,False,False,,,
VRT,2026-02-09,2026-05-26,196.65,340.91,21.3206,2.9564,73,15,9+ wk,rank drift (score > 0),37.0,19.0649,False,True,2026-06-22,338.8,-0.0342
TWLO,2026-05-18,2026-05-26,197.0,188.0,-4.7592,-0.3809,5,1,1 wk,sector cap displacement,16.0,50.0591,True,True,2026-06-08,225.63,1.5043
UNH,2026-05-18,2026-05-26,385.41,381.46,-1.2226,-0.1839,5,1,1 wk,rank drift (score > 0),25.0,30.6762,True,True,2026-06-08,392.46,0.4473
MRVL,2026-03-23,2026-05-26,89.39,211.19,77.0017,5.7269,44,9,9+ wk,sector cap displacement,8.0,65.3457,False,True,2026-06-08,288.62,3.1142
HAL,2026-01-05,2026-06-01,31.56,38.99,4.5193,2.679,101,20,9+ wk,score <= 0,,-3.6752,False,False,,,
BKR,2026-05-26,2026-06-01,65.82,63.38,-3.8995,-0.5961,4,1,1 wk,score <= 0,,-9.6745,True,False,,,
SLB,2026-05-18,2026-06-01,54.58,54.47,-0.5561,-0.0835,9,2,2–3 wk,rank drift (score > 0),47.0,5.2162,True,True,2026-06-08,55.29,0.2509
AMD,2026-05-26,2026-06-01,484.74,500.16,2.9749,0.2162,4,1,1 wk,sector cap displacement,6.0,65.4299,False,False,2026-07-06,535.35,
MU,2026-04-27,2026-06-08,510.48,938.12,80.6226,4.7872,29,6,4–8 wk,sector cap displacement,5.0,59.188,False,True,2026-06-22,1196.03,2.4065
ASTS,2026-06-01,2026-06-08,108.67,97.13,-10.7979,-0.7179,5,1,1 wk,rank drift (score > 0),38.0,6.1727,True,False,,,
IREN,2026-05-26,2026-06-08,59.68,56.6,-6.2495,-0.4363,9,2,2–3 wk,rank drift (score > 0),32.0,14.55,True,True,2026-06-15,62.32,0.7422
ALAB,2026-05-26,2026-06-08,315.0,330.5,3.6504,0.2796,9,2,2–3 wk,sector cap displacement,6.0,58.2303,False,True,2026-06-15,382.5,1.3915
AFRM,2026-06-01,2026-06-08,73.97,64.01,-13.6378,-1.7618,5,1,1 wk,rank drift (score > 0),41.0,1.9168,True,True,2026-06-22,74.02,1.9257
AMZN,2026-05-26,2026-06-08,267.94,246.68,-7.9638,-2.0639,9,2,2–3 wk,score <= 0,,-19.5752,True,False,2026-08-10,274.01,
ARM,2026-06-01,2026-06-08,389.95,354.0,-9.4005,-0.7372,5,1,1 wk,sector cap displacement,7.0,58.0078,True,True,2026-06-15,390.5,0.8138
APP,2026-06-01,2026-06-15,615.2,509.5,-17.3469,-1.6811,10,2,2–3 wk,score <= 0,,-10.7353,True,False,,,
TWLO,2026-06-08,2026-06-15,225.63,208.0,-7.9979,-0.5811,5,1,1 wk,sector cap displacement,15.0,46.3336,True,False,2026-08-31,234.69,
RKLB,2026-05-11,2026-06-15,105.27,107.96,-5.4255,0.1315,24,5,4–8 wk,rank drift (score > 0),33.0,6.463,False,False,,,
NVTS,2026-05-04,2026-06-15,17.73,25.15,19.6736,1.9811,29,6,4–8 wk,sector cap displacement,12.0,49.6141,False,False,,,
UMAC,2026-06-08,2026-06-15,27.82,25.71,-7.7691,-0.2418,5,1,1 wk,sector cap displacement,11.0,50.3343,True,False,2026-08-17,32.55,
BIIB,2026-06-08,2026-06-22,197.25,199.48,0.9285,0.1424,9,2,2–3 wk,rank drift (score > 0),32.0,15.323,False,True,2026-06-29,215.74,1.2694
IREN,2026-06-15,2026-06-22,62.32,60.68,-2.8261,-0.1401,4,1,1 wk,rank drift (score > 0),25.0,29.9045,True,False,,,
MRK,2026-06-08,2026-06-22,119.28,113.3,-5.2032,-0.989,9,2,2–3 wk,score <= 0,,-19.8165,True,True,2026-06-29,126.9,2.2106
SLB,2026-06-08,2026-06-22,55.29,48.15,-13.0852,-1.9529,9,2,2–3 wk,score <= 0,,-17.867,True,False,2026-07-27,52.03,
FTNT,2026-06-15,2026-06-22,146.32,146.355,-0.1759,-0.0159,4,1,1 wk,sector cap displacement,12.0,52.5566,False,True,2026-06-29,152.974,0.4292
RCL,2026-06-22,2026-06-29,309.39,317.12,2.2937,0.3025,5,1,1 wk,rank drift (score > 0),22.0,22.7765,False,False,2026-08-03,325.76,
VRT,2026-06-22,2026-06-29,338.8,304.58,-10.28,-1.1468,5,1,1 wk,score <= 0,,-4.9447,True,False,,,
ALAB,2026-06-15,2026-06-29,382.5,403.08,3.4108,0.2096,9,2,2–3 wk,sector cap displacement,5.0,58.1624,False,True,2026-07-13,403.51,0.0202
MRVL,2026-06-08,2026-06-29,288.62,272.34,-7.3091,-0.4217,14,3,2–3 wk,sector cap displacement,8.0,56.5372,True,False,,,
ARM,2026-06-15,2026-06-29,390.5,336.25,-15.7195,-0.9033,9,2,2–3 wk,sector cap displacement,15.0,44.8253,True,False,,,
LRCX,2026-06-29,2026-07-06,382.6,364.95,-4.8038,-0.3641,4,1,1 wk,rank drift (score > 0),15.0,37.5943,True,False,,,
MU,2026-06-22,2026-07-06,1196.03,1007.0,-15.973,-0.9411,9,2,2–3 wk,rank drift (score > 0),14.0,37.6621,True,False,,,
MRK,2026-06-29,2026-07-06,126.9,128.55,1.0978,0.1904,4,1,1 wk,rank drift (score > 0),18.0,31.6491,False,False,,,
PANW,2026-06-29,2026-07-13,309.83,325.105,4.7205,0.4832,9,2,2–3 wk,sector cap displacement,8.0,54.418,False,True,2026-07-20,354.72,0.9627
BIIB,2026-06-29,2026-07-13,215.74,199.33,-7.798,-1.1972,9,2,2–3 wk,rank drift (score > 0),36.0,10.3092,True,True,2026-07-20,204.08,0.3664
HOOD,2026-06-15,2026-07-20,98.72,102.49,0.9515,0.0926,23,5,4–8 wk,rank drift (score > 0),30.0,8.9756,False,False,,,
ALAB,2026-07-13,2026-07-20,403.51,309.39,-23.4785,-1.3383,5,1,1 wk,rank drift (score > 0),27.0,9.3992,True,False,,,
RDDT,2026-07-06,2026-07-20,197.96,179.0,-9.8058,-0.781,10,2,2–3 wk,rank drift (score > 0),28.0,9.3703,True,False,,,
AMD,2026-07-06,2026-07-20,535.35,516.995,-3.6501,-0.2618,10,2,2–3 wk,sector cap displacement,16.0,28.3434,True,False,2026-09-14,486.28,
TEM,2026-07-13,2026-07-20,57.64,49.78,-13.8089,-1.0991,5,1,1 wk,rank drift (score > 0),38.0,1.7107,True,False,,,
CVLT,2026-07-06,2026-07-20,149.98,147.27,-2.0517,-0.2544,10,2,2–3 wk,sector cap displacement,6.0,49.9233,True,True,2026-07-27,145.8,-0.1046
AFRM,2026-06-22,2026-07-27,74.02,72.03,-4.8144,-0.0005,24,5,4–8 wk,score <= 0,,-7.4384,True,False,,,
FTNT,2026-06-29,2026-07-27,152.974,157.13,2.244,0.3165,19,4,4–8 wk,sector cap displacement,7.0,39.7989,False,True,2026-08-03,163.305,0.3263
META,2026-07-20,2026-07-27,646.19,606.74,-6.2926,-0.6222,5,1,1 wk,score <= 0,,-19.9397,True,False,,,
HIMS,2026-06-22,2026-07-27,34.63,28.73,-17.2065,-1.031,24,5,4–8 wk,score <= 0,,-13.3019,True,False,,,
BIIB,2026-07-20,2026-08-03,204.08,203.34,-0.5617,-0.0653,10,2,2–3 wk,rank drift (score > 0),21.0,27.544,True,True,2026-08-10,206.7,0.1672
AAPL,2026-07-20,2026-08-03,333.22,309.31,-7.3609,-0.9245,10,2,2–3 wk,rank drift (score > 0),30.0,17.4535,True,False,,,
UNH,2026-06-08,2026-08-03,392.46,414.88,2.8681,1.2194,38,8,4–8 wk,rank drift (score > 0),17.0,32.3819,False,False,,,
CVLT,2026-07-27,2026-08-03,145.8,119.7,-18.0653,-1.5093,5,1,1 wk,rank drift (score > 0),35.0,8.3585,True,False,,,
SLB,2026-07-27,2026-08-03,52.03,48.77,-6.4529,-0.6147,5,1,1 wk,rank drift (score > 0),37.0,3.2152,True,True,2026-08-31,57.88,1.7304
FTNT,2026-08-03,2026-08-10,163.305,159.9,-2.2807,-0.1794,5,1,1 wk,sector cap displacement,15.0,37.6144,True,False,,,
LMT,2026-07-27,2026-08-10,578.3,588.13,1.454,0.1852,10,2,2–3 wk,rank drift (score > 0),23.0,32.4535,False,True,2026-08-17,601.78,0.3283
RCL,2026-08-03,2026-08-10,325.76,313.14,-4.0661,-0.3844,5,1,1 wk,rank drift (score > 0),21.0,33.4113,True,False,,,
MCK,2026-07-27,2026-08-10,840.98,872.11,3.335,0.4473,10,2,2–3 wk,rank drift (score > 0),24.0,29.3414,False,False,,,
GTLB,2026-08-03,2026-08-10,35.62,38.476,7.8021,0.5287,5,1,1 wk,sector cap displacement,8.0,48.3874,False,False,,,
SNOW,2026-07-20,2026-08-17,267.12,327.77,19.8047,0.9511,20,4,4–8 wk,sector cap displacement,8.0,51.9231,False,True,2026-09-08,333.59,0.1109
AMZN,2026-08-10,2026-08-17,274.01,265.44,-3.3212,-0.3735,5,1,1 wk,rank drift (score > 0),54.0,3.9367,True,False,,,
PANW,2026-07-20,2026-08-17,354.72,383.25,8.2874,0.6433,20,4,4–8 wk,sector cap displacement,6.0,54.8152,False,False,,,
LMT,2026-08-17,2026-08-24,601.78,560.04,-7.122,-1.0364,5,1,1 wk,rank drift (score > 0),47.0,3.4414,True,False,,,
UMAC,2026-08-17,2026-08-24,32.55,26.6,-18.4428,-0.5107,5,1,1 wk,sector cap displacement,12.0,46.7257,True,False,,,
BIIB,2026-08-10,2026-08-31,206.7,216.47,4.4589,0.5875,15,3,2–3 wk,rank drift (score > 0),22.0,34.9862,False,True,2026-09-08,215.45,-0.0343
U,2026-08-10,2026-08-31,42.74,43.46,1.1645,0.1161,15,3,2–3 wk,sector cap displacement,14.0,46.2456,False,False,,,
REGN,2026-08-03,2026-08-31,768.64,782.44,-0.0927,-0.0063,20,4,4–8 wk,rank drift (score > 0),30.0,22.6559,False,True,2026-09-08,814.36,0.6864
DASH,2026-08-03,2026-09-08,200.45,208.94,1.1122,0.1321,25,5,4–8 wk,rank drift (score > 0),37.0,12.6546,False,False,,,
SHOP,2026-08-10,2026-09-08,150.44,141.705,-5.9919,-0.591,20,4,4–8 wk,rank drift (score > 0),31.0,19.2559,True,False,,,
TWLO,2026-08-31,2026-09-08,234.69,229.03,-2.6067,-0.1994,5,1,1 wk,sector cap displacement,11.0,49.3778,True,False,,,
REGN,2026-09-08,2026-09-14,814.36,791.98,-2.9425,-0.4814,4,1,1 wk,rank drift (score > 0),26.0,20.8245,True,False,,,
SNOW,2026-09-08,2026-09-14,333.59,329.0,-1.573,-0.1507,4,1,1 wk,sector cap displacement,8.0,46.6403,True,False,,,
SLB,2026-08-31,2026-09-21,57.88,51.12,-11.5667,-1.5626,14,3,2–3 wk,score <= 0,,-16.0219,True,False,,,
VEEV,2026-08-24,2026-09-21,247.06,260.0,4.3889,0.6286,19,4,4–8 wk,sector cap displacement,22.0,35.8346,False,False,,,
BIIB,2026-09-08,2026-09-21,215.45,216.14,0.0062,0.0008,9,2,2–3 wk,rank drift (score > 0),30.0,23.1687,False,False,,,
AMD,2026-09-14,2026-09-21,486.28,583.88,19.8308,1.5115,5,1,1 wk,sector cap displacement,7.0,54.4545,False,False,,,
